[0.000000] (-) TimerEvent: {}
[0.001361] (-) JobUnselected: {'identifier': 'micro_ros_setup'}
[0.001588] (-) JobUnselected: {'identifier': 'microxrcedds_agent'}
[0.001879] (-) JobUnselected: {'identifier': 'uav_autonomy'}
[0.002032] (-) JobUnselected: {'identifier': 'uav_interfaces'}
[0.002127] (-) JobUnselected: {'identifier': 'uav_vision'}
[0.002213] (micro_ros_msgs) JobQueued: {'identifier': 'micro_ros_msgs', 'dependencies': OrderedDict()}
[0.002345] (micro_ros_agent) JobQueued: {'identifier': 'micro_ros_agent', 'dependencies': OrderedDict([('micro_ros_msgs', '/home/ubuntu/uav_landing_sim_wg/install/micro_ros_msgs')])}
[0.002475] (micro_ros_msgs) JobStarted: {'identifier': 'micro_ros_msgs'}
[0.050359] (micro_ros_msgs) JobProgress: {'identifier': 'micro_ros_msgs', 'progress': 'cmake'}
[0.052610] (micro_ros_msgs) Command: {'cmd': ['/usr/bin/cmake', '/home/ubuntu/uav_landing_sim_wg/src/uros/micro_ros_msgs', '-DUAGENT_BUILD_EXECUTABLE=OFF', '-DUAGENT_P2P_PROFILE=OFF', '--no-warn-unused-cli', '-DCMAKE_INSTALL_PREFIX=/home/ubuntu/uav_landing_sim_wg/install/micro_ros_msgs'], 'cwd': '/home/ubuntu/uav_landing_sim_wg/build/micro_ros_msgs', 'env': OrderedDict([('LESSOPEN', '| /usr/bin/lesspipe %s'), ('USER', 'ubuntu'), ('SSH_CLIENT', '192.168.0.114 48056 22'), ('XDG_SESSION_TYPE', 'tty'), ('SHLVL', '2'), ('LD_LIBRARY_PATH', '/home/ubuntu/uav_landing_sim_wg/install/microxrcedds_agent/lib:/home/ubuntu/uav_landing_sim_wg/install/micro_ros_agent/lib:/home/ubuntu/uav_landing_sim_wg/install/micro_ros_msgs/lib:/opt/ros/humble/lib/aarch64-linux-gnu:/opt/ros/humble/lib'), ('MOTD_SHOWN', 'pam'), ('HOME', '/home/ubuntu'), ('OLDPWD', '/home/ubuntu'), ('SSH_TTY', '/dev/pts/0'), ('ROS_PYTHON_VERSION', '3'), ('MAKEFLAGS', '-j1'), ('DBUS_SESSION_BUS_ADDRESS', 'unix:path=/run/user/1000/bus'), ('COLCON_PREFIX_PATH', '/home/ubuntu/uav_landing_sim_wg/install'), ('ROS_DISTRO', 'humble'), ('LOGNAME', 'ubuntu'), ('_', '/usr/bin/colcon'), ('ROS_VERSION', '2'), ('XDG_SESSION_CLASS', 'user'), ('TERM', 'xterm-256color'), ('XDG_SESSION_ID', '1'), ('ROS_LOCALHOST_ONLY', '0'), ('PATH', '/home/ubuntu/.local/bin:/home/ubuntu/uav_landing_sim_wg/install/microxrcedds_agent/bin:/opt/ros/humble/bin:/usr/local/sbin:/usr/local/bin:/usr/sbin:/usr/bin:/sbin:/bin:/usr/games:/usr/local/games:/snap/bin:/home/ubuntu/.local/bin'), ('XDG_RUNTIME_DIR', '/run/user/1000'), ('LANG', 'en_US.UTF-8'), ('LS_COLORS', 'rs=0:di=01;34:ln=01;36:mh=00:pi=40;33:so=01;35:do=01;35:bd=40;33;01:cd=40;33;01:or=40;31;01:mi=00:su=37;41:sg=30;43:ca=30;41:tw=30;42:ow=34;42:st=37;44:ex=01;32:*.tar=01;31:*.tgz=01;31:*.arc=01;31:*.arj=01;31:*.taz=01;31:*.lha=01;31:*.lz4=01;31:*.lzh=01;31:*.lzma=01;31:*.tlz=01;31:*.txz=01;31:*.tzo=01;31:*.t7z=01;31:*.zip=01;31:*.z=01;31:*.dz=01;31:*.gz=01;31:*.lrz=01;31:*.lz=01;31:*.lzo=01;31:*.xz=01;31:*.zst=01;31:*.tzst=01;31:*.bz2=01;31:*.bz=01;31:*.tbz=01;31:*.tbz2=01;31:*.tz=01;31:*.deb=01;31:*.rpm=01;31:*.jar=01;31:*.war=01;31:*.ear=01;31:*.sar=01;31:*.rar=01;31:*.alz=01;31:*.ace=01;31:*.zoo=01;31:*.cpio=01;31:*.7z=01;31:*.rz=01;31:*.cab=01;31:*.wim=01;31:*.swm=01;31:*.dwm=01;31:*.esd=01;31:*.jpg=01;35:*.jpeg=01;35:*.mjpg=01;35:*.mjpeg=01;35:*.gif=01;35:*.bmp=01;35:*.pbm=01;35:*.pgm=01;35:*.ppm=01;35:*.tga=01;35:*.xbm=01;35:*.xpm=01;35:*.tif=01;35:*.tiff=01;35:*.png=01;35:*.svg=01;35:*.svgz=01;35:*.mng=01;35:*.pcx=01;35:*.mov=01;35:*.mpg=01;35:*.mpeg=01;35:*.m2v=01;35:*.mkv=01;35:*.webm=01;35:*.webp=01;35:*.ogm=01;35:*.mp4=01;35:*.m4v=01;35:*.mp4v=01;35:*.vob=01;35:*.qt=01;35:*.nuv=01;35:*.wmv=01;35:*.asf=01;35:*.rm=01;35:*.rmvb=01;35:*.flc=01;35:*.avi=01;35:*.fli=01;35:*.flv=01;35:*.gl=01;35:*.dl=01;35:*.xcf=01;35:*.xwd=01;35:*.yuv=01;35:*.cgm=01;35:*.emf=01;35:*.ogv=01;35:*.ogx=01;35:*.aac=00;36:*.au=00;36:*.flac=00;36:*.m4a=00;36:*.mid=00;36:*.midi=00;36:*.mka=00;36:*.mp3=00;36:*.mpc=00;36:*.ogg=00;36:*.ra=00;36:*.wav=00;36:*.oga=00;36:*.opus=00;36:*.spx=00;36:*.xspf=00;36:'), ('AMENT_PREFIX_PATH', '/home/ubuntu/uav_landing_sim_wg/install/uav_vision:/home/ubuntu/uav_landing_sim_wg/install/uav_autonomy:/home/ubuntu/uav_landing_sim_wg/install/uav_interfaces:/home/ubuntu/uav_landing_sim_wg/install/micro_ros_setup:/home/ubuntu/uav_landing_sim_wg/install/micro_ros_msgs:/opt/ros/humble'), ('SHELL', '/bin/bash'), ('LESSCLOSE', '/usr/bin/lesspipe %s %s'), ('PWD', '/home/ubuntu/uav_landing_sim_wg/build/micro_ros_msgs'), ('LC_ALL', 'en_US.UTF-8'), ('SSH_CONNECTION', '192.168.0.114 48056 192.168.0.149 22'), ('XDG_DATA_DIRS', '/usr/local/share:/usr/share:/var/lib/snapd/desktop'), ('PYTHONPATH', '/home/ubuntu/uav_landing_sim_wg/install/micro_ros_msgs/local/lib/python3.10/dist-packages:/opt/ros/humble/lib/python3.10/site-packages:/opt/ros/humble/local/lib/python3.10/dist-packages'), ('COLCON', '1'), ('CMAKE_PREFIX_PATH', '/home/ubuntu/uav_landing_sim_wg/install/uav_vision:/home/ubuntu/uav_landing_sim_wg/install/uav_autonomy:/home/ubuntu/uav_landing_sim_wg/install/uav_interfaces:/home/ubuntu/uav_landing_sim_wg/install/microxrcedds_agent:/home/ubuntu/uav_landing_sim_wg/install/micro_ros_setup:/home/ubuntu/uav_landing_sim_wg/install/micro_ros_agent:/home/ubuntu/uav_landing_sim_wg/install/micro_ros_msgs:/opt/ros/humble')]), 'shell': False}
[0.098018] (-) TimerEvent: {}
[0.199132] (-) TimerEvent: {}
[0.256774] (micro_ros_msgs) StdoutLine: {'line': b'Not searching for unused variables given on the command line.\n'}
[0.299466] (-) TimerEvent: {}
[0.400496] (-) TimerEvent: {}
[0.501580] (-) TimerEvent: {}
[0.602706] (-) TimerEvent: {}
[0.703786] (-) TimerEvent: {}
[0.804646] (-) TimerEvent: {}
[0.905702] (-) TimerEvent: {}
[1.006681] (-) TimerEvent: {}
[1.107868] (-) TimerEvent: {}
[1.151260] (micro_ros_msgs) StdoutLine: {'line': b'-- The C compiler identification is GNU 11.4.0\n'}
[1.208082] (-) TimerEvent: {}
[1.308979] (-) TimerEvent: {}
[1.410238] (-) TimerEvent: {}
[1.511195] (-) TimerEvent: {}
[1.612284] (-) TimerEvent: {}
[1.713345] (-) TimerEvent: {}
[1.814426] (-) TimerEvent: {}
[1.888768] (micro_ros_msgs) StdoutLine: {'line': b'-- The CXX compiler identification is GNU 11.4.0\n'}
[1.914592] (-) TimerEvent: {}
[1.934218] (micro_ros_msgs) StdoutLine: {'line': b'-- Detecting C compiler ABI info\n'}
[2.014852] (-) TimerEvent: {}
[2.115713] (-) TimerEvent: {}
[2.216410] (-) TimerEvent: {}
[2.317160] (-) TimerEvent: {}
[2.318904] (micro_ros_msgs) StdoutLine: {'line': b'-- Detecting C compiler ABI info - done\n'}
[2.343453] (micro_ros_msgs) StdoutLine: {'line': b'-- Check for working C compiler: /usr/bin/cc - skipped\n'}
[2.345500] (micro_ros_msgs) StdoutLine: {'line': b'-- Detecting C compile features\n'}
[2.348104] (micro_ros_msgs) StdoutLine: {'line': b'-- Detecting C compile features - done\n'}
[2.362092] (micro_ros_msgs) StdoutLine: {'line': b'-- Detecting CXX compiler ABI info\n'}
[2.417367] (-) TimerEvent: {}
[2.518176] (-) TimerEvent: {}
[2.619068] (-) TimerEvent: {}
[2.719932] (-) TimerEvent: {}
[2.746202] (micro_ros_msgs) StdoutLine: {'line': b'-- Detecting CXX compiler ABI info - done\n'}
[2.773423] (micro_ros_msgs) StdoutLine: {'line': b'-- Check for working CXX compiler: /usr/bin/c++ - skipped\n'}
[2.774323] (micro_ros_msgs) StdoutLine: {'line': b'-- Detecting CXX compile features\n'}
[2.775956] (micro_ros_msgs) StdoutLine: {'line': b'-- Detecting CXX compile features - done\n'}
[2.816524] (micro_ros_msgs) StdoutLine: {'line': b'-- Found ament_cmake: 1.3.14 (/opt/ros/humble/share/ament_cmake/cmake)\n'}
[2.820069] (-) TimerEvent: {}
[2.920754] (-) TimerEvent: {}
[3.021597] (-) TimerEvent: {}
[3.122656] (-) TimerEvent: {}
[3.223557] (-) TimerEvent: {}
[3.324330] (-) TimerEvent: {}
[3.425036] (-) TimerEvent: {}
[3.525697] (-) TimerEvent: {}
[3.568751] (micro_ros_msgs) StdoutLine: {'line': b'-- Found Python3: /usr/bin/python3 (found version "3.10.12") found components: Interpreter \n'}
[3.625920] (-) TimerEvent: {}
[3.726688] (-) TimerEvent: {}
[3.827303] (-) TimerEvent: {}
[3.928091] (-) TimerEvent: {}
[4.028817] (-) TimerEvent: {}
[4.129531] (-) TimerEvent: {}
[4.202033] (micro_ros_msgs) StdoutLine: {'line': b'-- Found rosidl_default_generators: 1.2.1 (/opt/ros/humble/share/rosidl_default_generators/cmake)\n'}
[4.229705] (-) TimerEvent: {}
[4.235113] (micro_ros_msgs) StdoutLine: {'line': b'-- Using all available rosidl_typesupport_c: rosidl_typesupport_fastrtps_c;rosidl_typesupport_introspection_c\n'}
[4.309538] (micro_ros_msgs) StdoutLine: {'line': b'-- Found rosidl_adapter: 3.1.9 (/opt/ros/humble/share/rosidl_adapter/cmake)\n'}
[4.329890] (-) TimerEvent: {}
[4.430625] (-) TimerEvent: {}
[4.531384] (-) TimerEvent: {}
[4.632063] (-) TimerEvent: {}
[4.673095] (micro_ros_msgs) StdoutLine: {'line': b'-- Using all available rosidl_typesupport_cpp: rosidl_typesupport_fastrtps_cpp;rosidl_typesupport_introspection_cpp\n'}
[4.732271] (-) TimerEvent: {}
[4.832950] (-) TimerEvent: {}
[4.933626] (-) TimerEvent: {}
[4.977037] (micro_ros_msgs) StdoutLine: {'line': b'-- Found ament_lint_auto: 0.12.15 (/opt/ros/humble/share/ament_lint_auto/cmake)\n'}
[5.033775] (-) TimerEvent: {}
[5.134431] (-) TimerEvent: {}
[5.235122] (-) TimerEvent: {}
[5.335877] (-) TimerEvent: {}
[5.436823] (-) TimerEvent: {}
[5.537562] (-) TimerEvent: {}
[5.638232] (-) TimerEvent: {}
[5.738979] (-) TimerEvent: {}
[5.839988] (-) TimerEvent: {}
[5.941001] (-) TimerEvent: {}
[6.041710] (-) TimerEvent: {}
[6.142454] (-) TimerEvent: {}
[6.243340] (-) TimerEvent: {}
[6.344051] (-) TimerEvent: {}
[6.444952] (-) TimerEvent: {}
[6.463402] (micro_ros_msgs) StdoutLine: {'line': b'-- Found ament_cmake_ros: 0.10.1 (/opt/ros/humble/share/ament_cmake_ros/cmake)\n'}
[6.545152] (-) TimerEvent: {}
[6.645933] (-) TimerEvent: {}
[6.746688] (-) TimerEvent: {}
[6.847445] (-) TimerEvent: {}
[6.948357] (-) TimerEvent: {}
[7.049183] (-) TimerEvent: {}
[7.149856] (-) TimerEvent: {}
[7.250602] (-) TimerEvent: {}
[7.349308] (micro_ros_msgs) StdoutLine: {'line': b'-- Using all available rosidl_typesupport_c: rosidl_typesupport_fastrtps_c;rosidl_typesupport_introspection_c\n'}
[7.350729] (-) TimerEvent: {}
[7.451325] (-) TimerEvent: {}
[7.551949] (-) TimerEvent: {}
[7.652704] (-) TimerEvent: {}
[7.753365] (-) TimerEvent: {}
[7.854455] (-) TimerEvent: {}
[7.955128] (-) TimerEvent: {}
[8.055930] (-) TimerEvent: {}
[8.156935] (-) TimerEvent: {}
[8.257666] (-) TimerEvent: {}
[8.358444] (-) TimerEvent: {}
[8.448867] (micro_ros_msgs) StdoutLine: {'line': b'-- Using all available rosidl_typesupport_cpp: rosidl_typesupport_fastrtps_cpp;rosidl_typesupport_introspection_cpp\n'}
[8.458618] (-) TimerEvent: {}
[8.559388] (-) TimerEvent: {}
[8.560035] (micro_ros_msgs) StdoutLine: {'line': b'-- Found PythonInterp: /usr/bin/python3 (found suitable version "3.10.12", minimum required is "3.6") \n'}
[8.581604] (micro_ros_msgs) StdoutLine: {'line': b'-- Found python_cmake_module: 0.10.0 (/opt/ros/humble/share/python_cmake_module/cmake)\n'}
[8.659522] (-) TimerEvent: {}
[8.715560] (micro_ros_msgs) StdoutLine: {'line': b'-- Found PythonLibs: /usr/lib/aarch64-linux-gnu/libpython3.10.so (found suitable version "3.10.12", minimum required is "3.5") \n'}
[8.716461] (micro_ros_msgs) StdoutLine: {'line': b'-- Using PYTHON_EXECUTABLE: /usr/bin/python3\n'}
[8.716976] (micro_ros_msgs) StdoutLine: {'line': b'-- Using PYTHON_INCLUDE_DIRS: /usr/include/python3.10\n'}
[8.717490] (micro_ros_msgs) StdoutLine: {'line': b'-- Using PYTHON_LIBRARIES: /usr/lib/aarch64-linux-gnu/libpython3.10.so\n'}
[8.759703] (-) TimerEvent: {}
[8.819606] (micro_ros_msgs) StdoutLine: {'line': b'-- Found PythonExtra: .so  \n'}
[8.859918] (-) TimerEvent: {}
[8.960644] (-) TimerEvent: {}
[9.061301] (-) TimerEvent: {}
[9.162060] (-) TimerEvent: {}
[9.262868] (-) TimerEvent: {}
[9.270525] (micro_ros_msgs) StdoutLine: {'line': b"-- Added test 'copyright' to check source files copyright and LICENSE\n"}
[9.363030] (-) TimerEvent: {}
[9.391279] (micro_ros_msgs) StdoutLine: {'line': b"-- Added test 'lint_cmake' to check CMake code style\n"}
[9.454455] (micro_ros_msgs) StdoutLine: {'line': b"-- Added test 'xmllint' to check XML markup files\n"}
[9.463197] (-) TimerEvent: {}
[9.502425] (micro_ros_msgs) StdoutLine: {'line': b'-- Configuring done\n'}
[9.563379] (-) TimerEvent: {}
[9.664044] (-) TimerEvent: {}
[9.678983] (micro_ros_msgs) StdoutLine: {'line': b'-- Generating done\n'}
[9.723651] (micro_ros_msgs) StdoutLine: {'line': b'-- Build files have been written to: /home/ubuntu/uav_landing_sim_wg/build/micro_ros_msgs\n'}
[9.745822] (micro_ros_msgs) CommandEnded: {'returncode': 0}
[9.747584] (micro_ros_msgs) JobProgress: {'identifier': 'micro_ros_msgs', 'progress': 'build'}
[9.749831] (micro_ros_msgs) Command: {'cmd': ['/usr/bin/cmake', '--build', '/home/ubuntu/uav_landing_sim_wg/build/micro_ros_msgs'], 'cwd': '/home/ubuntu/uav_landing_sim_wg/build/micro_ros_msgs', 'env': OrderedDict([('LESSOPEN', '| /usr/bin/lesspipe %s'), ('USER', 'ubuntu'), ('SSH_CLIENT', '192.168.0.114 48056 22'), ('XDG_SESSION_TYPE', 'tty'), ('SHLVL', '2'), ('LD_LIBRARY_PATH', '/home/ubuntu/uav_landing_sim_wg/install/microxrcedds_agent/lib:/home/ubuntu/uav_landing_sim_wg/install/micro_ros_agent/lib:/home/ubuntu/uav_landing_sim_wg/install/micro_ros_msgs/lib:/opt/ros/humble/lib/aarch64-linux-gnu:/opt/ros/humble/lib'), ('MOTD_SHOWN', 'pam'), ('HOME', '/home/ubuntu'), ('OLDPWD', '/home/ubuntu'), ('SSH_TTY', '/dev/pts/0'), ('ROS_PYTHON_VERSION', '3'), ('MAKEFLAGS', '-j1'), ('DBUS_SESSION_BUS_ADDRESS', 'unix:path=/run/user/1000/bus'), ('COLCON_PREFIX_PATH', '/home/ubuntu/uav_landing_sim_wg/install'), ('ROS_DISTRO', 'humble'), ('LOGNAME', 'ubuntu'), ('_', '/usr/bin/colcon'), ('ROS_VERSION', '2'), ('XDG_SESSION_CLASS', 'user'), ('TERM', 'xterm-256color'), ('XDG_SESSION_ID', '1'), ('ROS_LOCALHOST_ONLY', '0'), ('PATH', '/home/ubuntu/.local/bin:/home/ubuntu/uav_landing_sim_wg/install/microxrcedds_agent/bin:/opt/ros/humble/bin:/usr/local/sbin:/usr/local/bin:/usr/sbin:/usr/bin:/sbin:/bin:/usr/games:/usr/local/games:/snap/bin:/home/ubuntu/.local/bin'), ('XDG_RUNTIME_DIR', '/run/user/1000'), ('LANG', 'en_US.UTF-8'), ('LS_COLORS', 'rs=0:di=01;34:ln=01;36:mh=00:pi=40;33:so=01;35:do=01;35:bd=40;33;01:cd=40;33;01:or=40;31;01:mi=00:su=37;41:sg=30;43:ca=30;41:tw=30;42:ow=34;42:st=37;44:ex=01;32:*.tar=01;31:*.tgz=01;31:*.arc=01;31:*.arj=01;31:*.taz=01;31:*.lha=01;31:*.lz4=01;31:*.lzh=01;31:*.lzma=01;31:*.tlz=01;31:*.txz=01;31:*.tzo=01;31:*.t7z=01;31:*.zip=01;31:*.z=01;31:*.dz=01;31:*.gz=01;31:*.lrz=01;31:*.lz=01;31:*.lzo=01;31:*.xz=01;31:*.zst=01;31:*.tzst=01;31:*.bz2=01;31:*.bz=01;31:*.tbz=01;31:*.tbz2=01;31:*.tz=01;31:*.deb=01;31:*.rpm=01;31:*.jar=01;31:*.war=01;31:*.ear=01;31:*.sar=01;31:*.rar=01;31:*.alz=01;31:*.ace=01;31:*.zoo=01;31:*.cpio=01;31:*.7z=01;31:*.rz=01;31:*.cab=01;31:*.wim=01;31:*.swm=01;31:*.dwm=01;31:*.esd=01;31:*.jpg=01;35:*.jpeg=01;35:*.mjpg=01;35:*.mjpeg=01;35:*.gif=01;35:*.bmp=01;35:*.pbm=01;35:*.pgm=01;35:*.ppm=01;35:*.tga=01;35:*.xbm=01;35:*.xpm=01;35:*.tif=01;35:*.tiff=01;35:*.png=01;35:*.svg=01;35:*.svgz=01;35:*.mng=01;35:*.pcx=01;35:*.mov=01;35:*.mpg=01;35:*.mpeg=01;35:*.m2v=01;35:*.mkv=01;35:*.webm=01;35:*.webp=01;35:*.ogm=01;35:*.mp4=01;35:*.m4v=01;35:*.mp4v=01;35:*.vob=01;35:*.qt=01;35:*.nuv=01;35:*.wmv=01;35:*.asf=01;35:*.rm=01;35:*.rmvb=01;35:*.flc=01;35:*.avi=01;35:*.fli=01;35:*.flv=01;35:*.gl=01;35:*.dl=01;35:*.xcf=01;35:*.xwd=01;35:*.yuv=01;35:*.cgm=01;35:*.emf=01;35:*.ogv=01;35:*.ogx=01;35:*.aac=00;36:*.au=00;36:*.flac=00;36:*.m4a=00;36:*.mid=00;36:*.midi=00;36:*.mka=00;36:*.mp3=00;36:*.mpc=00;36:*.ogg=00;36:*.ra=00;36:*.wav=00;36:*.oga=00;36:*.opus=00;36:*.spx=00;36:*.xspf=00;36:'), ('AMENT_PREFIX_PATH', '/home/ubuntu/uav_landing_sim_wg/install/uav_vision:/home/ubuntu/uav_landing_sim_wg/install/uav_autonomy:/home/ubuntu/uav_landing_sim_wg/install/uav_interfaces:/home/ubuntu/uav_landing_sim_wg/install/micro_ros_setup:/home/ubuntu/uav_landing_sim_wg/install/micro_ros_msgs:/opt/ros/humble'), ('SHELL', '/bin/bash'), ('LESSCLOSE', '/usr/bin/lesspipe %s %s'), ('PWD', '/home/ubuntu/uav_landing_sim_wg/build/micro_ros_msgs'), ('LC_ALL', 'en_US.UTF-8'), ('SSH_CONNECTION', '192.168.0.114 48056 192.168.0.149 22'), ('XDG_DATA_DIRS', '/usr/local/share:/usr/share:/var/lib/snapd/desktop'), ('PYTHONPATH', '/home/ubuntu/uav_landing_sim_wg/install/micro_ros_msgs/local/lib/python3.10/dist-packages:/opt/ros/humble/lib/python3.10/site-packages:/opt/ros/humble/local/lib/python3.10/dist-packages'), ('COLCON', '1'), ('CMAKE_PREFIX_PATH', '/home/ubuntu/uav_landing_sim_wg/install/uav_vision:/home/ubuntu/uav_landing_sim_wg/install/uav_autonomy:/home/ubuntu/uav_landing_sim_wg/install/uav_interfaces:/home/ubuntu/uav_landing_sim_wg/install/microxrcedds_agent:/home/ubuntu/uav_landing_sim_wg/install/micro_ros_setup:/home/ubuntu/uav_landing_sim_wg/install/micro_ros_agent:/home/ubuntu/uav_landing_sim_wg/install/micro_ros_msgs:/opt/ros/humble')]), 'shell': False}
[9.764398] (-) TimerEvent: {}
[9.865254] (-) TimerEvent: {}
[9.966148] (micro_ros_msgs) StdoutLine: {'line': b'[  2%] \x1b[34m\x1b[1mGenerating Rust code for ROS interfaces\x1b[0m\n'}
[9.966823] (-) TimerEvent: {}
[10.067570] (-) TimerEvent: {}
[10.168300] (-) TimerEvent: {}
[10.268972] (-) TimerEvent: {}
[10.369723] (-) TimerEvent: {}
[10.470414] (-) TimerEvent: {}
[10.571082] (-) TimerEvent: {}
[10.671758] (-) TimerEvent: {}
[10.772466] (-) TimerEvent: {}
[10.873141] (-) TimerEvent: {}
[10.973798] (-) TimerEvent: {}
[11.074739] (-) TimerEvent: {}
[11.146622] (micro_ros_msgs) StdoutLine: {'line': b'[  2%] Built target micro_ros_msgs__rs\n'}
[11.174942] (-) TimerEvent: {}
[11.233825] (micro_ros_msgs) StdoutLine: {'line': b'[  4%] \x1b[34m\x1b[1mGenerating C++ code for ROS interfaces\x1b[0m\n'}
[11.275126] (-) TimerEvent: {}
[11.375850] (-) TimerEvent: {}
[11.476723] (-) TimerEvent: {}
[11.577560] (-) TimerEvent: {}
[11.678202] (-) TimerEvent: {}
[11.778867] (-) TimerEvent: {}
[11.879513] (-) TimerEvent: {}
[11.980168] (-) TimerEvent: {}
[12.080807] (-) TimerEvent: {}
[12.181411] (-) TimerEvent: {}
[12.282038] (-) TimerEvent: {}
[12.382656] (-) TimerEvent: {}
[12.483310] (-) TimerEvent: {}
[12.584157] (-) TimerEvent: {}
[12.674065] (micro_ros_msgs) StdoutLine: {'line': b'[  4%] Built target micro_ros_msgs__cpp\n'}
[12.684369] (-) TimerEvent: {}
[12.716706] (micro_ros_msgs) StdoutLine: {'line': b'[  6%] \x1b[34m\x1b[1mGenerating C++ type support dispatch for ROS interfaces\x1b[0m\n'}
[12.784562] (-) TimerEvent: {}
[12.885645] (-) TimerEvent: {}
[12.986321] (-) TimerEvent: {}
[13.086997] (-) TimerEvent: {}
[13.187662] (-) TimerEvent: {}
[13.288357] (-) TimerEvent: {}
[13.389017] (-) TimerEvent: {}
[13.489666] (-) TimerEvent: {}
[13.590318] (-) TimerEvent: {}
[13.690935] (-) TimerEvent: {}
[13.791871] (-) TimerEvent: {}
[13.892927] (-) TimerEvent: {}
[13.943988] (micro_ros_msgs) StdoutLine: {'line': b'[  8%] \x1b[32mBuilding CXX object CMakeFiles/micro_ros_msgs__rosidl_typesupport_cpp.dir/rosidl_typesupport_cpp/micro_ros_msgs/msg/graph__type_support.cpp.o\x1b[0m\n'}
[13.993153] (-) TimerEvent: {}
[14.094042] (-) TimerEvent: {}
[14.194822] (-) TimerEvent: {}
[14.295548] (-) TimerEvent: {}
[14.396308] (-) TimerEvent: {}
[14.497042] (-) TimerEvent: {}
[14.597840] (-) TimerEvent: {}
[14.698688] (-) TimerEvent: {}
[14.799529] (-) TimerEvent: {}
[14.900334] (-) TimerEvent: {}
[15.001084] (-) TimerEvent: {}
[15.101869] (-) TimerEvent: {}
[15.202610] (-) TimerEvent: {}
[15.303467] (-) TimerEvent: {}
[15.319918] (micro_ros_msgs) StdoutLine: {'line': b'[ 10%] \x1b[32mBuilding CXX object CMakeFiles/micro_ros_msgs__rosidl_typesupport_cpp.dir/rosidl_typesupport_cpp/micro_ros_msgs/msg/node__type_support.cpp.o\x1b[0m\n'}
[15.403675] (-) TimerEvent: {}
[15.504483] (-) TimerEvent: {}
[15.605178] (-) TimerEvent: {}
[15.705895] (-) TimerEvent: {}
[15.806599] (-) TimerEvent: {}
[15.907420] (-) TimerEvent: {}
[16.008185] (-) TimerEvent: {}
[16.109062] (-) TimerEvent: {}
[16.209816] (-) TimerEvent: {}
[16.310630] (-) TimerEvent: {}
[16.411469] (-) TimerEvent: {}
[16.433834] (micro_ros_msgs) StdoutLine: {'line': b'[ 12%] \x1b[32mBuilding CXX object CMakeFiles/micro_ros_msgs__rosidl_typesupport_cpp.dir/rosidl_typesupport_cpp/micro_ros_msgs/msg/entity__type_support.cpp.o\x1b[0m\n'}
[16.511688] (-) TimerEvent: {}
[16.612439] (-) TimerEvent: {}
[16.713152] (-) TimerEvent: {}
[16.813861] (-) TimerEvent: {}
[16.914608] (-) TimerEvent: {}
[17.015343] (-) TimerEvent: {}
[17.116174] (-) TimerEvent: {}
[17.216997] (-) TimerEvent: {}
[17.317857] (-) TimerEvent: {}
[17.418616] (-) TimerEvent: {}
[17.519379] (-) TimerEvent: {}
[17.543039] (micro_ros_msgs) StdoutLine: {'line': b'[ 14%] \x1b[32m\x1b[1mLinking CXX shared library libmicro_ros_msgs__rosidl_typesupport_cpp.so\x1b[0m\n'}
[17.619768] (-) TimerEvent: {}
[17.717904] (micro_ros_msgs) StdoutLine: {'line': b'[ 14%] Built target micro_ros_msgs__rosidl_typesupport_cpp\n'}
[17.719978] (-) TimerEvent: {}
[17.763379] (micro_ros_msgs) StdoutLine: {'line': b'[ 16%] \x1b[34m\x1b[1mGenerating C code for ROS interfaces\x1b[0m\n'}
[17.820117] (-) TimerEvent: {}
[17.920986] (-) TimerEvent: {}
[18.021681] (-) TimerEvent: {}
[18.122318] (-) TimerEvent: {}
[18.222951] (-) TimerEvent: {}
[18.323604] (-) TimerEvent: {}
[18.424283] (-) TimerEvent: {}
[18.524922] (-) TimerEvent: {}
[18.625520] (-) TimerEvent: {}
[18.726139] (-) TimerEvent: {}
[18.826769] (-) TimerEvent: {}
[18.927509] (-) TimerEvent: {}
[19.028194] (-) TimerEvent: {}
[19.129051] (-) TimerEvent: {}
[19.230440] (-) TimerEvent: {}
[19.326962] (micro_ros_msgs) StdoutLine: {'line': b'[ 18%] \x1b[32mBuilding C object CMakeFiles/micro_ros_msgs__rosidl_generator_c.dir/rosidl_generator_c/micro_ros_msgs/msg/detail/graph__functions.c.o\x1b[0m\n'}
[19.330618] (-) TimerEvent: {}
[19.431333] (-) TimerEvent: {}
[19.532182] (-) TimerEvent: {}
[19.607424] (micro_ros_msgs) StdoutLine: {'line': b'[ 20%] \x1b[32mBuilding C object CMakeFiles/micro_ros_msgs__rosidl_generator_c.dir/rosidl_generator_c/micro_ros_msgs/msg/detail/node__functions.c.o\x1b[0m\n'}
[19.632434] (-) TimerEvent: {}
[19.733238] (-) TimerEvent: {}
[19.834013] (-) TimerEvent: {}
[19.837099] (micro_ros_msgs) StdoutLine: {'line': b'[ 22%] \x1b[32mBuilding C object CMakeFiles/micro_ros_msgs__rosidl_generator_c.dir/rosidl_generator_c/micro_ros_msgs/msg/detail/entity__functions.c.o\x1b[0m\n'}
[19.934203] (-) TimerEvent: {}
[20.034944] (-) TimerEvent: {}
[20.065250] (micro_ros_msgs) StdoutLine: {'line': b'[ 25%] \x1b[32m\x1b[1mLinking C shared library libmicro_ros_msgs__rosidl_generator_c.so\x1b[0m\n'}
[20.135204] (-) TimerEvent: {}
[20.232910] (micro_ros_msgs) StdoutLine: {'line': b'[ 25%] Built target micro_ros_msgs__rosidl_generator_c\n'}
[20.235376] (-) TimerEvent: {}
[20.279827] (micro_ros_msgs) StdoutLine: {'line': b'[ 27%] \x1b[34m\x1b[1mGenerating C introspection for ROS interfaces\x1b[0m\n'}
[20.335588] (-) TimerEvent: {}
[20.436310] (-) TimerEvent: {}
[20.536990] (-) TimerEvent: {}
[20.637756] (-) TimerEvent: {}
[20.738422] (-) TimerEvent: {}
[20.839125] (-) TimerEvent: {}
[20.939757] (-) TimerEvent: {}
[21.040412] (-) TimerEvent: {}
[21.141042] (-) TimerEvent: {}
[21.241688] (-) TimerEvent: {}
[21.342280] (-) TimerEvent: {}
[21.442934] (-) TimerEvent: {}
[21.543606] (-) TimerEvent: {}
[21.644372] (-) TimerEvent: {}
[21.648033] (micro_ros_msgs) StdoutLine: {'line': b'[ 29%] \x1b[32mBuilding C object CMakeFiles/micro_ros_msgs__rosidl_typesupport_introspection_c.dir/rosidl_typesupport_introspection_c/micro_ros_msgs/msg/detail/graph__type_support.c.o\x1b[0m\n'}
[21.744698] (-) TimerEvent: {}
[21.845803] (-) TimerEvent: {}
[21.935002] (micro_ros_msgs) StdoutLine: {'line': b'[ 31%] \x1b[32mBuilding C object CMakeFiles/micro_ros_msgs__rosidl_typesupport_introspection_c.dir/rosidl_typesupport_introspection_c/micro_ros_msgs/msg/detail/node__type_support.c.o\x1b[0m\n'}
[21.946015] (-) TimerEvent: {}
[22.046813] (-) TimerEvent: {}
[22.132467] (micro_ros_msgs) StdoutLine: {'line': b'[ 33%] \x1b[32mBuilding C object CMakeFiles/micro_ros_msgs__rosidl_typesupport_introspection_c.dir/rosidl_typesupport_introspection_c/micro_ros_msgs/msg/detail/entity__type_support.c.o\x1b[0m\n'}
[22.147016] (-) TimerEvent: {}
[22.247907] (-) TimerEvent: {}
[22.315223] (micro_ros_msgs) StdoutLine: {'line': b'[ 35%] \x1b[32m\x1b[1mLinking C shared library libmicro_ros_msgs__rosidl_typesupport_introspection_c.so\x1b[0m\n'}
[22.348102] (-) TimerEvent: {}
[22.448948] (-) TimerEvent: {}
[22.452113] (micro_ros_msgs) StdoutLine: {'line': b'[ 35%] Built target micro_ros_msgs__rosidl_typesupport_introspection_c\n'}
[22.498132] (micro_ros_msgs) StdoutLine: {'line': b'[ 37%] \x1b[34m\x1b[1mGenerating C type support for eProsima Fast-RTPS\x1b[0m\n'}
[22.549101] (-) TimerEvent: {}
[22.649834] (-) TimerEvent: {}
[22.750518] (-) TimerEvent: {}
[22.851177] (-) TimerEvent: {}
[22.951898] (-) TimerEvent: {}
[23.052969] (-) TimerEvent: {}
[23.153640] (-) TimerEvent: {}
[23.254314] (-) TimerEvent: {}
[23.354990] (-) TimerEvent: {}
[23.455676] (-) TimerEvent: {}
[23.556334] (-) TimerEvent: {}
[23.656973] (-) TimerEvent: {}
[23.757756] (-) TimerEvent: {}
[23.858699] (-) TimerEvent: {}
[23.884120] (micro_ros_msgs) StdoutLine: {'line': b'[ 39%] \x1b[32mBuilding CXX object CMakeFiles/micro_ros_msgs__rosidl_typesupport_fastrtps_c.dir/rosidl_typesupport_fastrtps_c/micro_ros_msgs/msg/detail/graph__type_support_c.cpp.o\x1b[0m\n'}
[23.958901] (-) TimerEvent: {}
[24.059696] (-) TimerEvent: {}
[24.160466] (-) TimerEvent: {}
[24.261204] (-) TimerEvent: {}
[24.361999] (-) TimerEvent: {}
[24.462802] (-) TimerEvent: {}
[24.563614] (-) TimerEvent: {}
[24.664405] (-) TimerEvent: {}
[24.765196] (-) TimerEvent: {}
[24.865956] (-) TimerEvent: {}
[24.966732] (-) TimerEvent: {}
[25.067436] (-) TimerEvent: {}
[25.168169] (-) TimerEvent: {}
[25.268971] (-) TimerEvent: {}
[25.369805] (-) TimerEvent: {}
[25.388679] (micro_ros_msgs) StdoutLine: {'line': b'[ 41%] \x1b[32mBuilding CXX object CMakeFiles/micro_ros_msgs__rosidl_typesupport_fastrtps_c.dir/rosidl_typesupport_fastrtps_c/micro_ros_msgs/msg/detail/node__type_support_c.cpp.o\x1b[0m\n'}
[25.469993] (-) TimerEvent: {}
[25.570687] (-) TimerEvent: {}
[25.671608] (-) TimerEvent: {}
[25.772424] (-) TimerEvent: {}
[25.873191] (-) TimerEvent: {}
[25.974006] (-) TimerEvent: {}
[26.074753] (-) TimerEvent: {}
[26.175524] (-) TimerEvent: {}
[26.276289] (-) TimerEvent: {}
[26.377019] (-) TimerEvent: {}
[26.477760] (-) TimerEvent: {}
[26.578597] (-) TimerEvent: {}
[26.679390] (-) TimerEvent: {}
[26.780116] (-) TimerEvent: {}
[26.818265] (micro_ros_msgs) StdoutLine: {'line': b'[ 43%] \x1b[32mBuilding CXX object CMakeFiles/micro_ros_msgs__rosidl_typesupport_fastrtps_c.dir/rosidl_typesupport_fastrtps_c/micro_ros_msgs/msg/detail/entity__type_support_c.cpp.o\x1b[0m\n'}
[26.880345] (-) TimerEvent: {}
[26.981030] (-) TimerEvent: {}
[27.081735] (-) TimerEvent: {}
[27.182457] (-) TimerEvent: {}
[27.283207] (-) TimerEvent: {}
[27.384081] (-) TimerEvent: {}
[27.484932] (-) TimerEvent: {}
[27.585695] (-) TimerEvent: {}
[27.686431] (-) TimerEvent: {}
[27.787201] (-) TimerEvent: {}
[27.887949] (-) TimerEvent: {}
[27.988712] (-) TimerEvent: {}
[28.089651] (-) TimerEvent: {}
[28.190452] (-) TimerEvent: {}
[28.240375] (micro_ros_msgs) StdoutLine: {'line': b'[ 45%] \x1b[32m\x1b[1mLinking CXX shared library libmicro_ros_msgs__rosidl_typesupport_fastrtps_c.so\x1b[0m\n'}
[28.290677] (-) TimerEvent: {}
[28.391487] (-) TimerEvent: {}
[28.492344] (-) TimerEvent: {}
[28.565278] (micro_ros_msgs) StdoutLine: {'line': b'[ 45%] Built target micro_ros_msgs__rosidl_typesupport_fastrtps_c\n'}
[28.592568] (-) TimerEvent: {}
[28.610225] (micro_ros_msgs) StdoutLine: {'line': b'[ 47%] \x1b[34m\x1b[1mGenerating C++ introspection for ROS interfaces\x1b[0m\n'}
[28.692717] (-) TimerEvent: {}
[28.793432] (-) TimerEvent: {}
[28.894128] (-) TimerEvent: {}
[28.994723] (-) TimerEvent: {}
[29.095460] (-) TimerEvent: {}
[29.196172] (-) TimerEvent: {}
[29.296855] (-) TimerEvent: {}
[29.397516] (-) TimerEvent: {}
[29.498116] (-) TimerEvent: {}
[29.598753] (-) TimerEvent: {}
[29.699392] (-) TimerEvent: {}
[29.800179] (-) TimerEvent: {}
[29.901170] (-) TimerEvent: {}
[29.928755] (micro_ros_msgs) StdoutLine: {'line': b'[ 50%] \x1b[32mBuilding CXX object CMakeFiles/micro_ros_msgs__rosidl_typesupport_introspection_cpp.dir/rosidl_typesupport_introspection_cpp/micro_ros_msgs/msg/detail/graph__type_support.cpp.o\x1b[0m\n'}
[30.001393] (-) TimerEvent: {}
[30.102073] (-) TimerEvent: {}
[30.202755] (-) TimerEvent: {}
[30.303595] (-) TimerEvent: {}
[30.404415] (-) TimerEvent: {}
[30.505197] (-) TimerEvent: {}
[30.605995] (-) TimerEvent: {}
[30.706715] (-) TimerEvent: {}
[30.807526] (-) TimerEvent: {}
[30.908323] (-) TimerEvent: {}
[31.009090] (-) TimerEvent: {}
[31.109799] (-) TimerEvent: {}
[31.210541] (-) TimerEvent: {}
[31.311353] (-) TimerEvent: {}
[31.412082] (-) TimerEvent: {}
[31.512927] (-) TimerEvent: {}
[31.613665] (-) TimerEvent: {}
[31.714403] (-) TimerEvent: {}
[31.815182] (-) TimerEvent: {}
[31.915922] (-) TimerEvent: {}
[32.016732] (-) TimerEvent: {}
[32.096541] (micro_ros_msgs) StdoutLine: {'line': b'[ 52%] \x1b[32mBuilding CXX object CMakeFiles/micro_ros_msgs__rosidl_typesupport_introspection_cpp.dir/rosidl_typesupport_introspection_cpp/micro_ros_msgs/msg/detail/node__type_support.cpp.o\x1b[0m\n'}
[32.116977] (-) TimerEvent: {}
[32.217844] (-) TimerEvent: {}
[32.318560] (-) TimerEvent: {}
[32.419261] (-) TimerEvent: {}
[32.520032] (-) TimerEvent: {}
[32.620814] (-) TimerEvent: {}
[32.721579] (-) TimerEvent: {}
[32.822352] (-) TimerEvent: {}
[32.923175] (-) TimerEvent: {}
[33.023935] (-) TimerEvent: {}
[33.125061] (-) TimerEvent: {}
[33.225831] (-) TimerEvent: {}
[33.326606] (-) TimerEvent: {}
[33.427412] (-) TimerEvent: {}
[33.528157] (-) TimerEvent: {}
[33.628955] (-) TimerEvent: {}
[33.729720] (-) TimerEvent: {}
[33.830529] (-) TimerEvent: {}
[33.931290] (-) TimerEvent: {}
[34.021973] (micro_ros_msgs) StdoutLine: {'line': b'[ 54%] \x1b[32mBuilding CXX object CMakeFiles/micro_ros_msgs__rosidl_typesupport_introspection_cpp.dir/rosidl_typesupport_introspection_cpp/micro_ros_msgs/msg/detail/entity__type_support.cpp.o\x1b[0m\n'}
[34.031480] (-) TimerEvent: {}
[34.132190] (-) TimerEvent: {}
[34.232937] (-) TimerEvent: {}
[34.333631] (-) TimerEvent: {}
[34.434380] (-) TimerEvent: {}
[34.535212] (-) TimerEvent: {}
[34.635974] (-) TimerEvent: {}
[34.736766] (-) TimerEvent: {}
[34.837490] (-) TimerEvent: {}
[34.938235] (-) TimerEvent: {}
[35.038986] (-) TimerEvent: {}
[35.139721] (-) TimerEvent: {}
[35.240528] (-) TimerEvent: {}
[35.341311] (-) TimerEvent: {}
[35.442085] (-) TimerEvent: {}
[35.542838] (-) TimerEvent: {}
[35.643711] (-) TimerEvent: {}
[35.722753] (micro_ros_msgs) StdoutLine: {'line': b'[ 56%] \x1b[32m\x1b[1mLinking CXX shared library libmicro_ros_msgs__rosidl_typesupport_introspection_cpp.so\x1b[0m\n'}
[35.744129] (-) TimerEvent: {}
[35.845375] (-) TimerEvent: {}
[35.946258] (-) TimerEvent: {}
[36.047063] (-) TimerEvent: {}
[36.068760] (micro_ros_msgs) StdoutLine: {'line': b'[ 56%] Built target micro_ros_msgs__rosidl_typesupport_introspection_cpp\n'}
[36.114552] (micro_ros_msgs) StdoutLine: {'line': b'[ 58%] \x1b[34m\x1b[1mGenerating C type support dispatch for ROS interfaces\x1b[0m\n'}
[36.147285] (-) TimerEvent: {}
[36.247994] (-) TimerEvent: {}
[36.348862] (-) TimerEvent: {}
[36.449771] (-) TimerEvent: {}
[36.550406] (-) TimerEvent: {}
[36.651081] (-) TimerEvent: {}
[36.751719] (-) TimerEvent: {}
[36.852329] (-) TimerEvent: {}
[36.952940] (-) TimerEvent: {}
[37.053561] (-) TimerEvent: {}
[37.154322] (-) TimerEvent: {}
[37.255326] (-) TimerEvent: {}
[37.328538] (micro_ros_msgs) StdoutLine: {'line': b'[ 60%] \x1b[32mBuilding CXX object CMakeFiles/micro_ros_msgs__rosidl_typesupport_c.dir/rosidl_typesupport_c/micro_ros_msgs/msg/graph__type_support.cpp.o\x1b[0m\n'}
[37.355561] (-) TimerEvent: {}
[37.456368] (-) TimerEvent: {}
[37.485137] (micro_ros_msgs) StdoutLine: {'line': b'[ 62%] \x1b[32mBuilding CXX object CMakeFiles/micro_ros_msgs__rosidl_typesupport_c.dir/rosidl_typesupport_c/micro_ros_msgs/msg/node__type_support.cpp.o\x1b[0m\n'}
[37.556569] (-) TimerEvent: {}
[37.635526] (micro_ros_msgs) StdoutLine: {'line': b'[ 64%] \x1b[32mBuilding CXX object CMakeFiles/micro_ros_msgs__rosidl_typesupport_c.dir/rosidl_typesupport_c/micro_ros_msgs/msg/entity__type_support.cpp.o\x1b[0m\n'}
[37.656791] (-) TimerEvent: {}
[37.757625] (-) TimerEvent: {}
[37.780871] (micro_ros_msgs) StdoutLine: {'line': b'[ 66%] \x1b[32m\x1b[1mLinking CXX shared library libmicro_ros_msgs__rosidl_typesupport_c.so\x1b[0m\n'}
[37.857905] (-) TimerEvent: {}
[37.947628] (micro_ros_msgs) StdoutLine: {'line': b'[ 66%] Built target micro_ros_msgs__rosidl_typesupport_c\n'}
[37.958118] (-) TimerEvent: {}
[37.994253] (micro_ros_msgs) StdoutLine: {'line': b'[ 68%] \x1b[34m\x1b[1mGenerating C++ type support for eProsima Fast-RTPS\x1b[0m\n'}
[38.058417] (-) TimerEvent: {}
[38.159499] (-) TimerEvent: {}
[38.260340] (-) TimerEvent: {}
[38.361064] (-) TimerEvent: {}
[38.461738] (-) TimerEvent: {}
[38.562431] (-) TimerEvent: {}
[38.663143] (-) TimerEvent: {}
[38.763876] (-) TimerEvent: {}
[38.864552] (-) TimerEvent: {}
[38.965200] (-) TimerEvent: {}
[39.065836] (-) TimerEvent: {}
[39.166480] (-) TimerEvent: {}
[39.267303] (-) TimerEvent: {}
[39.368434] (-) TimerEvent: {}
[39.423375] (micro_ros_msgs) StdoutLine: {'line': b'[ 70%] \x1b[32mBuilding CXX object CMakeFiles/micro_ros_msgs__rosidl_typesupport_fastrtps_cpp.dir/rosidl_typesupport_fastrtps_cpp/micro_ros_msgs/msg/detail/dds_fastrtps/graph__type_support.cpp.o\x1b[0m\n'}
[39.468661] (-) TimerEvent: {}
[39.569451] (-) TimerEvent: {}
[39.670154] (-) TimerEvent: {}
[39.771099] (-) TimerEvent: {}
[39.871853] (-) TimerEvent: {}
[39.972662] (-) TimerEvent: {}
[40.073390] (-) TimerEvent: {}
[40.174173] (-) TimerEvent: {}
[40.275019] (-) TimerEvent: {}
[40.375874] (-) TimerEvent: {}
[40.476748] (-) TimerEvent: {}
[40.577489] (-) TimerEvent: {}
[40.678331] (-) TimerEvent: {}
[40.779091] (-) TimerEvent: {}
[40.879901] (-) TimerEvent: {}
[40.980685] (-) TimerEvent: {}
[41.081421] (-) TimerEvent: {}
[41.182150] (-) TimerEvent: {}
[41.282910] (-) TimerEvent: {}
[41.329738] (micro_ros_msgs) StdoutLine: {'line': b'[ 72%] \x1b[32mBuilding CXX object CMakeFiles/micro_ros_msgs__rosidl_typesupport_fastrtps_cpp.dir/rosidl_typesupport_fastrtps_cpp/micro_ros_msgs/msg/detail/dds_fastrtps/node__type_support.cpp.o\x1b[0m\n'}
[41.383119] (-) TimerEvent: {}
[41.483855] (-) TimerEvent: {}
[41.584614] (-) TimerEvent: {}
[41.685320] (-) TimerEvent: {}
[41.786025] (-) TimerEvent: {}
[41.886776] (-) TimerEvent: {}
[41.987590] (-) TimerEvent: {}
[42.088357] (-) TimerEvent: {}
[42.189119] (-) TimerEvent: {}
[42.289834] (-) TimerEvent: {}
[42.390561] (-) TimerEvent: {}
[42.491400] (-) TimerEvent: {}
[42.592144] (-) TimerEvent: {}
[42.693026] (-) TimerEvent: {}
[42.793747] (-) TimerEvent: {}
[42.894477] (-) TimerEvent: {}
[42.995272] (-) TimerEvent: {}
[43.096023] (-) TimerEvent: {}
[43.196943] (-) TimerEvent: {}
[43.206742] (micro_ros_msgs) StdoutLine: {'line': b'[ 75%] \x1b[32mBuilding CXX object CMakeFiles/micro_ros_msgs__rosidl_typesupport_fastrtps_cpp.dir/rosidl_typesupport_fastrtps_cpp/micro_ros_msgs/msg/detail/dds_fastrtps/entity__type_support.cpp.o\x1b[0m\n'}
[43.297126] (-) TimerEvent: {}
[43.398060] (-) TimerEvent: {}
[43.498783] (-) TimerEvent: {}
[43.599491] (-) TimerEvent: {}
[43.700322] (-) TimerEvent: {}
[43.801055] (-) TimerEvent: {}
[43.901783] (-) TimerEvent: {}
[44.002549] (-) TimerEvent: {}
[44.103320] (-) TimerEvent: {}
[44.204136] (-) TimerEvent: {}
[44.304954] (-) TimerEvent: {}
[44.405681] (-) TimerEvent: {}
[44.506365] (-) TimerEvent: {}
[44.607196] (-) TimerEvent: {}
[44.707943] (-) TimerEvent: {}
[44.808739] (-) TimerEvent: {}
[44.909532] (-) TimerEvent: {}
[45.010286] (-) TimerEvent: {}
[45.064157] (micro_ros_msgs) StdoutLine: {'line': b'[ 77%] \x1b[32m\x1b[1mLinking CXX shared library libmicro_ros_msgs__rosidl_typesupport_fastrtps_cpp.so\x1b[0m\n'}
[45.110495] (-) TimerEvent: {}
[45.211343] (-) TimerEvent: {}
[45.312113] (-) TimerEvent: {}
[45.400481] (micro_ros_msgs) StdoutLine: {'line': b'[ 77%] Built target micro_ros_msgs__rosidl_typesupport_fastrtps_cpp\n'}
[45.412329] (-) TimerEvent: {}
[45.486199] (micro_ros_msgs) StdoutLine: {'line': b'[ 77%] Built target micro_ros_msgs\n'}
[45.512577] (-) TimerEvent: {}
[45.602963] (micro_ros_msgs) StdoutLine: {'line': b'[ 77%] Built target ament_cmake_python_copy_micro_ros_msgs\n'}
[45.612772] (-) TimerEvent: {}
[45.713492] (-) TimerEvent: {}
[45.814161] (-) TimerEvent: {}
[45.914881] (-) TimerEvent: {}
[46.015512] (-) TimerEvent: {}
[46.116138] (-) TimerEvent: {}
[46.216765] (-) TimerEvent: {}
[46.317361] (-) TimerEvent: {}
[46.417959] (-) TimerEvent: {}
[46.518583] (-) TimerEvent: {}
[46.619220] (-) TimerEvent: {}
[46.628987] (micro_ros_msgs) StdoutLine: {'line': b'running egg_info\n'}
[46.631824] (micro_ros_msgs) StdoutLine: {'line': b'creating micro_ros_msgs.egg-info\n'}
[46.632686] (micro_ros_msgs) StdoutLine: {'line': b'writing micro_ros_msgs.egg-info/PKG-INFO\n'}
[46.634399] (micro_ros_msgs) StdoutLine: {'line': b'writing dependency_links to micro_ros_msgs.egg-info/dependency_links.txt\n'}
[46.635321] (micro_ros_msgs) StdoutLine: {'line': b'writing top-level names to micro_ros_msgs.egg-info/top_level.txt\n'}
[46.636494] (micro_ros_msgs) StdoutLine: {'line': b"writing manifest file 'micro_ros_msgs.egg-info/SOURCES.txt'\n"}
[46.647241] (micro_ros_msgs) StdoutLine: {'line': b"reading manifest file 'micro_ros_msgs.egg-info/SOURCES.txt'\n"}
[46.649707] (micro_ros_msgs) StdoutLine: {'line': b"writing manifest file 'micro_ros_msgs.egg-info/SOURCES.txt'\n"}
[46.719499] (-) TimerEvent: {}
[46.784509] (micro_ros_msgs) StdoutLine: {'line': b'[ 77%] Built target ament_cmake_python_build_micro_ros_msgs_egg\n'}
[46.819819] (-) TimerEvent: {}
[46.870778] (micro_ros_msgs) StdoutLine: {'line': b'[ 79%] \x1b[34m\x1b[1mGenerating Python code for ROS interfaces\x1b[0m\n'}
[46.919984] (-) TimerEvent: {}
[47.020717] (-) TimerEvent: {}
[47.121523] (-) TimerEvent: {}
[47.222550] (-) TimerEvent: {}
[47.323163] (-) TimerEvent: {}
[47.423813] (-) TimerEvent: {}
[47.524513] (-) TimerEvent: {}
[47.625153] (-) TimerEvent: {}
[47.725769] (-) TimerEvent: {}
[47.826389] (-) TimerEvent: {}
[47.927032] (-) TimerEvent: {}
[48.027692] (-) TimerEvent: {}
[48.128362] (-) TimerEvent: {}
[48.228991] (-) TimerEvent: {}
[48.329600] (-) TimerEvent: {}
[48.430243] (-) TimerEvent: {}
[48.530960] (-) TimerEvent: {}
[48.631593] (-) TimerEvent: {}
[48.732177] (-) TimerEvent: {}
[48.832940] (-) TimerEvent: {}
[48.933946] (-) TimerEvent: {}
[49.034843] (-) TimerEvent: {}
[49.135665] (-) TimerEvent: {}
[49.142921] (micro_ros_msgs) StdoutLine: {'line': b'[ 79%] Built target micro_ros_msgs__py\n'}
[49.229089] (micro_ros_msgs) StdoutLine: {'line': b'[ 81%] \x1b[32mBuilding C object CMakeFiles/micro_ros_msgs__rosidl_generator_py.dir/rosidl_generator_py/micro_ros_msgs/msg/_graph_s.c.o\x1b[0m\n'}
[49.235917] (-) TimerEvent: {}
[49.336728] (-) TimerEvent: {}
[49.437426] (-) TimerEvent: {}
[49.538236] (-) TimerEvent: {}
[49.639092] (-) TimerEvent: {}
[49.739838] (-) TimerEvent: {}
[49.819031] (micro_ros_msgs) StdoutLine: {'line': b'[ 83%] \x1b[32mBuilding C object CMakeFiles/micro_ros_msgs__rosidl_generator_py.dir/rosidl_generator_py/micro_ros_msgs/msg/_node_s.c.o\x1b[0m\n'}
[49.840208] (-) TimerEvent: {}
[49.941173] (-) TimerEvent: {}
[50.041873] (-) TimerEvent: {}
[50.142603] (-) TimerEvent: {}
[50.243301] (-) TimerEvent: {}
[50.287400] (micro_ros_msgs) StdoutLine: {'line': b'[ 85%] \x1b[32mBuilding C object CMakeFiles/micro_ros_msgs__rosidl_generator_py.dir/rosidl_generator_py/micro_ros_msgs/msg/_entity_s.c.o\x1b[0m\n'}
[50.343521] (-) TimerEvent: {}
[50.444290] (-) TimerEvent: {}
[50.545044] (-) TimerEvent: {}
[50.645795] (-) TimerEvent: {}
[50.746557] (-) TimerEvent: {}
[50.757810] (micro_ros_msgs) StdoutLine: {'line': b'[ 87%] \x1b[32m\x1b[1mLinking C shared library rosidl_generator_py/micro_ros_msgs/libmicro_ros_msgs__rosidl_generator_py.so\x1b[0m\n'}
[50.846854] (-) TimerEvent: {}
[50.947402] (micro_ros_msgs) StdoutLine: {'line': b'[ 87%] Built target micro_ros_msgs__rosidl_generator_py\n'}
[50.948035] (-) TimerEvent: {}
[51.034457] (micro_ros_msgs) StdoutLine: {'line': b'[ 89%] \x1b[32mBuilding C object CMakeFiles/micro_ros_msgs__rosidl_typesupport_fastrtps_c__pyext.dir/rosidl_generator_py/micro_ros_msgs/_micro_ros_msgs_s.ep.rosidl_typesupport_fastrtps_c.c.o\x1b[0m\n'}
[51.048292] (-) TimerEvent: {}
[51.149023] (-) TimerEvent: {}
[51.249736] (-) TimerEvent: {}
[51.350521] (-) TimerEvent: {}
[51.451291] (-) TimerEvent: {}
[51.533391] (micro_ros_msgs) StdoutLine: {'line': b'[ 91%] \x1b[32m\x1b[1mLinking C shared library rosidl_generator_py/micro_ros_msgs/micro_ros_msgs_s__rosidl_typesupport_fastrtps_c.cpython-310-aarch64-linux-gnu.so\x1b[0m\n'}
[51.551521] (-) TimerEvent: {}
[51.652416] (-) TimerEvent: {}
[51.695727] (micro_ros_msgs) StdoutLine: {'line': b'[ 91%] Built target micro_ros_msgs__rosidl_typesupport_fastrtps_c__pyext\n'}
[51.752623] (-) TimerEvent: {}
[51.785514] (micro_ros_msgs) StdoutLine: {'line': b'[ 93%] \x1b[32mBuilding C object CMakeFiles/micro_ros_msgs__rosidl_typesupport_introspection_c__pyext.dir/rosidl_generator_py/micro_ros_msgs/_micro_ros_msgs_s.ep.rosidl_typesupport_introspection_c.c.o\x1b[0m\n'}
[51.852842] (-) TimerEvent: {}
[51.953595] (-) TimerEvent: {}
[52.054369] (-) TimerEvent: {}
[52.155135] (-) TimerEvent: {}
[52.244803] (micro_ros_msgs) StdoutLine: {'line': b'[ 95%] \x1b[32m\x1b[1mLinking C shared library rosidl_generator_py/micro_ros_msgs/micro_ros_msgs_s__rosidl_typesupport_introspection_c.cpython-310-aarch64-linux-gnu.so\x1b[0m\n'}
[52.255429] (-) TimerEvent: {}
[52.356192] (-) TimerEvent: {}
[52.401845] (micro_ros_msgs) StdoutLine: {'line': b'[ 95%] Built target micro_ros_msgs__rosidl_typesupport_introspection_c__pyext\n'}
[52.456427] (-) TimerEvent: {}
[52.489822] (micro_ros_msgs) StdoutLine: {'line': b'[ 97%] \x1b[32mBuilding C object CMakeFiles/micro_ros_msgs__rosidl_typesupport_c__pyext.dir/rosidl_generator_py/micro_ros_msgs/_micro_ros_msgs_s.ep.rosidl_typesupport_c.c.o\x1b[0m\n'}
[52.556621] (-) TimerEvent: {}
[52.657340] (-) TimerEvent: {}
[52.758109] (-) TimerEvent: {}
[52.858862] (-) TimerEvent: {}
[52.936043] (micro_ros_msgs) StdoutLine: {'line': b'[100%] \x1b[32m\x1b[1mLinking C shared library rosidl_generator_py/micro_ros_msgs/micro_ros_msgs_s__rosidl_typesupport_c.cpython-310-aarch64-linux-gnu.so\x1b[0m\n'}
[52.959099] (-) TimerEvent: {}
[53.059956] (-) TimerEvent: {}
[53.085148] (micro_ros_msgs) StdoutLine: {'line': b'[100%] Built target micro_ros_msgs__rosidl_typesupport_c__pyext\n'}
[53.128324] (micro_ros_msgs) CommandEnded: {'returncode': 0}
[53.130490] (micro_ros_msgs) JobProgress: {'identifier': 'micro_ros_msgs', 'progress': 'install'}
[53.160147] (-) TimerEvent: {}
[53.171938] (micro_ros_msgs) Command: {'cmd': ['/usr/bin/cmake', '--install', '/home/ubuntu/uav_landing_sim_wg/build/micro_ros_msgs'], 'cwd': '/home/ubuntu/uav_landing_sim_wg/build/micro_ros_msgs', 'env': OrderedDict([('LESSOPEN', '| /usr/bin/lesspipe %s'), ('USER', 'ubuntu'), ('SSH_CLIENT', '192.168.0.114 48056 22'), ('XDG_SESSION_TYPE', 'tty'), ('SHLVL', '2'), ('LD_LIBRARY_PATH', '/home/ubuntu/uav_landing_sim_wg/install/microxrcedds_agent/lib:/home/ubuntu/uav_landing_sim_wg/install/micro_ros_agent/lib:/home/ubuntu/uav_landing_sim_wg/install/micro_ros_msgs/lib:/opt/ros/humble/lib/aarch64-linux-gnu:/opt/ros/humble/lib'), ('MOTD_SHOWN', 'pam'), ('HOME', '/home/ubuntu'), ('OLDPWD', '/home/ubuntu'), ('SSH_TTY', '/dev/pts/0'), ('ROS_PYTHON_VERSION', '3'), ('MAKEFLAGS', '-j1'), ('DBUS_SESSION_BUS_ADDRESS', 'unix:path=/run/user/1000/bus'), ('COLCON_PREFIX_PATH', '/home/ubuntu/uav_landing_sim_wg/install'), ('ROS_DISTRO', 'humble'), ('LOGNAME', 'ubuntu'), ('_', '/usr/bin/colcon'), ('ROS_VERSION', '2'), ('XDG_SESSION_CLASS', 'user'), ('TERM', 'xterm-256color'), ('XDG_SESSION_ID', '1'), ('ROS_LOCALHOST_ONLY', '0'), ('PATH', '/home/ubuntu/.local/bin:/home/ubuntu/uav_landing_sim_wg/install/microxrcedds_agent/bin:/opt/ros/humble/bin:/usr/local/sbin:/usr/local/bin:/usr/sbin:/usr/bin:/sbin:/bin:/usr/games:/usr/local/games:/snap/bin:/home/ubuntu/.local/bin'), ('XDG_RUNTIME_DIR', '/run/user/1000'), ('LANG', 'en_US.UTF-8'), ('LS_COLORS', 'rs=0:di=01;34:ln=01;36:mh=00:pi=40;33:so=01;35:do=01;35:bd=40;33;01:cd=40;33;01:or=40;31;01:mi=00:su=37;41:sg=30;43:ca=30;41:tw=30;42:ow=34;42:st=37;44:ex=01;32:*.tar=01;31:*.tgz=01;31:*.arc=01;31:*.arj=01;31:*.taz=01;31:*.lha=01;31:*.lz4=01;31:*.lzh=01;31:*.lzma=01;31:*.tlz=01;31:*.txz=01;31:*.tzo=01;31:*.t7z=01;31:*.zip=01;31:*.z=01;31:*.dz=01;31:*.gz=01;31:*.lrz=01;31:*.lz=01;31:*.lzo=01;31:*.xz=01;31:*.zst=01;31:*.tzst=01;31:*.bz2=01;31:*.bz=01;31:*.tbz=01;31:*.tbz2=01;31:*.tz=01;31:*.deb=01;31:*.rpm=01;31:*.jar=01;31:*.war=01;31:*.ear=01;31:*.sar=01;31:*.rar=01;31:*.alz=01;31:*.ace=01;31:*.zoo=01;31:*.cpio=01;31:*.7z=01;31:*.rz=01;31:*.cab=01;31:*.wim=01;31:*.swm=01;31:*.dwm=01;31:*.esd=01;31:*.jpg=01;35:*.jpeg=01;35:*.mjpg=01;35:*.mjpeg=01;35:*.gif=01;35:*.bmp=01;35:*.pbm=01;35:*.pgm=01;35:*.ppm=01;35:*.tga=01;35:*.xbm=01;35:*.xpm=01;35:*.tif=01;35:*.tiff=01;35:*.png=01;35:*.svg=01;35:*.svgz=01;35:*.mng=01;35:*.pcx=01;35:*.mov=01;35:*.mpg=01;35:*.mpeg=01;35:*.m2v=01;35:*.mkv=01;35:*.webm=01;35:*.webp=01;35:*.ogm=01;35:*.mp4=01;35:*.m4v=01;35:*.mp4v=01;35:*.vob=01;35:*.qt=01;35:*.nuv=01;35:*.wmv=01;35:*.asf=01;35:*.rm=01;35:*.rmvb=01;35:*.flc=01;35:*.avi=01;35:*.fli=01;35:*.flv=01;35:*.gl=01;35:*.dl=01;35:*.xcf=01;35:*.xwd=01;35:*.yuv=01;35:*.cgm=01;35:*.emf=01;35:*.ogv=01;35:*.ogx=01;35:*.aac=00;36:*.au=00;36:*.flac=00;36:*.m4a=00;36:*.mid=00;36:*.midi=00;36:*.mka=00;36:*.mp3=00;36:*.mpc=00;36:*.ogg=00;36:*.ra=00;36:*.wav=00;36:*.oga=00;36:*.opus=00;36:*.spx=00;36:*.xspf=00;36:'), ('AMENT_PREFIX_PATH', '/home/ubuntu/uav_landing_sim_wg/install/uav_vision:/home/ubuntu/uav_landing_sim_wg/install/uav_autonomy:/home/ubuntu/uav_landing_sim_wg/install/uav_interfaces:/home/ubuntu/uav_landing_sim_wg/install/micro_ros_setup:/home/ubuntu/uav_landing_sim_wg/install/micro_ros_msgs:/opt/ros/humble'), ('SHELL', '/bin/bash'), ('LESSCLOSE', '/usr/bin/lesspipe %s %s'), ('PWD', '/home/ubuntu/uav_landing_sim_wg/build/micro_ros_msgs'), ('LC_ALL', 'en_US.UTF-8'), ('SSH_CONNECTION', '192.168.0.114 48056 192.168.0.149 22'), ('XDG_DATA_DIRS', '/usr/local/share:/usr/share:/var/lib/snapd/desktop'), ('PYTHONPATH', '/home/ubuntu/uav_landing_sim_wg/install/micro_ros_msgs/local/lib/python3.10/dist-packages:/opt/ros/humble/lib/python3.10/site-packages:/opt/ros/humble/local/lib/python3.10/dist-packages'), ('COLCON', '1'), ('CMAKE_PREFIX_PATH', '/home/ubuntu/uav_landing_sim_wg/install/uav_vision:/home/ubuntu/uav_landing_sim_wg/install/uav_autonomy:/home/ubuntu/uav_landing_sim_wg/install/uav_interfaces:/home/ubuntu/uav_landing_sim_wg/install/microxrcedds_agent:/home/ubuntu/uav_landing_sim_wg/install/micro_ros_setup:/home/ubuntu/uav_landing_sim_wg/install/micro_ros_agent:/home/ubuntu/uav_landing_sim_wg/install/micro_ros_msgs:/opt/ros/humble')]), 'shell': False}
[53.201168] (micro_ros_msgs) StdoutLine: {'line': b'-- Install configuration: ""\n'}
[53.202193] (micro_ros_msgs) StdoutLine: {'line': b'-- Installing: /home/ubuntu/uav_landing_sim_wg/install/micro_ros_msgs/share/ament_index/resource_index/rosidl_interfaces/micro_ros_msgs\n'}
[53.203570] (micro_ros_msgs) StdoutLine: {'line': b'-- Installing: /home/ubuntu/uav_landing_sim_wg/install/micro_ros_msgs/include/micro_ros_msgs/micro_ros_msgs\n'}
[53.204415] (micro_ros_msgs) StdoutLine: {'line': b'-- Installing: /home/ubuntu/uav_landing_sim_wg/install/micro_ros_msgs/include/micro_ros_msgs/micro_ros_msgs/msg\n'}
[53.205123] (micro_ros_msgs) StdoutLine: {'line': b'-- Installing: /home/ubuntu/uav_landing_sim_wg/install/micro_ros_msgs/include/micro_ros_msgs/micro_ros_msgs/msg/graph.h\n'}
[53.206276] (micro_ros_msgs) StdoutLine: {'line': b'-- Installing: /home/ubuntu/uav_landing_sim_wg/install/micro_ros_msgs/include/micro_ros_msgs/micro_ros_msgs/msg/node.h\n'}
[53.207258] (micro_ros_msgs) StdoutLine: {'line': b'-- Installing: /home/ubuntu/uav_landing_sim_wg/install/micro_ros_msgs/include/micro_ros_msgs/micro_ros_msgs/msg/entity.h\n'}
[53.208372] (micro_ros_msgs) StdoutLine: {'line': b'-- Installing: /home/ubuntu/uav_landing_sim_wg/install/micro_ros_msgs/include/micro_ros_msgs/micro_ros_msgs/msg/rosidl_generator_c__visibility_control.h\n'}
[53.209731] (micro_ros_msgs) StdoutLine: {'line': b'-- Installing: /home/ubuntu/uav_landing_sim_wg/install/micro_ros_msgs/include/micro_ros_msgs/micro_ros_msgs/msg/detail\n'}
[53.210546] (micro_ros_msgs) StdoutLine: {'line': b'-- Installing: /home/ubuntu/uav_landing_sim_wg/install/micro_ros_msgs/include/micro_ros_msgs/micro_ros_msgs/msg/detail/entity__struct.h\n'}
[53.211689] (micro_ros_msgs) StdoutLine: {'line': b'-- Installing: /home/ubuntu/uav_landing_sim_wg/install/micro_ros_msgs/include/micro_ros_msgs/micro_ros_msgs/msg/detail/graph__functions.c\n'}
[53.212914] (micro_ros_msgs) StdoutLine: {'line': b'-- Installing: /home/ubuntu/uav_landing_sim_wg/install/micro_ros_msgs/include/micro_ros_msgs/micro_ros_msgs/msg/detail/entity__functions.h\n'}
[53.214224] (micro_ros_msgs) StdoutLine: {'line': b'-- Installing: /home/ubuntu/uav_landing_sim_wg/install/micro_ros_msgs/include/micro_ros_msgs/micro_ros_msgs/msg/detail/node__type_support.h\n'}
[53.215348] (micro_ros_msgs) StdoutLine: {'line': b'-- Installing: /home/ubuntu/uav_landing_sim_wg/install/micro_ros_msgs/include/micro_ros_msgs/micro_ros_msgs/msg/detail/graph__type_support.h\n'}
[53.216584] (micro_ros_msgs) StdoutLine: {'line': b'-- Installing: /home/ubuntu/uav_landing_sim_wg/install/micro_ros_msgs/include/micro_ros_msgs/micro_ros_msgs/msg/detail/node__functions.c\n'}
[53.217774] (micro_ros_msgs) StdoutLine: {'line': b'-- Installing: /home/ubuntu/uav_landing_sim_wg/install/micro_ros_msgs/include/micro_ros_msgs/micro_ros_msgs/msg/detail/graph__functions.h\n'}
[53.218900] (micro_ros_msgs) StdoutLine: {'line': b'-- Installing: /home/ubuntu/uav_landing_sim_wg/install/micro_ros_msgs/include/micro_ros_msgs/micro_ros_msgs/msg/detail/entity__type_support.h\n'}
[53.220012] (micro_ros_msgs) StdoutLine: {'line': b'-- Installing: /home/ubuntu/uav_landing_sim_wg/install/micro_ros_msgs/include/micro_ros_msgs/micro_ros_msgs/msg/detail/graph__struct.h\n'}
[53.221143] (micro_ros_msgs) StdoutLine: {'line': b'-- Installing: /home/ubuntu/uav_landing_sim_wg/install/micro_ros_msgs/include/micro_ros_msgs/micro_ros_msgs/msg/detail/entity__functions.c\n'}
[53.222268] (micro_ros_msgs) StdoutLine: {'line': b'-- Installing: /home/ubuntu/uav_landing_sim_wg/install/micro_ros_msgs/include/micro_ros_msgs/micro_ros_msgs/msg/detail/node__functions.h\n'}
[53.223452] (micro_ros_msgs) StdoutLine: {'line': b'-- Installing: /home/ubuntu/uav_landing_sim_wg/install/micro_ros_msgs/include/micro_ros_msgs/micro_ros_msgs/msg/detail/node__struct.h\n'}
[53.225251] (micro_ros_msgs) StdoutLine: {'line': b'-- Installing: /home/ubuntu/uav_landing_sim_wg/install/micro_ros_msgs/share/micro_ros_msgs/environment/library_path.sh\n'}
[53.226435] (micro_ros_msgs) StdoutLine: {'line': b'-- Installing: /home/ubuntu/uav_landing_sim_wg/install/micro_ros_msgs/share/micro_ros_msgs/environment/library_path.dsv\n'}
[53.227966] (micro_ros_msgs) StdoutLine: {'line': b'-- Installing: /home/ubuntu/uav_landing_sim_wg/install/micro_ros_msgs/lib/libmicro_ros_msgs__rosidl_generator_c.so\n'}
[53.230538] (micro_ros_msgs) StdoutLine: {'line': b'-- Set runtime path of "/home/ubuntu/uav_landing_sim_wg/install/micro_ros_msgs/lib/libmicro_ros_msgs__rosidl_generator_c.so" to ""\n'}
[53.231044] (micro_ros_msgs) StdoutLine: {'line': b'-- Up-to-date: /home/ubuntu/uav_landing_sim_wg/install/micro_ros_msgs/include/micro_ros_msgs/micro_ros_msgs\n'}
[53.231430] (micro_ros_msgs) StdoutLine: {'line': b'-- Up-to-date: /home/ubuntu/uav_landing_sim_wg/install/micro_ros_msgs/include/micro_ros_msgs/micro_ros_msgs/msg\n'}
[53.231763] (micro_ros_msgs) StdoutLine: {'line': b'-- Installing: /home/ubuntu/uav_landing_sim_wg/install/micro_ros_msgs/include/micro_ros_msgs/micro_ros_msgs/msg/rosidl_typesupport_fastrtps_c__visibility_control.h\n'}
[53.233076] (micro_ros_msgs) StdoutLine: {'line': b'-- Up-to-date: /home/ubuntu/uav_landing_sim_wg/install/micro_ros_msgs/include/micro_ros_msgs/micro_ros_msgs/msg/detail\n'}
[53.233623] (micro_ros_msgs) StdoutLine: {'line': b'-- Installing: /home/ubuntu/uav_landing_sim_wg/install/micro_ros_msgs/include/micro_ros_msgs/micro_ros_msgs/msg/detail/node__rosidl_typesupport_fastrtps_c.h\n'}
[53.234909] (micro_ros_msgs) StdoutLine: {'line': b'-- Installing: /home/ubuntu/uav_landing_sim_wg/install/micro_ros_msgs/include/micro_ros_msgs/micro_ros_msgs/msg/detail/entity__rosidl_typesupport_fastrtps_c.h\n'}
[53.236114] (micro_ros_msgs) StdoutLine: {'line': b'-- Installing: /home/ubuntu/uav_landing_sim_wg/install/micro_ros_msgs/include/micro_ros_msgs/micro_ros_msgs/msg/detail/graph__rosidl_typesupport_fastrtps_c.h\n'}
[53.237638] (micro_ros_msgs) StdoutLine: {'line': b'-- Installing: /home/ubuntu/uav_landing_sim_wg/install/micro_ros_msgs/lib/libmicro_ros_msgs__rosidl_typesupport_fastrtps_c.so\n'}
[53.240310] (micro_ros_msgs) StdoutLine: {'line': b'-- Set runtime path of "/home/ubuntu/uav_landing_sim_wg/install/micro_ros_msgs/lib/libmicro_ros_msgs__rosidl_typesupport_fastrtps_c.so" to ""\n'}
[53.240816] (micro_ros_msgs) StdoutLine: {'line': b'-- Up-to-date: /home/ubuntu/uav_landing_sim_wg/install/micro_ros_msgs/include/micro_ros_msgs/micro_ros_msgs\n'}
[53.241242] (micro_ros_msgs) StdoutLine: {'line': b'-- Up-to-date: /home/ubuntu/uav_landing_sim_wg/install/micro_ros_msgs/include/micro_ros_msgs/micro_ros_msgs/msg\n'}
[53.241588] (micro_ros_msgs) StdoutLine: {'line': b'-- Up-to-date: /home/ubuntu/uav_landing_sim_wg/install/micro_ros_msgs/include/micro_ros_msgs/micro_ros_msgs/msg/detail\n'}
[53.241984] (micro_ros_msgs) StdoutLine: {'line': b'-- Installing: /home/ubuntu/uav_landing_sim_wg/install/micro_ros_msgs/include/micro_ros_msgs/micro_ros_msgs/msg/detail/graph__rosidl_typesupport_introspection_c.h\n'}
[53.243222] (micro_ros_msgs) StdoutLine: {'line': b'-- Installing: /home/ubuntu/uav_landing_sim_wg/install/micro_ros_msgs/include/micro_ros_msgs/micro_ros_msgs/msg/detail/node__type_support.c\n'}
[53.244628] (micro_ros_msgs) StdoutLine: {'line': b'-- Installing: /home/ubuntu/uav_landing_sim_wg/install/micro_ros_msgs/include/micro_ros_msgs/micro_ros_msgs/msg/detail/node__rosidl_typesupport_introspection_c.h\n'}
[53.245879] (micro_ros_msgs) StdoutLine: {'line': b'-- Installing: /home/ubuntu/uav_landing_sim_wg/install/micro_ros_msgs/include/micro_ros_msgs/micro_ros_msgs/msg/detail/entity__rosidl_typesupport_introspection_c.h\n'}
[53.247092] (micro_ros_msgs) StdoutLine: {'line': b'-- Installing: /home/ubuntu/uav_landing_sim_wg/install/micro_ros_msgs/include/micro_ros_msgs/micro_ros_msgs/msg/detail/entity__type_support.c\n'}
[53.248291] (micro_ros_msgs) StdoutLine: {'line': b'-- Installing: /home/ubuntu/uav_landing_sim_wg/install/micro_ros_msgs/include/micro_ros_msgs/micro_ros_msgs/msg/detail/graph__type_support.c\n'}
[53.249635] (micro_ros_msgs) StdoutLine: {'line': b'-- Installing: /home/ubuntu/uav_landing_sim_wg/install/micro_ros_msgs/include/micro_ros_msgs/micro_ros_msgs/msg/rosidl_typesupport_introspection_c__visibility_control.h\n'}
[53.251157] (micro_ros_msgs) StdoutLine: {'line': b'-- Installing: /home/ubuntu/uav_landing_sim_wg/install/micro_ros_msgs/lib/libmicro_ros_msgs__rosidl_typesupport_introspection_c.so\n'}
[53.253771] (micro_ros_msgs) StdoutLine: {'line': b'-- Set runtime path of "/home/ubuntu/uav_landing_sim_wg/install/micro_ros_msgs/lib/libmicro_ros_msgs__rosidl_typesupport_introspection_c.so" to ""\n'}
[53.254300] (micro_ros_msgs) StdoutLine: {'line': b'-- Installing: /home/ubuntu/uav_landing_sim_wg/install/micro_ros_msgs/lib/libmicro_ros_msgs__rosidl_typesupport_c.so\n'}
[53.256560] (micro_ros_msgs) StdoutLine: {'line': b'-- Set runtime path of "/home/ubuntu/uav_landing_sim_wg/install/micro_ros_msgs/lib/libmicro_ros_msgs__rosidl_typesupport_c.so" to ""\n'}
[53.257058] (micro_ros_msgs) StdoutLine: {'line': b'-- Up-to-date: /home/ubuntu/uav_landing_sim_wg/install/micro_ros_msgs/include/micro_ros_msgs/micro_ros_msgs\n'}
[53.257448] (micro_ros_msgs) StdoutLine: {'line': b'-- Up-to-date: /home/ubuntu/uav_landing_sim_wg/install/micro_ros_msgs/include/micro_ros_msgs/micro_ros_msgs/msg\n'}
[53.257839] (micro_ros_msgs) StdoutLine: {'line': b'-- Installing: /home/ubuntu/uav_landing_sim_wg/install/micro_ros_msgs/include/micro_ros_msgs/micro_ros_msgs/msg/node.hpp\n'}
[53.258822] (micro_ros_msgs) StdoutLine: {'line': b'-- Installing: /home/ubuntu/uav_landing_sim_wg/install/micro_ros_msgs/include/micro_ros_msgs/micro_ros_msgs/msg/entity.hpp\n'}
[53.259844] (micro_ros_msgs) StdoutLine: {'line': b'-- Installing: /home/ubuntu/uav_landing_sim_wg/install/micro_ros_msgs/include/micro_ros_msgs/micro_ros_msgs/msg/graph.hpp\n'}
[53.260171] (-) TimerEvent: {}
[53.261033] (micro_ros_msgs) StdoutLine: {'line': b'-- Up-to-date: /home/ubuntu/uav_landing_sim_wg/install/micro_ros_msgs/include/micro_ros_msgs/micro_ros_msgs/msg/detail\n'}
[53.261599] (micro_ros_msgs) StdoutLine: {'line': b'-- Installing: /home/ubuntu/uav_landing_sim_wg/install/micro_ros_msgs/include/micro_ros_msgs/micro_ros_msgs/msg/detail/node__traits.hpp\n'}
[53.262810] (micro_ros_msgs) StdoutLine: {'line': b'-- Installing: /home/ubuntu/uav_landing_sim_wg/install/micro_ros_msgs/include/micro_ros_msgs/micro_ros_msgs/msg/detail/graph__struct.hpp\n'}
[53.263946] (micro_ros_msgs) StdoutLine: {'line': b'-- Installing: /home/ubuntu/uav_landing_sim_wg/install/micro_ros_msgs/include/micro_ros_msgs/micro_ros_msgs/msg/detail/entity__type_support.hpp\n'}
[53.265179] (micro_ros_msgs) StdoutLine: {'line': b'-- Installing: /home/ubuntu/uav_landing_sim_wg/install/micro_ros_msgs/include/micro_ros_msgs/micro_ros_msgs/msg/detail/entity__builder.hpp\n'}
[53.266276] (micro_ros_msgs) StdoutLine: {'line': b'-- Installing: /home/ubuntu/uav_landing_sim_wg/install/micro_ros_msgs/include/micro_ros_msgs/micro_ros_msgs/msg/detail/node__builder.hpp\n'}
[53.267371] (micro_ros_msgs) StdoutLine: {'line': b'-- Installing: /home/ubuntu/uav_landing_sim_wg/install/micro_ros_msgs/include/micro_ros_msgs/micro_ros_msgs/msg/detail/graph__builder.hpp\n'}
[53.268616] (micro_ros_msgs) StdoutLine: {'line': b'-- Installing: /home/ubuntu/uav_landing_sim_wg/install/micro_ros_msgs/include/micro_ros_msgs/micro_ros_msgs/msg/detail/node__type_support.hpp\n'}
[53.269737] (micro_ros_msgs) StdoutLine: {'line': b'-- Installing: /home/ubuntu/uav_landing_sim_wg/install/micro_ros_msgs/include/micro_ros_msgs/micro_ros_msgs/msg/detail/node__struct.hpp\n'}
[53.270862] (micro_ros_msgs) StdoutLine: {'line': b'-- Installing: /home/ubuntu/uav_landing_sim_wg/install/micro_ros_msgs/include/micro_ros_msgs/micro_ros_msgs/msg/detail/entity__traits.hpp\n'}
[53.271973] (micro_ros_msgs) StdoutLine: {'line': b'-- Installing: /home/ubuntu/uav_landing_sim_wg/install/micro_ros_msgs/include/micro_ros_msgs/micro_ros_msgs/msg/detail/graph__traits.hpp\n'}
[53.273148] (micro_ros_msgs) StdoutLine: {'line': b'-- Installing: /home/ubuntu/uav_landing_sim_wg/install/micro_ros_msgs/include/micro_ros_msgs/micro_ros_msgs/msg/detail/graph__type_support.hpp\n'}
[53.274287] (micro_ros_msgs) StdoutLine: {'line': b'-- Installing: /home/ubuntu/uav_landing_sim_wg/install/micro_ros_msgs/include/micro_ros_msgs/micro_ros_msgs/msg/detail/entity__struct.hpp\n'}
[53.275443] (micro_ros_msgs) StdoutLine: {'line': b'-- Installing: /home/ubuntu/uav_landing_sim_wg/install/micro_ros_msgs/include/micro_ros_msgs/micro_ros_msgs/msg/rosidl_generator_cpp__visibility_control.hpp\n'}
[53.276772] (micro_ros_msgs) StdoutLine: {'line': b'-- Up-to-date: /home/ubuntu/uav_landing_sim_wg/install/micro_ros_msgs/include/micro_ros_msgs/micro_ros_msgs\n'}
[53.277255] (micro_ros_msgs) StdoutLine: {'line': b'-- Up-to-date: /home/ubuntu/uav_landing_sim_wg/install/micro_ros_msgs/include/micro_ros_msgs/micro_ros_msgs/msg\n'}
[53.277642] (micro_ros_msgs) StdoutLine: {'line': b'-- Installing: /home/ubuntu/uav_landing_sim_wg/install/micro_ros_msgs/include/micro_ros_msgs/micro_ros_msgs/msg/rosidl_typesupport_fastrtps_cpp__visibility_control.h\n'}
[53.278834] (micro_ros_msgs) StdoutLine: {'line': b'-- Up-to-date: /home/ubuntu/uav_landing_sim_wg/install/micro_ros_msgs/include/micro_ros_msgs/micro_ros_msgs/msg/detail\n'}
[53.279370] (micro_ros_msgs) StdoutLine: {'line': b'-- Installing: /home/ubuntu/uav_landing_sim_wg/install/micro_ros_msgs/include/micro_ros_msgs/micro_ros_msgs/msg/detail/node__rosidl_typesupport_fastrtps_cpp.hpp\n'}
[53.280754] (micro_ros_msgs) StdoutLine: {'line': b'-- Installing: /home/ubuntu/uav_landing_sim_wg/install/micro_ros_msgs/include/micro_ros_msgs/micro_ros_msgs/msg/detail/dds_fastrtps\n'}
[53.281592] (micro_ros_msgs) StdoutLine: {'line': b'-- Installing: /home/ubuntu/uav_landing_sim_wg/install/micro_ros_msgs/include/micro_ros_msgs/micro_ros_msgs/msg/detail/entity__rosidl_typesupport_fastrtps_cpp.hpp\n'}
[53.282908] (micro_ros_msgs) StdoutLine: {'line': b'-- Installing: /home/ubuntu/uav_landing_sim_wg/install/micro_ros_msgs/include/micro_ros_msgs/micro_ros_msgs/msg/detail/graph__rosidl_typesupport_fastrtps_cpp.hpp\n'}
[53.284503] (micro_ros_msgs) StdoutLine: {'line': b'-- Installing: /home/ubuntu/uav_landing_sim_wg/install/micro_ros_msgs/lib/libmicro_ros_msgs__rosidl_typesupport_fastrtps_cpp.so\n'}
[53.288116] (micro_ros_msgs) StdoutLine: {'line': b'-- Set runtime path of "/home/ubuntu/uav_landing_sim_wg/install/micro_ros_msgs/lib/libmicro_ros_msgs__rosidl_typesupport_fastrtps_cpp.so" to ""\n'}
[53.288776] (micro_ros_msgs) StdoutLine: {'line': b'-- Up-to-date: /home/ubuntu/uav_landing_sim_wg/install/micro_ros_msgs/include/micro_ros_msgs/micro_ros_msgs\n'}
[53.289158] (micro_ros_msgs) StdoutLine: {'line': b'-- Up-to-date: /home/ubuntu/uav_landing_sim_wg/install/micro_ros_msgs/include/micro_ros_msgs/micro_ros_msgs/msg\n'}
[53.289511] (micro_ros_msgs) StdoutLine: {'line': b'-- Up-to-date: /home/ubuntu/uav_landing_sim_wg/install/micro_ros_msgs/include/micro_ros_msgs/micro_ros_msgs/msg/detail\n'}
[53.289888] (micro_ros_msgs) StdoutLine: {'line': b'-- Installing: /home/ubuntu/uav_landing_sim_wg/install/micro_ros_msgs/include/micro_ros_msgs/micro_ros_msgs/msg/detail/node__rosidl_typesupport_introspection_cpp.hpp\n'}
[53.291186] (micro_ros_msgs) StdoutLine: {'line': b'-- Installing: /home/ubuntu/uav_landing_sim_wg/install/micro_ros_msgs/include/micro_ros_msgs/micro_ros_msgs/msg/detail/graph__type_support.cpp\n'}
[53.292456] (micro_ros_msgs) StdoutLine: {'line': b'-- Installing: /home/ubuntu/uav_landing_sim_wg/install/micro_ros_msgs/include/micro_ros_msgs/micro_ros_msgs/msg/detail/entity__rosidl_typesupport_introspection_cpp.hpp\n'}
[53.293733] (micro_ros_msgs) StdoutLine: {'line': b'-- Installing: /home/ubuntu/uav_landing_sim_wg/install/micro_ros_msgs/include/micro_ros_msgs/micro_ros_msgs/msg/detail/entity__type_support.cpp\n'}
[53.294959] (micro_ros_msgs) StdoutLine: {'line': b'-- Installing: /home/ubuntu/uav_landing_sim_wg/install/micro_ros_msgs/include/micro_ros_msgs/micro_ros_msgs/msg/detail/node__type_support.cpp\n'}
[53.296167] (micro_ros_msgs) StdoutLine: {'line': b'-- Installing: /home/ubuntu/uav_landing_sim_wg/install/micro_ros_msgs/include/micro_ros_msgs/micro_ros_msgs/msg/detail/graph__rosidl_typesupport_introspection_cpp.hpp\n'}
[53.306642] (micro_ros_msgs) StdoutLine: {'line': b'-- Installing: /home/ubuntu/uav_landing_sim_wg/install/micro_ros_msgs/lib/libmicro_ros_msgs__rosidl_typesupport_introspection_cpp.so\n'}
[53.314959] (micro_ros_msgs) StdoutLine: {'line': b'-- Set runtime path of "/home/ubuntu/uav_landing_sim_wg/install/micro_ros_msgs/lib/libmicro_ros_msgs__rosidl_typesupport_introspection_cpp.so" to ""\n'}
[53.316069] (micro_ros_msgs) StdoutLine: {'line': b'-- Installing: /home/ubuntu/uav_landing_sim_wg/install/micro_ros_msgs/lib/libmicro_ros_msgs__rosidl_typesupport_cpp.so\n'}
[53.319940] (micro_ros_msgs) StdoutLine: {'line': b'-- Set runtime path of "/home/ubuntu/uav_landing_sim_wg/install/micro_ros_msgs/lib/libmicro_ros_msgs__rosidl_typesupport_cpp.so" to ""\n'}
[53.320513] (micro_ros_msgs) StdoutLine: {'line': b'-- Installing: /home/ubuntu/uav_landing_sim_wg/install/micro_ros_msgs/share/micro_ros_msgs/environment/pythonpath.sh\n'}
[53.321663] (micro_ros_msgs) StdoutLine: {'line': b'-- Installing: /home/ubuntu/uav_landing_sim_wg/install/micro_ros_msgs/share/micro_ros_msgs/environment/pythonpath.dsv\n'}
[53.322773] (micro_ros_msgs) StdoutLine: {'line': b'-- Installing: /home/ubuntu/uav_landing_sim_wg/install/micro_ros_msgs/local/lib/python3.10/dist-packages/micro_ros_msgs-3.0.1-py3.10.egg-info\n'}
[53.323783] (micro_ros_msgs) StdoutLine: {'line': b'-- Installing: /home/ubuntu/uav_landing_sim_wg/install/micro_ros_msgs/local/lib/python3.10/dist-packages/micro_ros_msgs-3.0.1-py3.10.egg-info/PKG-INFO\n'}
[53.325018] (micro_ros_msgs) StdoutLine: {'line': b'-- Installing: /home/ubuntu/uav_landing_sim_wg/install/micro_ros_msgs/local/lib/python3.10/dist-packages/micro_ros_msgs-3.0.1-py3.10.egg-info/top_level.txt\n'}
[53.326221] (micro_ros_msgs) StdoutLine: {'line': b'-- Installing: /home/ubuntu/uav_landing_sim_wg/install/micro_ros_msgs/local/lib/python3.10/dist-packages/micro_ros_msgs-3.0.1-py3.10.egg-info/SOURCES.txt\n'}
[53.327363] (micro_ros_msgs) StdoutLine: {'line': b'-- Installing: /home/ubuntu/uav_landing_sim_wg/install/micro_ros_msgs/local/lib/python3.10/dist-packages/micro_ros_msgs-3.0.1-py3.10.egg-info/dependency_links.txt\n'}
[53.328693] (micro_ros_msgs) StdoutLine: {'line': b'-- Installing: /home/ubuntu/uav_landing_sim_wg/install/micro_ros_msgs/local/lib/python3.10/dist-packages/micro_ros_msgs\n'}
[53.329578] (micro_ros_msgs) StdoutLine: {'line': b'-- Installing: /home/ubuntu/uav_landing_sim_wg/install/micro_ros_msgs/local/lib/python3.10/dist-packages/micro_ros_msgs/micro_ros_msgs_s__rosidl_typesupport_fastrtps_c.cpython-310-aarch64-linux-gnu.so\n'}
[53.331180] (micro_ros_msgs) StdoutLine: {'line': b'-- Installing: /home/ubuntu/uav_landing_sim_wg/install/micro_ros_msgs/local/lib/python3.10/dist-packages/micro_ros_msgs/_micro_ros_msgs_s.ep.rosidl_typesupport_introspection_c.c\n'}
[53.332584] (micro_ros_msgs) StdoutLine: {'line': b'-- Installing: /home/ubuntu/uav_landing_sim_wg/install/micro_ros_msgs/local/lib/python3.10/dist-packages/micro_ros_msgs/__init__.py\n'}
[53.333609] (micro_ros_msgs) StdoutLine: {'line': b'-- Installing: /home/ubuntu/uav_landing_sim_wg/install/micro_ros_msgs/local/lib/python3.10/dist-packages/micro_ros_msgs/micro_ros_msgs_s__rosidl_typesupport_c.cpython-310-aarch64-linux-gnu.so\n'}
[53.335180] (micro_ros_msgs) StdoutLine: {'line': b'-- Installing: /home/ubuntu/uav_landing_sim_wg/install/micro_ros_msgs/local/lib/python3.10/dist-packages/micro_ros_msgs/micro_ros_msgs_s__rosidl_typesupport_introspection_c.cpython-310-aarch64-linux-gnu.so\n'}
[53.336716] (micro_ros_msgs) StdoutLine: {'line': b'-- Installing: /home/ubuntu/uav_landing_sim_wg/install/micro_ros_msgs/local/lib/python3.10/dist-packages/micro_ros_msgs/_micro_ros_msgs_s.ep.rosidl_typesupport_fastrtps_c.c\n'}
[53.338026] (micro_ros_msgs) StdoutLine: {'line': b'-- Installing: /home/ubuntu/uav_landing_sim_wg/install/micro_ros_msgs/local/lib/python3.10/dist-packages/micro_ros_msgs/_micro_ros_msgs_s.ep.rosidl_typesupport_c.c\n'}
[53.339216] (micro_ros_msgs) StdoutLine: {'line': b'-- Installing: /home/ubuntu/uav_landing_sim_wg/install/micro_ros_msgs/local/lib/python3.10/dist-packages/micro_ros_msgs/msg\n'}
[53.340049] (micro_ros_msgs) StdoutLine: {'line': b'-- Installing: /home/ubuntu/uav_landing_sim_wg/install/micro_ros_msgs/local/lib/python3.10/dist-packages/micro_ros_msgs/msg/_node_s.c\n'}
[53.341367] (micro_ros_msgs) StdoutLine: {'line': b'-- Installing: /home/ubuntu/uav_landing_sim_wg/install/micro_ros_msgs/local/lib/python3.10/dist-packages/micro_ros_msgs/msg/__init__.py\n'}
[53.342377] (micro_ros_msgs) StdoutLine: {'line': b'-- Installing: /home/ubuntu/uav_landing_sim_wg/install/micro_ros_msgs/local/lib/python3.10/dist-packages/micro_ros_msgs/msg/_graph_s.c\n'}
[53.343449] (micro_ros_msgs) StdoutLine: {'line': b'-- Installing: /home/ubuntu/uav_landing_sim_wg/install/micro_ros_msgs/local/lib/python3.10/dist-packages/micro_ros_msgs/msg/_entity.py\n'}
[53.344613] (micro_ros_msgs) StdoutLine: {'line': b'-- Installing: /home/ubuntu/uav_landing_sim_wg/install/micro_ros_msgs/local/lib/python3.10/dist-packages/micro_ros_msgs/msg/_graph.py\n'}
[53.345697] (micro_ros_msgs) StdoutLine: {'line': b'-- Installing: /home/ubuntu/uav_landing_sim_wg/install/micro_ros_msgs/local/lib/python3.10/dist-packages/micro_ros_msgs/msg/_entity_s.c\n'}
[53.346807] (micro_ros_msgs) StdoutLine: {'line': b'-- Installing: /home/ubuntu/uav_landing_sim_wg/install/micro_ros_msgs/local/lib/python3.10/dist-packages/micro_ros_msgs/msg/_node.py\n'}
[53.347898] (micro_ros_msgs) StdoutLine: {'line': b'-- Installing: /home/ubuntu/uav_landing_sim_wg/install/micro_ros_msgs/local/lib/python3.10/dist-packages/micro_ros_msgs/libmicro_ros_msgs__rosidl_generator_py.so\n'}
[53.360445] (-) TimerEvent: {}
[53.461373] (-) TimerEvent: {}
[53.515381] (micro_ros_msgs) StdoutLine: {'line': b"Listing '/home/ubuntu/uav_landing_sim_wg/install/micro_ros_msgs/local/lib/python3.10/dist-packages/micro_ros_msgs'...\n"}
[53.516912] (micro_ros_msgs) StdoutLine: {'line': b"Compiling '/home/ubuntu/uav_landing_sim_wg/install/micro_ros_msgs/local/lib/python3.10/dist-packages/micro_ros_msgs/__init__.py'...\n"}
[53.517928] (micro_ros_msgs) StdoutLine: {'line': b"Listing '/home/ubuntu/uav_landing_sim_wg/install/micro_ros_msgs/local/lib/python3.10/dist-packages/micro_ros_msgs/msg'...\n"}
[53.518990] (micro_ros_msgs) StdoutLine: {'line': b"Compiling '/home/ubuntu/uav_landing_sim_wg/install/micro_ros_msgs/local/lib/python3.10/dist-packages/micro_ros_msgs/msg/__init__.py'...\n"}
[53.520038] (micro_ros_msgs) StdoutLine: {'line': b"Compiling '/home/ubuntu/uav_landing_sim_wg/install/micro_ros_msgs/local/lib/python3.10/dist-packages/micro_ros_msgs/msg/_entity.py'...\n"}
[53.520922] (micro_ros_msgs) StdoutLine: {'line': b"Compiling '/home/ubuntu/uav_landing_sim_wg/install/micro_ros_msgs/local/lib/python3.10/dist-packages/micro_ros_msgs/msg/_graph.py'...\n"}
[53.521934] (micro_ros_msgs) StdoutLine: {'line': b"Compiling '/home/ubuntu/uav_landing_sim_wg/install/micro_ros_msgs/local/lib/python3.10/dist-packages/micro_ros_msgs/msg/_node.py'...\n"}
[53.544098] (micro_ros_msgs) StdoutLine: {'line': b'-- Installing: /home/ubuntu/uav_landing_sim_wg/install/micro_ros_msgs/local/lib/python3.10/dist-packages/micro_ros_msgs/micro_ros_msgs_s__rosidl_typesupport_fastrtps_c.cpython-310-aarch64-linux-gnu.so\n'}
[53.547071] (micro_ros_msgs) StdoutLine: {'line': b'-- Set runtime path of "/home/ubuntu/uav_landing_sim_wg/install/micro_ros_msgs/local/lib/python3.10/dist-packages/micro_ros_msgs/micro_ros_msgs_s__rosidl_typesupport_fastrtps_c.cpython-310-aarch64-linux-gnu.so" to ""\n'}
[53.548778] (micro_ros_msgs) StdoutLine: {'line': b'-- Installing: /home/ubuntu/uav_landing_sim_wg/install/micro_ros_msgs/local/lib/python3.10/dist-packages/micro_ros_msgs/micro_ros_msgs_s__rosidl_typesupport_introspection_c.cpython-310-aarch64-linux-gnu.so\n'}
[53.551837] (micro_ros_msgs) StdoutLine: {'line': b'-- Set runtime path of "/home/ubuntu/uav_landing_sim_wg/install/micro_ros_msgs/local/lib/python3.10/dist-packages/micro_ros_msgs/micro_ros_msgs_s__rosidl_typesupport_introspection_c.cpython-310-aarch64-linux-gnu.so" to ""\n'}
[53.553439] (micro_ros_msgs) StdoutLine: {'line': b'-- Installing: /home/ubuntu/uav_landing_sim_wg/install/micro_ros_msgs/local/lib/python3.10/dist-packages/micro_ros_msgs/micro_ros_msgs_s__rosidl_typesupport_c.cpython-310-aarch64-linux-gnu.so\n'}
[53.556501] (micro_ros_msgs) StdoutLine: {'line': b'-- Set runtime path of "/home/ubuntu/uav_landing_sim_wg/install/micro_ros_msgs/local/lib/python3.10/dist-packages/micro_ros_msgs/micro_ros_msgs_s__rosidl_typesupport_c.cpython-310-aarch64-linux-gnu.so" to ""\n'}
[53.557122] (micro_ros_msgs) StdoutLine: {'line': b'-- Installing: /home/ubuntu/uav_landing_sim_wg/install/micro_ros_msgs/lib/libmicro_ros_msgs__rosidl_generator_py.so\n'}
[53.559996] (micro_ros_msgs) StdoutLine: {'line': b'-- Set runtime path of "/home/ubuntu/uav_landing_sim_wg/install/micro_ros_msgs/lib/libmicro_ros_msgs__rosidl_generator_py.so" to ""\n'}
[53.560589] (micro_ros_msgs) StdoutLine: {'line': b'-- Installing: /home/ubuntu/uav_landing_sim_wg/install/micro_ros_msgs/share/micro_ros_msgs/rust\n'}
[53.561036] (micro_ros_msgs) StdoutLine: {'line': b'-- Installing: /home/ubuntu/uav_landing_sim_wg/install/micro_ros_msgs/share/micro_ros_msgs/rust/src\n'}
[53.561362] (-) TimerEvent: {}
[53.561790] (micro_ros_msgs) StdoutLine: {'line': b'-- Installing: /home/ubuntu/uav_landing_sim_wg/install/micro_ros_msgs/share/micro_ros_msgs/rust/src/msg.rs\n'}
[53.562822] (micro_ros_msgs) StdoutLine: {'line': b'-- Installing: /home/ubuntu/uav_landing_sim_wg/install/micro_ros_msgs/share/micro_ros_msgs/rust/src/msg\n'}
[53.563509] (micro_ros_msgs) StdoutLine: {'line': b'-- Installing: /home/ubuntu/uav_landing_sim_wg/install/micro_ros_msgs/share/micro_ros_msgs/rust/src/msg/rmw.rs\n'}
[53.564637] (micro_ros_msgs) StdoutLine: {'line': b'-- Installing: /home/ubuntu/uav_landing_sim_wg/install/micro_ros_msgs/share/micro_ros_msgs/rust/src/lib.rs\n'}
[53.565868] (micro_ros_msgs) StdoutLine: {'line': b'-- Installing: /home/ubuntu/uav_landing_sim_wg/install/micro_ros_msgs/share/micro_ros_msgs/rust/build.rs\n'}
[53.566802] (micro_ros_msgs) StdoutLine: {'line': b'-- Installing: /home/ubuntu/uav_landing_sim_wg/install/micro_ros_msgs/share/micro_ros_msgs/rust/Cargo.toml\n'}
[53.568326] (micro_ros_msgs) StdoutLine: {'line': b'-- Installing: /home/ubuntu/uav_landing_sim_wg/install/micro_ros_msgs/share/micro_ros_msgs/msg/Graph.idl\n'}
[53.569453] (micro_ros_msgs) StdoutLine: {'line': b'-- Installing: /home/ubuntu/uav_landing_sim_wg/install/micro_ros_msgs/share/micro_ros_msgs/msg/Node.idl\n'}
[53.570584] (micro_ros_msgs) StdoutLine: {'line': b'-- Installing: /home/ubuntu/uav_landing_sim_wg/install/micro_ros_msgs/share/micro_ros_msgs/msg/Entity.idl\n'}
[53.571801] (micro_ros_msgs) StdoutLine: {'line': b'-- Installing: /home/ubuntu/uav_landing_sim_wg/install/micro_ros_msgs/share/micro_ros_msgs/msg/Graph.msg\n'}
[53.572969] (micro_ros_msgs) StdoutLine: {'line': b'-- Installing: /home/ubuntu/uav_landing_sim_wg/install/micro_ros_msgs/share/micro_ros_msgs/msg/Node.msg\n'}
[53.574054] (micro_ros_msgs) StdoutLine: {'line': b'-- Installing: /home/ubuntu/uav_landing_sim_wg/install/micro_ros_msgs/share/micro_ros_msgs/msg/Entity.msg\n'}
[53.575555] (micro_ros_msgs) StdoutLine: {'line': b'-- Installing: /home/ubuntu/uav_landing_sim_wg/install/micro_ros_msgs/share/ament_index/resource_index/package_run_dependencies/micro_ros_msgs\n'}
[53.577255] (micro_ros_msgs) StdoutLine: {'line': b'-- Installing: /home/ubuntu/uav_landing_sim_wg/install/micro_ros_msgs/share/ament_index/resource_index/parent_prefix_path/micro_ros_msgs\n'}
[53.578522] (micro_ros_msgs) StdoutLine: {'line': b'-- Installing: /home/ubuntu/uav_landing_sim_wg/install/micro_ros_msgs/share/micro_ros_msgs/environment/ament_prefix_path.sh\n'}
[53.579728] (micro_ros_msgs) StdoutLine: {'line': b'-- Installing: /home/ubuntu/uav_landing_sim_wg/install/micro_ros_msgs/share/micro_ros_msgs/environment/ament_prefix_path.dsv\n'}
[53.581062] (micro_ros_msgs) StdoutLine: {'line': b'-- Installing: /home/ubuntu/uav_landing_sim_wg/install/micro_ros_msgs/share/micro_ros_msgs/environment/path.sh\n'}
[53.582200] (micro_ros_msgs) StdoutLine: {'line': b'-- Installing: /home/ubuntu/uav_landing_sim_wg/install/micro_ros_msgs/share/micro_ros_msgs/environment/path.dsv\n'}
[53.583361] (micro_ros_msgs) StdoutLine: {'line': b'-- Installing: /home/ubuntu/uav_landing_sim_wg/install/micro_ros_msgs/share/micro_ros_msgs/local_setup.bash\n'}
[53.584538] (micro_ros_msgs) StdoutLine: {'line': b'-- Installing: /home/ubuntu/uav_landing_sim_wg/install/micro_ros_msgs/share/micro_ros_msgs/local_setup.sh\n'}
[53.585751] (micro_ros_msgs) StdoutLine: {'line': b'-- Installing: /home/ubuntu/uav_landing_sim_wg/install/micro_ros_msgs/share/micro_ros_msgs/local_setup.zsh\n'}
[53.586916] (micro_ros_msgs) StdoutLine: {'line': b'-- Installing: /home/ubuntu/uav_landing_sim_wg/install/micro_ros_msgs/share/micro_ros_msgs/local_setup.dsv\n'}
[53.588043] (micro_ros_msgs) StdoutLine: {'line': b'-- Installing: /home/ubuntu/uav_landing_sim_wg/install/micro_ros_msgs/share/micro_ros_msgs/package.dsv\n'}
[53.589750] (micro_ros_msgs) StdoutLine: {'line': b'-- Installing: /home/ubuntu/uav_landing_sim_wg/install/micro_ros_msgs/share/ament_index/resource_index/packages/micro_ros_msgs\n'}
[53.591292] (micro_ros_msgs) StdoutLine: {'line': b'-- Installing: /home/ubuntu/uav_landing_sim_wg/install/micro_ros_msgs/share/micro_ros_msgs/cmake/export_micro_ros_msgs__rosidl_generator_cExport.cmake\n'}
[53.592729] (micro_ros_msgs) StdoutLine: {'line': b'-- Installing: /home/ubuntu/uav_landing_sim_wg/install/micro_ros_msgs/share/micro_ros_msgs/cmake/export_micro_ros_msgs__rosidl_generator_cExport-noconfig.cmake\n'}
[53.594261] (micro_ros_msgs) StdoutLine: {'line': b'-- Installing: /home/ubuntu/uav_landing_sim_wg/install/micro_ros_msgs/share/micro_ros_msgs/cmake/export_micro_ros_msgs__rosidl_typesupport_fastrtps_cExport.cmake\n'}
[53.595730] (micro_ros_msgs) StdoutLine: {'line': b'-- Installing: /home/ubuntu/uav_landing_sim_wg/install/micro_ros_msgs/share/micro_ros_msgs/cmake/export_micro_ros_msgs__rosidl_typesupport_fastrtps_cExport-noconfig.cmake\n'}
[53.597416] (micro_ros_msgs) StdoutLine: {'line': b'-- Installing: /home/ubuntu/uav_landing_sim_wg/install/micro_ros_msgs/share/micro_ros_msgs/cmake/micro_ros_msgs__rosidl_typesupport_introspection_cExport.cmake\n'}
[53.598898] (micro_ros_msgs) StdoutLine: {'line': b'-- Installing: /home/ubuntu/uav_landing_sim_wg/install/micro_ros_msgs/share/micro_ros_msgs/cmake/micro_ros_msgs__rosidl_typesupport_introspection_cExport-noconfig.cmake\n'}
[53.600452] (micro_ros_msgs) StdoutLine: {'line': b'-- Installing: /home/ubuntu/uav_landing_sim_wg/install/micro_ros_msgs/share/micro_ros_msgs/cmake/micro_ros_msgs__rosidl_typesupport_cExport.cmake\n'}
[53.601932] (micro_ros_msgs) StdoutLine: {'line': b'-- Installing: /home/ubuntu/uav_landing_sim_wg/install/micro_ros_msgs/share/micro_ros_msgs/cmake/micro_ros_msgs__rosidl_typesupport_cExport-noconfig.cmake\n'}
[53.603404] (micro_ros_msgs) StdoutLine: {'line': b'-- Installing: /home/ubuntu/uav_landing_sim_wg/install/micro_ros_msgs/share/micro_ros_msgs/cmake/export_micro_ros_msgs__rosidl_generator_cppExport.cmake\n'}
[53.605060] (micro_ros_msgs) StdoutLine: {'line': b'-- Installing: /home/ubuntu/uav_landing_sim_wg/install/micro_ros_msgs/share/micro_ros_msgs/cmake/export_micro_ros_msgs__rosidl_typesupport_fastrtps_cppExport.cmake\n'}
[53.606515] (micro_ros_msgs) StdoutLine: {'line': b'-- Installing: /home/ubuntu/uav_landing_sim_wg/install/micro_ros_msgs/share/micro_ros_msgs/cmake/export_micro_ros_msgs__rosidl_typesupport_fastrtps_cppExport-noconfig.cmake\n'}
[53.608077] (micro_ros_msgs) StdoutLine: {'line': b'-- Installing: /home/ubuntu/uav_landing_sim_wg/install/micro_ros_msgs/share/micro_ros_msgs/cmake/micro_ros_msgs__rosidl_typesupport_introspection_cppExport.cmake\n'}
[53.609603] (micro_ros_msgs) StdoutLine: {'line': b'-- Installing: /home/ubuntu/uav_landing_sim_wg/install/micro_ros_msgs/share/micro_ros_msgs/cmake/micro_ros_msgs__rosidl_typesupport_introspection_cppExport-noconfig.cmake\n'}
[53.611145] (micro_ros_msgs) StdoutLine: {'line': b'-- Installing: /home/ubuntu/uav_landing_sim_wg/install/micro_ros_msgs/share/micro_ros_msgs/cmake/micro_ros_msgs__rosidl_typesupport_cppExport.cmake\n'}
[53.612664] (micro_ros_msgs) StdoutLine: {'line': b'-- Installing: /home/ubuntu/uav_landing_sim_wg/install/micro_ros_msgs/share/micro_ros_msgs/cmake/micro_ros_msgs__rosidl_typesupport_cppExport-noconfig.cmake\n'}
[53.614133] (micro_ros_msgs) StdoutLine: {'line': b'-- Installing: /home/ubuntu/uav_landing_sim_wg/install/micro_ros_msgs/share/micro_ros_msgs/cmake/export_micro_ros_msgs__rosidl_generator_pyExport.cmake\n'}
[53.615589] (micro_ros_msgs) StdoutLine: {'line': b'-- Installing: /home/ubuntu/uav_landing_sim_wg/install/micro_ros_msgs/share/micro_ros_msgs/cmake/export_micro_ros_msgs__rosidl_generator_pyExport-noconfig.cmake\n'}
[53.616990] (micro_ros_msgs) StdoutLine: {'line': b'-- Installing: /home/ubuntu/uav_landing_sim_wg/install/micro_ros_msgs/share/micro_ros_msgs/cmake/rosidl_cmake-extras.cmake\n'}
[53.618258] (micro_ros_msgs) StdoutLine: {'line': b'-- Installing: /home/ubuntu/uav_landing_sim_wg/install/micro_ros_msgs/share/micro_ros_msgs/cmake/ament_cmake_export_include_directories-extras.cmake\n'}
[53.619548] (micro_ros_msgs) StdoutLine: {'line': b'-- Installing: /home/ubuntu/uav_landing_sim_wg/install/micro_ros_msgs/share/micro_ros_msgs/cmake/ament_cmake_export_libraries-extras.cmake\n'}
[53.620938] (micro_ros_msgs) StdoutLine: {'line': b'-- Installing: /home/ubuntu/uav_landing_sim_wg/install/micro_ros_msgs/share/micro_ros_msgs/cmake/ament_cmake_export_targets-extras.cmake\n'}
[53.622219] (micro_ros_msgs) StdoutLine: {'line': b'-- Installing: /home/ubuntu/uav_landing_sim_wg/install/micro_ros_msgs/share/micro_ros_msgs/cmake/rosidl_cmake_export_typesupport_targets-extras.cmake\n'}
[53.623551] (micro_ros_msgs) StdoutLine: {'line': b'-- Installing: /home/ubuntu/uav_landing_sim_wg/install/micro_ros_msgs/share/micro_ros_msgs/cmake/ament_cmake_export_dependencies-extras.cmake\n'}
[53.625050] (micro_ros_msgs) StdoutLine: {'line': b'-- Installing: /home/ubuntu/uav_landing_sim_wg/install/micro_ros_msgs/share/micro_ros_msgs/cmake/rosidl_cmake_export_typesupport_libraries-extras.cmake\n'}
[53.626348] (micro_ros_msgs) StdoutLine: {'line': b'-- Installing: /home/ubuntu/uav_landing_sim_wg/install/micro_ros_msgs/share/micro_ros_msgs/cmake/rosidl_cmake_aggregate_target-extras.cmake\n'}
[53.627575] (micro_ros_msgs) StdoutLine: {'line': b'-- Installing: /home/ubuntu/uav_landing_sim_wg/install/micro_ros_msgs/share/micro_ros_msgs/cmake/micro_ros_msgsConfig.cmake\n'}
[53.628722] (micro_ros_msgs) StdoutLine: {'line': b'-- Installing: /home/ubuntu/uav_landing_sim_wg/install/micro_ros_msgs/share/micro_ros_msgs/cmake/micro_ros_msgsConfig-version.cmake\n'}
[53.629959] (micro_ros_msgs) StdoutLine: {'line': b'-- Installing: /home/ubuntu/uav_landing_sim_wg/install/micro_ros_msgs/share/micro_ros_msgs/package.xml\n'}
[53.637609] (micro_ros_msgs) CommandEnded: {'returncode': 0}
[53.662869] (-) TimerEvent: {}
[53.765564] (-) TimerEvent: {}
[53.821885] (micro_ros_msgs) JobEnded: {'identifier': 'micro_ros_msgs', 'rc': 0}
[53.825660] (micro_ros_agent) JobStarted: {'identifier': 'micro_ros_agent'}
[53.864607] (micro_ros_agent) JobProgress: {'identifier': 'micro_ros_agent', 'progress': 'cmake'}
[53.865770] (-) TimerEvent: {}
[53.870734] (micro_ros_agent) Command: {'cmd': ['/usr/bin/cmake', '/home/ubuntu/uav_landing_sim_wg/src/uros/micro-ROS-Agent/micro_ros_agent', '-DUAGENT_BUILD_EXECUTABLE=OFF', '-DUAGENT_P2P_PROFILE=OFF', '--no-warn-unused-cli', '-DCMAKE_INSTALL_PREFIX=/home/ubuntu/uav_landing_sim_wg/install/micro_ros_agent'], 'cwd': '/home/ubuntu/uav_landing_sim_wg/build/micro_ros_agent', 'env': OrderedDict([('LESSOPEN', '| /usr/bin/lesspipe %s'), ('USER', 'ubuntu'), ('SSH_CLIENT', '192.168.0.114 48056 22'), ('XDG_SESSION_TYPE', 'tty'), ('SHLVL', '2'), ('LD_LIBRARY_PATH', '/home/ubuntu/uav_landing_sim_wg/install/micro_ros_msgs/lib:/home/ubuntu/uav_landing_sim_wg/install/microxrcedds_agent/lib:/home/ubuntu/uav_landing_sim_wg/install/micro_ros_agent/lib:/opt/ros/humble/lib/aarch64-linux-gnu:/opt/ros/humble/lib'), ('MOTD_SHOWN', 'pam'), ('HOME', '/home/ubuntu'), ('OLDPWD', '/home/ubuntu'), ('SSH_TTY', '/dev/pts/0'), ('ROS_PYTHON_VERSION', '3'), ('MAKEFLAGS', '-j1'), ('DBUS_SESSION_BUS_ADDRESS', 'unix:path=/run/user/1000/bus'), ('COLCON_PREFIX_PATH', '/home/ubuntu/uav_landing_sim_wg/install'), ('ROS_DISTRO', 'humble'), ('LOGNAME', 'ubuntu'), ('_', '/usr/bin/colcon'), ('ROS_VERSION', '2'), ('XDG_SESSION_CLASS', 'user'), ('TERM', 'xterm-256color'), ('XDG_SESSION_ID', '1'), ('ROS_LOCALHOST_ONLY', '0'), ('PATH', '/home/ubuntu/.local/bin:/home/ubuntu/uav_landing_sim_wg/install/microxrcedds_agent/bin:/opt/ros/humble/bin:/usr/local/sbin:/usr/local/bin:/usr/sbin:/usr/bin:/sbin:/bin:/usr/games:/usr/local/games:/snap/bin:/home/ubuntu/.local/bin'), ('XDG_RUNTIME_DIR', '/run/user/1000'), ('LANG', 'en_US.UTF-8'), ('LS_COLORS', 'rs=0:di=01;34:ln=01;36:mh=00:pi=40;33:so=01;35:do=01;35:bd=40;33;01:cd=40;33;01:or=40;31;01:mi=00:su=37;41:sg=30;43:ca=30;41:tw=30;42:ow=34;42:st=37;44:ex=01;32:*.tar=01;31:*.tgz=01;31:*.arc=01;31:*.arj=01;31:*.taz=01;31:*.lha=01;31:*.lz4=01;31:*.lzh=01;31:*.lzma=01;31:*.tlz=01;31:*.txz=01;31:*.tzo=01;31:*.t7z=01;31:*.zip=01;31:*.z=01;31:*.dz=01;31:*.gz=01;31:*.lrz=01;31:*.lz=01;31:*.lzo=01;31:*.xz=01;31:*.zst=01;31:*.tzst=01;31:*.bz2=01;31:*.bz=01;31:*.tbz=01;31:*.tbz2=01;31:*.tz=01;31:*.deb=01;31:*.rpm=01;31:*.jar=01;31:*.war=01;31:*.ear=01;31:*.sar=01;31:*.rar=01;31:*.alz=01;31:*.ace=01;31:*.zoo=01;31:*.cpio=01;31:*.7z=01;31:*.rz=01;31:*.cab=01;31:*.wim=01;31:*.swm=01;31:*.dwm=01;31:*.esd=01;31:*.jpg=01;35:*.jpeg=01;35:*.mjpg=01;35:*.mjpeg=01;35:*.gif=01;35:*.bmp=01;35:*.pbm=01;35:*.pgm=01;35:*.ppm=01;35:*.tga=01;35:*.xbm=01;35:*.xpm=01;35:*.tif=01;35:*.tiff=01;35:*.png=01;35:*.svg=01;35:*.svgz=01;35:*.mng=01;35:*.pcx=01;35:*.mov=01;35:*.mpg=01;35:*.mpeg=01;35:*.m2v=01;35:*.mkv=01;35:*.webm=01;35:*.webp=01;35:*.ogm=01;35:*.mp4=01;35:*.m4v=01;35:*.mp4v=01;35:*.vob=01;35:*.qt=01;35:*.nuv=01;35:*.wmv=01;35:*.asf=01;35:*.rm=01;35:*.rmvb=01;35:*.flc=01;35:*.avi=01;35:*.fli=01;35:*.flv=01;35:*.gl=01;35:*.dl=01;35:*.xcf=01;35:*.xwd=01;35:*.yuv=01;35:*.cgm=01;35:*.emf=01;35:*.ogv=01;35:*.ogx=01;35:*.aac=00;36:*.au=00;36:*.flac=00;36:*.m4a=00;36:*.mid=00;36:*.midi=00;36:*.mka=00;36:*.mp3=00;36:*.mpc=00;36:*.ogg=00;36:*.ra=00;36:*.wav=00;36:*.oga=00;36:*.opus=00;36:*.spx=00;36:*.xspf=00;36:'), ('AMENT_PREFIX_PATH', '/home/ubuntu/uav_landing_sim_wg/install/uav_vision:/home/ubuntu/uav_landing_sim_wg/install/uav_autonomy:/home/ubuntu/uav_landing_sim_wg/install/uav_interfaces:/home/ubuntu/uav_landing_sim_wg/install/micro_ros_setup:/home/ubuntu/uav_landing_sim_wg/install/micro_ros_msgs:/opt/ros/humble'), ('SHELL', '/bin/bash'), ('LESSCLOSE', '/usr/bin/lesspipe %s %s'), ('PWD', '/home/ubuntu/uav_landing_sim_wg/build/micro_ros_agent'), ('LC_ALL', 'en_US.UTF-8'), ('SSH_CONNECTION', '192.168.0.114 48056 192.168.0.149 22'), ('XDG_DATA_DIRS', '/usr/local/share:/usr/share:/var/lib/snapd/desktop'), ('PYTHONPATH', '/home/ubuntu/uav_landing_sim_wg/install/micro_ros_msgs/local/lib/python3.10/dist-packages:/opt/ros/humble/lib/python3.10/site-packages:/opt/ros/humble/local/lib/python3.10/dist-packages'), ('COLCON', '1'), ('CMAKE_PREFIX_PATH', '/home/ubuntu/uav_landing_sim_wg/install/micro_ros_msgs:/home/ubuntu/uav_landing_sim_wg/install/uav_vision:/home/ubuntu/uav_landing_sim_wg/install/uav_autonomy:/home/ubuntu/uav_landing_sim_wg/install/uav_interfaces:/home/ubuntu/uav_landing_sim_wg/install/microxrcedds_agent:/home/ubuntu/uav_landing_sim_wg/install/micro_ros_setup:/home/ubuntu/uav_landing_sim_wg/install/micro_ros_agent:/opt/ros/humble')]), 'shell': False}
[53.903680] (micro_ros_agent) StdoutLine: {'line': b'Not searching for unused variables given on the command line.\n'}
[53.966018] (-) TimerEvent: {}
[54.066808] (-) TimerEvent: {}
[54.167636] (-) TimerEvent: {}
[54.170911] (micro_ros_agent) StdoutLine: {'line': b'-- The C compiler identification is GNU 11.4.0\n'}
[54.202182] (micro_ros_agent) StdoutLine: {'line': b'-- Detecting C compiler ABI info\n'}
[54.267856] (-) TimerEvent: {}
[54.368797] (-) TimerEvent: {}
[54.469602] (-) TimerEvent: {}
[54.532703] (micro_ros_agent) StdoutLine: {'line': b'-- Detecting C compiler ABI info - done\n'}
[54.558432] (micro_ros_agent) StdoutLine: {'line': b'-- Check for working C compiler: /usr/bin/cc - skipped\n'}
[54.559212] (micro_ros_agent) StdoutLine: {'line': b'-- Detecting C compile features\n'}
[54.560578] (micro_ros_agent) StdoutLine: {'line': b'-- Detecting C compile features - done\n'}
[54.569833] (-) TimerEvent: {}
[54.670550] (-) TimerEvent: {}
[54.771488] (-) TimerEvent: {}
[54.806564] (micro_ros_agent) StdoutLine: {'line': b'-- The CXX compiler identification is GNU 11.4.0\n'}
[54.835667] (micro_ros_agent) StdoutLine: {'line': b'-- Detecting CXX compiler ABI info\n'}
[54.871726] (-) TimerEvent: {}
[54.972558] (-) TimerEvent: {}
[55.073265] (-) TimerEvent: {}
[55.174096] (-) TimerEvent: {}
[55.193232] (micro_ros_agent) StdoutLine: {'line': b'-- Detecting CXX compiler ABI info - done\n'}
[55.220969] (micro_ros_agent) StdoutLine: {'line': b'-- Check for working CXX compiler: /usr/bin/c++ - skipped\n'}
[55.221902] (micro_ros_agent) StdoutLine: {'line': b'-- Detecting CXX compile features\n'}
[55.223532] (micro_ros_agent) StdoutLine: {'line': b'-- Detecting CXX compile features - done\n'}
[55.274264] (-) TimerEvent: {}
[55.374973] (-) TimerEvent: {}
[55.426183] (micro_ros_agent) StdoutLine: {'line': b'-- Configuring done\n'}
[55.444888] (micro_ros_agent) StdoutLine: {'line': b'-- Generating done\n'}
[55.451507] (micro_ros_agent) StdoutLine: {'line': b'-- Build files have been written to: /home/ubuntu/uav_landing_sim_wg/build/micro_ros_agent\n'}
[55.465992] (micro_ros_agent) CommandEnded: {'returncode': 0}
[55.467650] (micro_ros_agent) JobProgress: {'identifier': 'micro_ros_agent', 'progress': 'build'}
[55.471202] (micro_ros_agent) Command: {'cmd': ['/usr/bin/cmake', '--build', '/home/ubuntu/uav_landing_sim_wg/build/micro_ros_agent'], 'cwd': '/home/ubuntu/uav_landing_sim_wg/build/micro_ros_agent', 'env': OrderedDict([('LESSOPEN', '| /usr/bin/lesspipe %s'), ('USER', 'ubuntu'), ('SSH_CLIENT', '192.168.0.114 48056 22'), ('XDG_SESSION_TYPE', 'tty'), ('SHLVL', '2'), ('LD_LIBRARY_PATH', '/home/ubuntu/uav_landing_sim_wg/install/micro_ros_msgs/lib:/home/ubuntu/uav_landing_sim_wg/install/microxrcedds_agent/lib:/home/ubuntu/uav_landing_sim_wg/install/micro_ros_agent/lib:/opt/ros/humble/lib/aarch64-linux-gnu:/opt/ros/humble/lib'), ('MOTD_SHOWN', 'pam'), ('HOME', '/home/ubuntu'), ('OLDPWD', '/home/ubuntu'), ('SSH_TTY', '/dev/pts/0'), ('ROS_PYTHON_VERSION', '3'), ('MAKEFLAGS', '-j1'), ('DBUS_SESSION_BUS_ADDRESS', 'unix:path=/run/user/1000/bus'), ('COLCON_PREFIX_PATH', '/home/ubuntu/uav_landing_sim_wg/install'), ('ROS_DISTRO', 'humble'), ('LOGNAME', 'ubuntu'), ('_', '/usr/bin/colcon'), ('ROS_VERSION', '2'), ('XDG_SESSION_CLASS', 'user'), ('TERM', 'xterm-256color'), ('XDG_SESSION_ID', '1'), ('ROS_LOCALHOST_ONLY', '0'), ('PATH', '/home/ubuntu/.local/bin:/home/ubuntu/uav_landing_sim_wg/install/microxrcedds_agent/bin:/opt/ros/humble/bin:/usr/local/sbin:/usr/local/bin:/usr/sbin:/usr/bin:/sbin:/bin:/usr/games:/usr/local/games:/snap/bin:/home/ubuntu/.local/bin'), ('XDG_RUNTIME_DIR', '/run/user/1000'), ('LANG', 'en_US.UTF-8'), ('LS_COLORS', 'rs=0:di=01;34:ln=01;36:mh=00:pi=40;33:so=01;35:do=01;35:bd=40;33;01:cd=40;33;01:or=40;31;01:mi=00:su=37;41:sg=30;43:ca=30;41:tw=30;42:ow=34;42:st=37;44:ex=01;32:*.tar=01;31:*.tgz=01;31:*.arc=01;31:*.arj=01;31:*.taz=01;31:*.lha=01;31:*.lz4=01;31:*.lzh=01;31:*.lzma=01;31:*.tlz=01;31:*.txz=01;31:*.tzo=01;31:*.t7z=01;31:*.zip=01;31:*.z=01;31:*.dz=01;31:*.gz=01;31:*.lrz=01;31:*.lz=01;31:*.lzo=01;31:*.xz=01;31:*.zst=01;31:*.tzst=01;31:*.bz2=01;31:*.bz=01;31:*.tbz=01;31:*.tbz2=01;31:*.tz=01;31:*.deb=01;31:*.rpm=01;31:*.jar=01;31:*.war=01;31:*.ear=01;31:*.sar=01;31:*.rar=01;31:*.alz=01;31:*.ace=01;31:*.zoo=01;31:*.cpio=01;31:*.7z=01;31:*.rz=01;31:*.cab=01;31:*.wim=01;31:*.swm=01;31:*.dwm=01;31:*.esd=01;31:*.jpg=01;35:*.jpeg=01;35:*.mjpg=01;35:*.mjpeg=01;35:*.gif=01;35:*.bmp=01;35:*.pbm=01;35:*.pgm=01;35:*.ppm=01;35:*.tga=01;35:*.xbm=01;35:*.xpm=01;35:*.tif=01;35:*.tiff=01;35:*.png=01;35:*.svg=01;35:*.svgz=01;35:*.mng=01;35:*.pcx=01;35:*.mov=01;35:*.mpg=01;35:*.mpeg=01;35:*.m2v=01;35:*.mkv=01;35:*.webm=01;35:*.webp=01;35:*.ogm=01;35:*.mp4=01;35:*.m4v=01;35:*.mp4v=01;35:*.vob=01;35:*.qt=01;35:*.nuv=01;35:*.wmv=01;35:*.asf=01;35:*.rm=01;35:*.rmvb=01;35:*.flc=01;35:*.avi=01;35:*.fli=01;35:*.flv=01;35:*.gl=01;35:*.dl=01;35:*.xcf=01;35:*.xwd=01;35:*.yuv=01;35:*.cgm=01;35:*.emf=01;35:*.ogv=01;35:*.ogx=01;35:*.aac=00;36:*.au=00;36:*.flac=00;36:*.m4a=00;36:*.mid=00;36:*.midi=00;36:*.mka=00;36:*.mp3=00;36:*.mpc=00;36:*.ogg=00;36:*.ra=00;36:*.wav=00;36:*.oga=00;36:*.opus=00;36:*.spx=00;36:*.xspf=00;36:'), ('AMENT_PREFIX_PATH', '/home/ubuntu/uav_landing_sim_wg/install/uav_vision:/home/ubuntu/uav_landing_sim_wg/install/uav_autonomy:/home/ubuntu/uav_landing_sim_wg/install/uav_interfaces:/home/ubuntu/uav_landing_sim_wg/install/micro_ros_setup:/home/ubuntu/uav_landing_sim_wg/install/micro_ros_msgs:/opt/ros/humble'), ('SHELL', '/bin/bash'), ('LESSCLOSE', '/usr/bin/lesspipe %s %s'), ('PWD', '/home/ubuntu/uav_landing_sim_wg/build/micro_ros_agent'), ('LC_ALL', 'en_US.UTF-8'), ('SSH_CONNECTION', '192.168.0.114 48056 192.168.0.149 22'), ('XDG_DATA_DIRS', '/usr/local/share:/usr/share:/var/lib/snapd/desktop'), ('PYTHONPATH', '/home/ubuntu/uav_landing_sim_wg/install/micro_ros_msgs/local/lib/python3.10/dist-packages:/opt/ros/humble/lib/python3.10/site-packages:/opt/ros/humble/local/lib/python3.10/dist-packages'), ('COLCON', '1'), ('CMAKE_PREFIX_PATH', '/home/ubuntu/uav_landing_sim_wg/install/micro_ros_msgs:/home/ubuntu/uav_landing_sim_wg/install/uav_vision:/home/ubuntu/uav_landing_sim_wg/install/uav_autonomy:/home/ubuntu/uav_landing_sim_wg/install/uav_interfaces:/home/ubuntu/uav_landing_sim_wg/install/microxrcedds_agent:/home/ubuntu/uav_landing_sim_wg/install/micro_ros_setup:/home/ubuntu/uav_landing_sim_wg/install/micro_ros_agent:/opt/ros/humble')]), 'shell': False}
[55.476861] (-) TimerEvent: {}
[55.578171] (-) TimerEvent: {}
[55.666588] (micro_ros_agent) StdoutLine: {'line': b"[  6%] \x1b[34m\x1b[1mCreating directories for 'xrceagent'\x1b[0m\n"}
[55.678399] (-) TimerEvent: {}
[55.779161] (-) TimerEvent: {}
[55.880057] (-) TimerEvent: {}
[55.942494] (micro_ros_agent) StdoutLine: {'line': b"[ 12%] \x1b[34m\x1b[1mPerforming download step (git clone) for 'xrceagent'\x1b[0m\n"}
[55.980284] (-) TimerEvent: {}
[56.017287] (micro_ros_agent) StderrLine: {'line': b"Cloning into 'xrceagent'...\n"}
[56.080432] (-) TimerEvent: {}
[56.181142] (-) TimerEvent: {}
[56.281930] (-) TimerEvent: {}
[56.382905] (-) TimerEvent: {}
[56.484119] (-) TimerEvent: {}
[56.585192] (-) TimerEvent: {}
[56.686228] (-) TimerEvent: {}
[56.787392] (-) TimerEvent: {}
[56.888435] (-) TimerEvent: {}
[56.989351] (-) TimerEvent: {}
[57.090373] (-) TimerEvent: {}
[57.191576] (-) TimerEvent: {}
[57.292631] (-) TimerEvent: {}
[57.393600] (-) TimerEvent: {}
[57.494531] (-) TimerEvent: {}
[57.595551] (-) TimerEvent: {}
[57.697064] (-) TimerEvent: {}
[57.798271] (-) TimerEvent: {}
[57.899465] (-) TimerEvent: {}
[58.000896] (-) TimerEvent: {}
[58.102011] (-) TimerEvent: {}
[58.203270] (-) TimerEvent: {}
[58.304307] (-) TimerEvent: {}
[58.405811] (-) TimerEvent: {}
[58.506984] (-) TimerEvent: {}
[58.607925] (-) TimerEvent: {}
[58.709150] (-) TimerEvent: {}
[58.810186] (-) TimerEvent: {}
[58.911500] (-) TimerEvent: {}
[59.012774] (-) TimerEvent: {}
[59.113547] (-) TimerEvent: {}
[59.214645] (-) TimerEvent: {}
[59.315867] (-) TimerEvent: {}
[59.416859] (-) TimerEvent: {}
[59.517910] (-) TimerEvent: {}
[59.619111] (-) TimerEvent: {}
[59.720647] (-) TimerEvent: {}
[59.821999] (-) TimerEvent: {}
[59.923257] (-) TimerEvent: {}
[60.024552] (-) TimerEvent: {}
[60.125894] (-) TimerEvent: {}
[60.226928] (-) TimerEvent: {}
[60.327991] (-) TimerEvent: {}
[60.429252] (-) TimerEvent: {}
[60.530145] (-) TimerEvent: {}
[60.631358] (-) TimerEvent: {}
[60.732374] (-) TimerEvent: {}
[60.833315] (-) TimerEvent: {}
[60.934324] (-) TimerEvent: {}
[61.035512] (-) TimerEvent: {}
[61.136308] (-) TimerEvent: {}
[61.237248] (-) TimerEvent: {}
[61.338238] (-) TimerEvent: {}
[61.439422] (-) TimerEvent: {}
[61.540157] (-) TimerEvent: {}
[61.641268] (-) TimerEvent: {}
[61.742486] (-) TimerEvent: {}
[61.843308] (-) TimerEvent: {}
[61.944783] (-) TimerEvent: {}
[62.045710] (-) TimerEvent: {}
[62.146833] (-) TimerEvent: {}
[62.247651] (-) TimerEvent: {}
[62.278019] (micro_ros_agent) StderrLine: {'line': b'HEAD is now at 57d0862 Release v2.4.2\n'}
[62.347909] (-) TimerEvent: {}
[62.448863] (-) TimerEvent: {}
[62.537555] (micro_ros_agent) StdoutLine: {'line': b"[ 18%] \x1b[34m\x1b[1mPerforming update step for 'xrceagent'\x1b[0m\n"}
[62.549058] (-) TimerEvent: {}
[62.647952] (micro_ros_agent) StdoutLine: {'line': b"[ 25%] \x1b[34m\x1b[1mNo patch step for 'xrceagent'\x1b[0m\n"}
[62.649226] (-) TimerEvent: {}
[62.743080] (micro_ros_agent) StdoutLine: {'line': b"[ 31%] \x1b[34m\x1b[1mPerforming configure step for 'xrceagent'\x1b[0m\n"}
[62.749425] (-) TimerEvent: {}
[62.780191] (micro_ros_agent) StdoutLine: {'line': b'loading initial cache file /home/ubuntu/uav_landing_sim_wg/build/micro_ros_agent/agent/tmp/xrceagent-cache-.cmake\n'}
[62.849626] (-) TimerEvent: {}
[62.950412] (-) TimerEvent: {}
[63.042550] (micro_ros_agent) StdoutLine: {'line': b'-- The C compiler identification is GNU 11.4.0\n'}
[63.050610] (-) TimerEvent: {}
[63.074068] (micro_ros_agent) StdoutLine: {'line': b'-- Detecting C compiler ABI info\n'}
[63.150817] (-) TimerEvent: {}
[63.251741] (-) TimerEvent: {}
[63.352836] (-) TimerEvent: {}
[63.402525] (micro_ros_agent) StdoutLine: {'line': b'-- Detecting C compiler ABI info - done\n'}
[63.428052] (micro_ros_agent) StdoutLine: {'line': b'-- Check for working C compiler: /usr/bin/cc - skipped\n'}
[63.429003] (micro_ros_agent) StdoutLine: {'line': b'-- Detecting C compile features\n'}
[63.430335] (micro_ros_agent) StdoutLine: {'line': b'-- Detecting C compile features - done\n'}
[63.452974] (-) TimerEvent: {}
[63.553720] (-) TimerEvent: {}
[63.654549] (-) TimerEvent: {}
[63.677998] (micro_ros_agent) StdoutLine: {'line': b'-- The CXX compiler identification is GNU 11.4.0\n'}
[63.709739] (micro_ros_agent) StdoutLine: {'line': b'-- Detecting CXX compiler ABI info\n'}
[63.754762] (-) TimerEvent: {}
[63.855599] (-) TimerEvent: {}
[63.956635] (-) TimerEvent: {}
[64.057505] (-) TimerEvent: {}
[64.074064] (micro_ros_agent) StdoutLine: {'line': b'-- Detecting CXX compiler ABI info - done\n'}
[64.101074] (micro_ros_agent) StdoutLine: {'line': b'-- Check for working CXX compiler: /usr/bin/c++ - skipped\n'}
[64.102020] (micro_ros_agent) StdoutLine: {'line': b'-- Detecting CXX compile features\n'}
[64.103661] (micro_ros_agent) StdoutLine: {'line': b'-- Detecting CXX compile features - done\n'}
[64.141431] (micro_ros_agent) StdoutLine: {'line': b'-- Looking for pthread.h\n'}
[64.157686] (-) TimerEvent: {}
[64.258467] (-) TimerEvent: {}
[64.359328] (-) TimerEvent: {}
[64.460079] (-) TimerEvent: {}
[64.495293] (micro_ros_agent) StdoutLine: {'line': b'-- Looking for pthread.h - found\n'}
[64.497178] (micro_ros_agent) StdoutLine: {'line': b'-- Performing Test CMAKE_HAVE_LIBC_PTHREAD\n'}
[64.560372] (-) TimerEvent: {}
[64.661265] (-) TimerEvent: {}
[64.761979] (-) TimerEvent: {}
[64.848450] (micro_ros_agent) StdoutLine: {'line': b'-- Performing Test CMAKE_HAVE_LIBC_PTHREAD - Success\n'}
[64.851793] (micro_ros_agent) StdoutLine: {'line': b'-- Found Threads: TRUE  \n'}
[64.862138] (-) TimerEvent: {}
[64.912348] (micro_ros_agent) StdoutLine: {'line': b'-- Configuring done\n'}
[64.926188] (micro_ros_agent) StdoutLine: {'line': b'-- Generating done\n'}
[64.929893] (micro_ros_agent) StdoutLine: {'line': b'-- Build files have been written to: /home/ubuntu/uav_landing_sim_wg/build/micro_ros_agent/agent/src/xrceagent-build\n'}
[64.962398] (-) TimerEvent: {}
[65.012169] (micro_ros_agent) StdoutLine: {'line': b"[ 37%] \x1b[34m\x1b[1mPerforming build step for 'xrceagent'\x1b[0m\n"}
[65.062629] (-) TimerEvent: {}
[65.163503] (-) TimerEvent: {}
[65.189784] (micro_ros_agent) StdoutLine: {'line': b"[ 12%] \x1b[34m\x1b[1mCreating directories for 'uagent'\x1b[0m\n"}
[65.263723] (-) TimerEvent: {}
[65.364628] (-) TimerEvent: {}
[65.465399] (-) TimerEvent: {}
[65.467604] (micro_ros_agent) StdoutLine: {'line': b"[ 25%] \x1b[34m\x1b[1mNo download step for 'uagent'\x1b[0m\n"}
[65.565608] (-) TimerEvent: {}
[65.566318] (micro_ros_agent) StdoutLine: {'line': b"[ 37%] \x1b[34m\x1b[1mNo update step for 'uagent'\x1b[0m\n"}
[65.662091] (micro_ros_agent) StdoutLine: {'line': b"[ 50%] \x1b[34m\x1b[1mNo patch step for 'uagent'\x1b[0m\n"}
[65.665768] (-) TimerEvent: {}
[65.756326] (micro_ros_agent) StdoutLine: {'line': b"[ 62%] \x1b[34m\x1b[1mPerforming configure step for 'uagent'\x1b[0m\n"}
[65.765995] (-) TimerEvent: {}
[65.794426] (micro_ros_agent) StdoutLine: {'line': b'loading initial cache file /home/ubuntu/uav_landing_sim_wg/build/micro_ros_agent/agent/src/xrceagent-build/uagent-prefix/tmp/uagent-cache-.cmake\n'}
[65.813162] (micro_ros_agent) StdoutLine: {'line': b"-- Setting build type to 'Release' as none was specified.\n"}
[65.866150] (-) TimerEvent: {}
[65.966869] (-) TimerEvent: {}
[66.065625] (micro_ros_agent) StderrLine: {'line': b'\x1b[33mCMake Warning (dev) at /usr/share/cmake-3.22/Modules/FindPackageHandleStandardArgs.cmake:438 (message):\n'}
[66.066286] (micro_ros_agent) StderrLine: {'line': b'  The package name passed to `find_package_handle_standard_args` (tinyxml2)\n'}
[66.066648] (micro_ros_agent) StderrLine: {'line': b'  does not match the name of the calling package (TinyXML2).  This can lead\n'}
[66.066892] (-) TimerEvent: {}
[66.067353] (micro_ros_agent) StderrLine: {'line': b'  to problems in calling code that expects `find_package` result variables\n'}
[66.067894] (micro_ros_agent) StderrLine: {'line': b'  (e.g., `_FOUND`) to follow a certain pattern.\n'}
[66.068209] (micro_ros_agent) StderrLine: {'line': b'Call Stack (most recent call first):\n'}
[66.068578] (micro_ros_agent) StderrLine: {'line': b'  cmake/modules/FindTinyXML2.cmake:40 (find_package_handle_standard_args)\n'}
[66.068881] (micro_ros_agent) StderrLine: {'line': b'  /opt/ros/humble/share/fastrtps/cmake/fastrtps-config.cmake:51 (find_package)\n'}
[66.069176] (micro_ros_agent) StderrLine: {'line': b'  CMakeLists.txt:153 (find_package)\n'}
[66.069482] (micro_ros_agent) StderrLine: {'line': b'This warning is for project developers.  Use -Wno-dev to suppress it.\n'}
[66.069726] (micro_ros_agent) StderrLine: {'line': b'\x1b[0m\n'}
[66.070146] (micro_ros_agent) StdoutLine: {'line': b'-- Found tinyxml2: /usr/lib/aarch64-linux-gnu/libtinyxml2.so  \n'}
[66.167151] (-) TimerEvent: {}
[66.267956] (-) TimerEvent: {}
[66.325703] (micro_ros_agent) StdoutLine: {'line': b'-- Found OpenSSL: /usr/lib/aarch64-linux-gnu/libcrypto.so (found version "3.0.2")  \n'}
[66.361733] (micro_ros_agent) StdoutLine: {'line': b'-- Configuring done\n'}
[66.368125] (-) TimerEvent: {}
[66.417647] (micro_ros_agent) StdoutLine: {'line': b'-- Generating done\n'}
[66.422409] (micro_ros_agent) StdoutLine: {'line': b'-- Build files have been written to: /home/ubuntu/uav_landing_sim_wg/build/micro_ros_agent/agent/src/xrceagent-build\n'}
[66.468347] (-) TimerEvent: {}
[66.495348] (micro_ros_agent) StdoutLine: {'line': b"[ 75%] \x1b[34m\x1b[1mPerforming build step for 'uagent'\x1b[0m\n"}
[66.568557] (-) TimerEvent: {}
[66.669300] (-) TimerEvent: {}
[66.676433] (micro_ros_agent) StdoutLine: {'line': b'[  2%] \x1b[32mBuilding CXX object CMakeFiles/microxrcedds_agent.dir/src/cpp/Agent.cpp.o\x1b[0m\n'}
[66.769509] (-) TimerEvent: {}
[66.870293] (-) TimerEvent: {}
[66.971083] (-) TimerEvent: {}
[67.071805] (-) TimerEvent: {}
[67.172593] (-) TimerEvent: {}
[67.273657] (-) TimerEvent: {}
[67.374433] (-) TimerEvent: {}
[67.475208] (-) TimerEvent: {}
[67.575986] (-) TimerEvent: {}
[67.676789] (-) TimerEvent: {}
[67.777553] (-) TimerEvent: {}
[67.878300] (-) TimerEvent: {}
[67.979015] (-) TimerEvent: {}
[68.079736] (-) TimerEvent: {}
[68.180456] (-) TimerEvent: {}
[68.281177] (-) TimerEvent: {}
[68.381903] (-) TimerEvent: {}
[68.482659] (-) TimerEvent: {}
[68.583416] (-) TimerEvent: {}
[68.684153] (-) TimerEvent: {}
[68.784910] (-) TimerEvent: {}
[68.885724] (-) TimerEvent: {}
[68.986438] (-) TimerEvent: {}
[69.087173] (-) TimerEvent: {}
[69.187924] (-) TimerEvent: {}
[69.288727] (-) TimerEvent: {}
[69.389564] (-) TimerEvent: {}
[69.490329] (-) TimerEvent: {}
[69.591111] (-) TimerEvent: {}
[69.691920] (-) TimerEvent: {}
[69.792754] (-) TimerEvent: {}
[69.893608] (-) TimerEvent: {}
[69.994367] (-) TimerEvent: {}
[70.095142] (-) TimerEvent: {}
[70.195889] (-) TimerEvent: {}
[70.296645] (-) TimerEvent: {}
[70.397342] (-) TimerEvent: {}
[70.498082] (-) TimerEvent: {}
[70.598915] (-) TimerEvent: {}
[70.699765] (-) TimerEvent: {}
[70.800598] (-) TimerEvent: {}
[70.901332] (-) TimerEvent: {}
[71.002096] (-) TimerEvent: {}
[71.102862] (-) TimerEvent: {}
[71.203589] (-) TimerEvent: {}
[71.304360] (-) TimerEvent: {}
[71.405099] (-) TimerEvent: {}
[71.505825] (-) TimerEvent: {}
[71.606557] (-) TimerEvent: {}
[71.707291] (-) TimerEvent: {}
[71.808014] (-) TimerEvent: {}
[71.908769] (-) TimerEvent: {}
[72.009507] (-) TimerEvent: {}
[72.110265] (-) TimerEvent: {}
[72.211024] (-) TimerEvent: {}
[72.311869] (-) TimerEvent: {}
[72.412663] (-) TimerEvent: {}
[72.513404] (-) TimerEvent: {}
[72.614132] (-) TimerEvent: {}
[72.714865] (-) TimerEvent: {}
[72.815620] (-) TimerEvent: {}
[72.916429] (-) TimerEvent: {}
[73.017195] (-) TimerEvent: {}
[73.117929] (-) TimerEvent: {}
[73.218662] (-) TimerEvent: {}
[73.319387] (-) TimerEvent: {}
[73.420184] (-) TimerEvent: {}
[73.521050] (-) TimerEvent: {}
[73.621816] (-) TimerEvent: {}
[73.722559] (-) TimerEvent: {}
[73.823308] (-) TimerEvent: {}
[73.924088] (-) TimerEvent: {}
[74.024865] (-) TimerEvent: {}
[74.125613] (-) TimerEvent: {}
[74.226364] (-) TimerEvent: {}
[74.327133] (-) TimerEvent: {}
[74.427902] (-) TimerEvent: {}
[74.528690] (-) TimerEvent: {}
[74.629404] (-) TimerEvent: {}
[74.730134] (-) TimerEvent: {}
[74.830873] (-) TimerEvent: {}
[74.931629] (-) TimerEvent: {}
[75.032401] (-) TimerEvent: {}
[75.133189] (-) TimerEvent: {}
[75.233972] (-) TimerEvent: {}
[75.334697] (-) TimerEvent: {}
[75.435459] (-) TimerEvent: {}
[75.536192] (-) TimerEvent: {}
[75.636953] (-) TimerEvent: {}
[75.737677] (-) TimerEvent: {}
[75.838406] (-) TimerEvent: {}
[75.939150] (-) TimerEvent: {}
[76.039867] (-) TimerEvent: {}
[76.140662] (-) TimerEvent: {}
[76.241418] (-) TimerEvent: {}
[76.342168] (-) TimerEvent: {}
[76.442938] (-) TimerEvent: {}
[76.543690] (-) TimerEvent: {}
[76.644398] (-) TimerEvent: {}
[76.745097] (-) TimerEvent: {}
[76.845834] (-) TimerEvent: {}
[76.946666] (-) TimerEvent: {}
[77.047415] (-) TimerEvent: {}
[77.148304] (-) TimerEvent: {}
[77.249059] (-) TimerEvent: {}
[77.349949] (-) TimerEvent: {}
[77.450838] (-) TimerEvent: {}
[77.551576] (-) TimerEvent: {}
[77.652379] (-) TimerEvent: {}
[77.753108] (-) TimerEvent: {}
[77.853856] (-) TimerEvent: {}
[77.954694] (-) TimerEvent: {}
[78.055623] (-) TimerEvent: {}
[78.156399] (-) TimerEvent: {}
[78.257126] (-) TimerEvent: {}
[78.357868] (-) TimerEvent: {}
[78.458630] (-) TimerEvent: {}
[78.559377] (-) TimerEvent: {}
[78.660186] (-) TimerEvent: {}
[78.760970] (-) TimerEvent: {}
[78.861722] (-) TimerEvent: {}
[78.962458] (-) TimerEvent: {}
[79.063202] (-) TimerEvent: {}
[79.163988] (-) TimerEvent: {}
[79.264785] (-) TimerEvent: {}
[79.365540] (-) TimerEvent: {}
[79.466270] (-) TimerEvent: {}
[79.567035] (-) TimerEvent: {}
[79.667790] (-) TimerEvent: {}
[79.768554] (-) TimerEvent: {}
[79.869416] (-) TimerEvent: {}
[79.970411] (-) TimerEvent: {}
[80.053655] (micro_ros_agent) StdoutLine: {'line': b'[  4%] \x1b[32mBuilding CXX object CMakeFiles/microxrcedds_agent.dir/src/cpp/AgentInstance.cpp.o\x1b[0m\n'}
[80.070605] (-) TimerEvent: {}
[80.171395] (-) TimerEvent: {}
[80.272098] (-) TimerEvent: {}
[80.372806] (-) TimerEvent: {}
[80.473499] (-) TimerEvent: {}
[80.574200] (-) TimerEvent: {}
[80.674941] (-) TimerEvent: {}
[80.775679] (-) TimerEvent: {}
[80.876412] (-) TimerEvent: {}
[80.977148] (-) TimerEvent: {}
[81.077874] (-) TimerEvent: {}
[81.178669] (-) TimerEvent: {}
[81.279419] (-) TimerEvent: {}
[81.380180] (-) TimerEvent: {}
[81.481046] (-) TimerEvent: {}
[81.581800] (-) TimerEvent: {}
[81.682580] (-) TimerEvent: {}
[81.783345] (-) TimerEvent: {}
[81.884068] (-) TimerEvent: {}
[81.984819] (-) TimerEvent: {}
[82.085552] (-) TimerEvent: {}
[82.186298] (-) TimerEvent: {}
[82.287024] (-) TimerEvent: {}
[82.387771] (-) TimerEvent: {}
[82.488676] (-) TimerEvent: {}
[82.589414] (-) TimerEvent: {}
[82.690166] (-) TimerEvent: {}
[82.790900] (-) TimerEvent: {}
[82.891656] (-) TimerEvent: {}
[82.992437] (-) TimerEvent: {}
[83.093152] (-) TimerEvent: {}
[83.193892] (-) TimerEvent: {}
[83.294691] (-) TimerEvent: {}
[83.395488] (-) TimerEvent: {}
[83.496764] (-) TimerEvent: {}
[83.597496] (-) TimerEvent: {}
[83.698207] (-) TimerEvent: {}
[83.798921] (-) TimerEvent: {}
[83.899693] (-) TimerEvent: {}
[84.000425] (-) TimerEvent: {}
[84.101141] (-) TimerEvent: {}
[84.201959] (-) TimerEvent: {}
[84.302764] (-) TimerEvent: {}
[84.403463] (-) TimerEvent: {}
[84.504295] (-) TimerEvent: {}
[84.605047] (-) TimerEvent: {}
[84.705736] (-) TimerEvent: {}
[84.806480] (-) TimerEvent: {}
[84.907256] (-) TimerEvent: {}
[85.008361] (-) TimerEvent: {}
[85.109152] (-) TimerEvent: {}
[85.209917] (-) TimerEvent: {}
[85.310710] (-) TimerEvent: {}
[85.411478] (-) TimerEvent: {}
[85.512337] (-) TimerEvent: {}
[85.613076] (-) TimerEvent: {}
[85.713816] (-) TimerEvent: {}
[85.814580] (-) TimerEvent: {}
[85.915329] (-) TimerEvent: {}
[86.016115] (-) TimerEvent: {}
[86.116949] (-) TimerEvent: {}
[86.217699] (-) TimerEvent: {}
[86.318479] (-) TimerEvent: {}
[86.419220] (-) TimerEvent: {}
[86.519980] (-) TimerEvent: {}
[86.620837] (-) TimerEvent: {}
[86.721623] (-) TimerEvent: {}
[86.822353] (-) TimerEvent: {}
[86.923103] (-) TimerEvent: {}
[87.023896] (-) TimerEvent: {}
[87.124696] (-) TimerEvent: {}
[87.225459] (-) TimerEvent: {}
[87.326203] (-) TimerEvent: {}
[87.426933] (-) TimerEvent: {}
[87.527682] (-) TimerEvent: {}
[87.628601] (-) TimerEvent: {}
[87.729366] (-) TimerEvent: {}
[87.830111] (-) TimerEvent: {}
[87.930860] (-) TimerEvent: {}
[88.031605] (-) TimerEvent: {}
[88.132409] (-) TimerEvent: {}
[88.233151] (-) TimerEvent: {}
[88.333920] (-) TimerEvent: {}
[88.434719] (-) TimerEvent: {}
[88.535482] (-) TimerEvent: {}
[88.636354] (-) TimerEvent: {}
[88.737093] (-) TimerEvent: {}
[88.837848] (-) TimerEvent: {}
[88.938584] (-) TimerEvent: {}
[89.039291] (-) TimerEvent: {}
[89.140075] (-) TimerEvent: {}
[89.240879] (-) TimerEvent: {}
[89.341619] (-) TimerEvent: {}
[89.442354] (-) TimerEvent: {}
[89.543100] (-) TimerEvent: {}
[89.643882] (-) TimerEvent: {}
[89.744733] (-) TimerEvent: {}
[89.845479] (-) TimerEvent: {}
[89.946203] (-) TimerEvent: {}
[90.046955] (-) TimerEvent: {}
[90.147734] (-) TimerEvent: {}
[90.248512] (-) TimerEvent: {}
[90.349232] (-) TimerEvent: {}
[90.450004] (-) TimerEvent: {}
[90.550781] (-) TimerEvent: {}
[90.651565] (-) TimerEvent: {}
[90.752376] (-) TimerEvent: {}
[90.853157] (-) TimerEvent: {}
[90.953931] (-) TimerEvent: {}
[91.054687] (-) TimerEvent: {}
[91.155453] (-) TimerEvent: {}
[91.256189] (-) TimerEvent: {}
[91.356971] (-) TimerEvent: {}
[91.457703] (-) TimerEvent: {}
[91.558443] (-) TimerEvent: {}
[91.659233] (-) TimerEvent: {}
[91.759982] (-) TimerEvent: {}
[91.860750] (-) TimerEvent: {}
[91.961491] (-) TimerEvent: {}
[92.062237] (-) TimerEvent: {}
[92.163004] (-) TimerEvent: {}
[92.263765] (-) TimerEvent: {}
[92.364586] (-) TimerEvent: {}
[92.465323] (-) TimerEvent: {}
[92.566101] (-) TimerEvent: {}
[92.666835] (-) TimerEvent: {}
[92.767671] (-) TimerEvent: {}
[92.868435] (-) TimerEvent: {}
[92.969181] (-) TimerEvent: {}
[93.069933] (-) TimerEvent: {}
[93.170682] (-) TimerEvent: {}
[93.271417] (-) TimerEvent: {}
[93.372189] (-) TimerEvent: {}
[93.473054] (-) TimerEvent: {}
[93.573795] (-) TimerEvent: {}
[93.674529] (-) TimerEvent: {}
[93.775273] (-) TimerEvent: {}
[93.876030] (-) TimerEvent: {}
[93.976797] (-) TimerEvent: {}
[94.077525] (-) TimerEvent: {}
[94.178260] (-) TimerEvent: {}
[94.279020] (-) TimerEvent: {}
[94.379826] (-) TimerEvent: {}
[94.480625] (-) TimerEvent: {}
[94.581375] (-) TimerEvent: {}
[94.682114] (-) TimerEvent: {}
[94.782853] (-) TimerEvent: {}
[94.883647] (-) TimerEvent: {}
[94.984563] (-) TimerEvent: {}
[95.085290] (-) TimerEvent: {}
[95.186000] (-) TimerEvent: {}
[95.286782] (-) TimerEvent: {}
[95.387751] (-) TimerEvent: {}
[95.488494] (-) TimerEvent: {}
[95.589155] (-) TimerEvent: {}
[95.689905] (-) TimerEvent: {}
[95.790686] (-) TimerEvent: {}
[95.891441] (-) TimerEvent: {}
[95.992189] (-) TimerEvent: {}
[96.092991] (-) TimerEvent: {}
[96.193695] (-) TimerEvent: {}
[96.294429] (-) TimerEvent: {}
[96.395206] (-) TimerEvent: {}
[96.495943] (-) TimerEvent: {}
[96.596714] (-) TimerEvent: {}
[96.697482] (-) TimerEvent: {}
[96.798266] (-) TimerEvent: {}
[96.899080] (-) TimerEvent: {}
[96.999844] (-) TimerEvent: {}
[97.100676] (-) TimerEvent: {}
[97.201372] (-) TimerEvent: {}
[97.302073] (-) TimerEvent: {}
[97.402832] (-) TimerEvent: {}
[97.503583] (-) TimerEvent: {}
[97.604369] (-) TimerEvent: {}
[97.705214] (-) TimerEvent: {}
[97.805994] (-) TimerEvent: {}
[97.906821] (-) TimerEvent: {}
[98.007569] (-) TimerEvent: {}
[98.108368] (-) TimerEvent: {}
[98.209122] (-) TimerEvent: {}
[98.309856] (-) TimerEvent: {}
[98.410679] (-) TimerEvent: {}
[98.511515] (-) TimerEvent: {}
[98.612373] (-) TimerEvent: {}
[98.713082] (-) TimerEvent: {}
[98.813861] (-) TimerEvent: {}
[98.914679] (-) TimerEvent: {}
[99.015435] (-) TimerEvent: {}
[99.116282] (-) TimerEvent: {}
[99.217042] (-) TimerEvent: {}
[99.317760] (-) TimerEvent: {}
[99.418560] (-) TimerEvent: {}
[99.519321] (-) TimerEvent: {}
[99.620039] (-) TimerEvent: {}
[99.720800] (-) TimerEvent: {}
[99.821525] (-) TimerEvent: {}
[99.922247] (-) TimerEvent: {}
[100.023031] (-) TimerEvent: {}
[100.123781] (-) TimerEvent: {}
[100.224551] (-) TimerEvent: {}
[100.325306] (-) TimerEvent: {}
[100.426017] (-) TimerEvent: {}
[100.526720] (-) TimerEvent: {}
[100.627487] (-) TimerEvent: {}
[100.728219] (-) TimerEvent: {}
[100.828992] (-) TimerEvent: {}
[100.929725] (-) TimerEvent: {}
[101.030505] (-) TimerEvent: {}
[101.131313] (-) TimerEvent: {}
[101.232104] (-) TimerEvent: {}
[101.332872] (-) TimerEvent: {}
[101.433527] (-) TimerEvent: {}
[101.534269] (-) TimerEvent: {}
[101.635093] (-) TimerEvent: {}
[101.735903] (-) TimerEvent: {}
[101.836688] (-) TimerEvent: {}
[101.937396] (-) TimerEvent: {}
[102.038108] (-) TimerEvent: {}
[102.138855] (-) TimerEvent: {}
[102.239595] (-) TimerEvent: {}
[102.340394] (-) TimerEvent: {}
[102.441106] (-) TimerEvent: {}
[102.541835] (-) TimerEvent: {}
[102.642587] (-) TimerEvent: {}
[102.743328] (-) TimerEvent: {}
[102.844125] (-) TimerEvent: {}
[102.945279] (-) TimerEvent: {}
[103.046197] (-) TimerEvent: {}
[103.147063] (-) TimerEvent: {}
[103.247904] (-) TimerEvent: {}
[103.348744] (-) TimerEvent: {}
[103.449507] (-) TimerEvent: {}
[103.550210] (-) TimerEvent: {}
[103.651001] (-) TimerEvent: {}
[103.751752] (-) TimerEvent: {}
[103.852506] (-) TimerEvent: {}
[103.953325] (-) TimerEvent: {}
[104.054071] (-) TimerEvent: {}
[104.154828] (-) TimerEvent: {}
[104.255525] (-) TimerEvent: {}
[104.356285] (-) TimerEvent: {}
[104.456960] (-) TimerEvent: {}
[104.557708] (-) TimerEvent: {}
[104.658475] (-) TimerEvent: {}
[104.759351] (-) TimerEvent: {}
[104.860214] (-) TimerEvent: {}
[104.960962] (-) TimerEvent: {}
[105.061749] (-) TimerEvent: {}
[105.162694] (-) TimerEvent: {}
[105.263591] (-) TimerEvent: {}
[105.364476] (-) TimerEvent: {}
[105.465160] (-) TimerEvent: {}
[105.565983] (-) TimerEvent: {}
[105.666886] (-) TimerEvent: {}
[105.767769] (-) TimerEvent: {}
[105.868583] (-) TimerEvent: {}
[105.969437] (-) TimerEvent: {}
[106.070301] (-) TimerEvent: {}
[106.171138] (-) TimerEvent: {}
[106.271840] (-) TimerEvent: {}
[106.372579] (-) TimerEvent: {}
[106.473375] (-) TimerEvent: {}
[106.574198] (-) TimerEvent: {}
[106.675072] (-) TimerEvent: {}
[106.775845] (-) TimerEvent: {}
[106.876845] (-) TimerEvent: {}
[106.977605] (-) TimerEvent: {}
[107.078354] (-) TimerEvent: {}
[107.179368] (-) TimerEvent: {}
[107.280337] (-) TimerEvent: {}
[107.381093] (-) TimerEvent: {}
[107.481957] (-) TimerEvent: {}
[107.582695] (-) TimerEvent: {}
[107.683489] (-) TimerEvent: {}
[107.784323] (-) TimerEvent: {}
[107.885118] (-) TimerEvent: {}
[107.986048] (-) TimerEvent: {}
[108.086889] (-) TimerEvent: {}
[108.187711] (-) TimerEvent: {}
[108.288493] (-) TimerEvent: {}
[108.389270] (-) TimerEvent: {}
[108.489937] (-) TimerEvent: {}
[108.590900] (-) TimerEvent: {}
[108.691666] (-) TimerEvent: {}
[108.792421] (-) TimerEvent: {}
[108.893137] (-) TimerEvent: {}
[108.993835] (-) TimerEvent: {}
[109.094579] (-) TimerEvent: {}
[109.195385] (-) TimerEvent: {}
[109.296383] (-) TimerEvent: {}
[109.397396] (-) TimerEvent: {}
[109.498222] (-) TimerEvent: {}
[109.599004] (-) TimerEvent: {}
[109.699725] (-) TimerEvent: {}
[109.800435] (-) TimerEvent: {}
[109.901155] (-) TimerEvent: {}
[109.942312] (micro_ros_agent) StdoutLine: {'line': b'[  7%] \x1b[32mBuilding CXX object CMakeFiles/microxrcedds_agent.dir/src/cpp/Root.cpp.o\x1b[0m\n'}
[110.001347] (-) TimerEvent: {}
[110.102071] (-) TimerEvent: {}
[110.202812] (-) TimerEvent: {}
[110.303526] (-) TimerEvent: {}
[110.404282] (-) TimerEvent: {}
[110.505013] (-) TimerEvent: {}
[110.605977] (-) TimerEvent: {}
[110.706719] (-) TimerEvent: {}
[110.807457] (-) TimerEvent: {}
[110.908185] (-) TimerEvent: {}
[111.008987] (-) TimerEvent: {}
[111.109778] (-) TimerEvent: {}
[111.210489] (-) TimerEvent: {}
[111.311263] (-) TimerEvent: {}
[111.411997] (-) TimerEvent: {}
[111.512776] (-) TimerEvent: {}
[111.613494] (-) TimerEvent: {}
[111.714319] (-) TimerEvent: {}
[111.815168] (-) TimerEvent: {}
[111.915891] (-) TimerEvent: {}
[112.016644] (-) TimerEvent: {}
[112.117326] (-) TimerEvent: {}
[112.218032] (-) TimerEvent: {}
[112.318794] (-) TimerEvent: {}
[112.419550] (-) TimerEvent: {}
[112.520339] (-) TimerEvent: {}
[112.621060] (-) TimerEvent: {}
[112.721751] (-) TimerEvent: {}
[112.822522] (-) TimerEvent: {}
[112.923260] (-) TimerEvent: {}
[113.024138] (-) TimerEvent: {}
[113.124990] (-) TimerEvent: {}
[113.225714] (-) TimerEvent: {}
[113.326444] (-) TimerEvent: {}
[113.427278] (-) TimerEvent: {}
[113.528081] (-) TimerEvent: {}
[113.628850] (-) TimerEvent: {}
[113.729586] (-) TimerEvent: {}
[113.830322] (-) TimerEvent: {}
[113.931033] (-) TimerEvent: {}
[114.031810] (-) TimerEvent: {}
[114.132614] (-) TimerEvent: {}
[114.233367] (-) TimerEvent: {}
[114.334127] (-) TimerEvent: {}
[114.434904] (-) TimerEvent: {}
[114.535671] (-) TimerEvent: {}
[114.636408] (-) TimerEvent: {}
[114.737182] (-) TimerEvent: {}
[114.837964] (-) TimerEvent: {}
[114.938669] (-) TimerEvent: {}
[115.039432] (-) TimerEvent: {}
[115.140166] (-) TimerEvent: {}
[115.240950] (-) TimerEvent: {}
[115.341725] (-) TimerEvent: {}
[115.442459] (-) TimerEvent: {}
[115.543210] (-) TimerEvent: {}
[115.643948] (-) TimerEvent: {}
[115.744719] (-) TimerEvent: {}
[115.845443] (-) TimerEvent: {}
[115.946173] (-) TimerEvent: {}
[116.046939] (-) TimerEvent: {}
[116.147659] (-) TimerEvent: {}
[116.248412] (-) TimerEvent: {}
[116.349132] (-) TimerEvent: {}
[116.449852] (-) TimerEvent: {}
[116.550637] (-) TimerEvent: {}
[116.651382] (-) TimerEvent: {}
[116.752126] (-) TimerEvent: {}
[116.852918] (-) TimerEvent: {}
[116.953675] (-) TimerEvent: {}
[117.054409] (-) TimerEvent: {}
[117.155107] (-) TimerEvent: {}
[117.255841] (-) TimerEvent: {}
[117.356604] (-) TimerEvent: {}
[117.457314] (-) TimerEvent: {}
[117.558031] (-) TimerEvent: {}
[117.658750] (-) TimerEvent: {}
[117.759473] (-) TimerEvent: {}
[117.860277] (-) TimerEvent: {}
[117.960998] (-) TimerEvent: {}
[118.061722] (-) TimerEvent: {}
[118.162482] (-) TimerEvent: {}
[118.263258] (-) TimerEvent: {}
[118.364048] (-) TimerEvent: {}
[118.464829] (-) TimerEvent: {}
[118.565555] (-) TimerEvent: {}
[118.666292] (-) TimerEvent: {}
[118.767053] (-) TimerEvent: {}
[118.867822] (-) TimerEvent: {}
[118.968587] (-) TimerEvent: {}
[119.069319] (-) TimerEvent: {}
[119.170039] (-) TimerEvent: {}
[119.270796] (-) TimerEvent: {}
[119.371542] (-) TimerEvent: {}
[119.472318] (-) TimerEvent: {}
[119.573022] (-) TimerEvent: {}
[119.673747] (-) TimerEvent: {}
[119.774468] (-) TimerEvent: {}
[119.875229] (-) TimerEvent: {}
[119.975983] (-) TimerEvent: {}
[120.076765] (-) TimerEvent: {}
[120.177464] (-) TimerEvent: {}
[120.278289] (-) TimerEvent: {}
[120.379057] (-) TimerEvent: {}
[120.479772] (-) TimerEvent: {}
[120.580553] (-) TimerEvent: {}
[120.681251] (-) TimerEvent: {}
[120.781984] (-) TimerEvent: {}
[120.882729] (-) TimerEvent: {}
[120.983456] (-) TimerEvent: {}
[121.084176] (-) TimerEvent: {}
[121.184933] (-) TimerEvent: {}
[121.285684] (-) TimerEvent: {}
[121.386403] (-) TimerEvent: {}
[121.487119] (-) TimerEvent: {}
[121.587834] (-) TimerEvent: {}
[121.688558] (-) TimerEvent: {}
[121.789267] (-) TimerEvent: {}
[121.890036] (-) TimerEvent: {}
[121.990755] (-) TimerEvent: {}
[122.091509] (-) TimerEvent: {}
[122.192392] (-) TimerEvent: {}
[122.293157] (-) TimerEvent: {}
[122.393872] (-) TimerEvent: {}
[122.494620] (-) TimerEvent: {}
[122.595369] (-) TimerEvent: {}
[122.696158] (-) TimerEvent: {}
[122.796936] (-) TimerEvent: {}
[122.897691] (-) TimerEvent: {}
[122.998503] (-) TimerEvent: {}
[123.099379] (-) TimerEvent: {}
[123.200143] (-) TimerEvent: {}
[123.301047] (-) TimerEvent: {}
[123.401834] (-) TimerEvent: {}
[123.502671] (-) TimerEvent: {}
[123.603364] (-) TimerEvent: {}
[123.704106] (-) TimerEvent: {}
[123.804874] (-) TimerEvent: {}
[123.905679] (-) TimerEvent: {}
[124.006475] (-) TimerEvent: {}
[124.107198] (-) TimerEvent: {}
[124.207991] (-) TimerEvent: {}
[124.308740] (-) TimerEvent: {}
[124.409516] (-) TimerEvent: {}
[124.510212] (-) TimerEvent: {}
[124.610925] (-) TimerEvent: {}
[124.711705] (-) TimerEvent: {}
[124.812499] (-) TimerEvent: {}
[124.913356] (-) TimerEvent: {}
[125.014055] (-) TimerEvent: {}
[125.114830] (-) TimerEvent: {}
[125.215695] (-) TimerEvent: {}
[125.316558] (-) TimerEvent: {}
[125.417422] (-) TimerEvent: {}
[125.518176] (-) TimerEvent: {}
[125.618921] (-) TimerEvent: {}
[125.719710] (-) TimerEvent: {}
[125.820499] (-) TimerEvent: {}
[125.921214] (-) TimerEvent: {}
[126.021901] (-) TimerEvent: {}
[126.122635] (-) TimerEvent: {}
[126.223383] (-) TimerEvent: {}
[126.324109] (-) TimerEvent: {}
[126.424850] (-) TimerEvent: {}
[126.525565] (-) TimerEvent: {}
[126.626313] (-) TimerEvent: {}
[126.727180] (-) TimerEvent: {}
[126.827939] (-) TimerEvent: {}
[126.928964] (-) TimerEvent: {}
[127.029658] (-) TimerEvent: {}
[127.130385] (-) TimerEvent: {}
[127.231258] (-) TimerEvent: {}
[127.332029] (-) TimerEvent: {}
[127.432861] (-) TimerEvent: {}
[127.533560] (-) TimerEvent: {}
[127.634503] (-) TimerEvent: {}
[127.735421] (-) TimerEvent: {}
[127.836176] (-) TimerEvent: {}
[127.937121] (-) TimerEvent: {}
[128.037966] (-) TimerEvent: {}
[128.138669] (-) TimerEvent: {}
[128.239513] (-) TimerEvent: {}
[128.244012] (micro_ros_agent) StdoutLine: {'line': b'[  9%] \x1b[32mBuilding CXX object CMakeFiles/microxrcedds_agent.dir/src/cpp/processor/Processor.cpp.o\x1b[0m\n'}
[128.339721] (-) TimerEvent: {}
[128.440462] (-) TimerEvent: {}
[128.541145] (-) TimerEvent: {}
[128.641829] (-) TimerEvent: {}
[128.742700] (-) TimerEvent: {}
[128.843438] (-) TimerEvent: {}
[128.944204] (-) TimerEvent: {}
[129.044946] (-) TimerEvent: {}
[129.145643] (-) TimerEvent: {}
[129.246411] (-) TimerEvent: {}
[129.347158] (-) TimerEvent: {}
[129.447920] (-) TimerEvent: {}
[129.548759] (-) TimerEvent: {}
[129.649494] (-) TimerEvent: {}
[129.750245] (-) TimerEvent: {}
[129.850998] (-) TimerEvent: {}
[129.951723] (-) TimerEvent: {}
[130.052465] (-) TimerEvent: {}
[130.153197] (-) TimerEvent: {}
[130.253914] (-) TimerEvent: {}
[130.354612] (-) TimerEvent: {}
[130.455351] (-) TimerEvent: {}
[130.556114] (-) TimerEvent: {}
[130.656881] (-) TimerEvent: {}
[130.757602] (-) TimerEvent: {}
[130.858343] (-) TimerEvent: {}
[130.959112] (-) TimerEvent: {}
[131.059865] (-) TimerEvent: {}
[131.160650] (-) TimerEvent: {}
[131.261402] (-) TimerEvent: {}
[131.362185] (-) TimerEvent: {}
[131.462958] (-) TimerEvent: {}
[131.563730] (-) TimerEvent: {}
[131.664455] (-) TimerEvent: {}
[131.765162] (-) TimerEvent: {}
[131.865905] (-) TimerEvent: {}
[131.966651] (-) TimerEvent: {}
[132.067439] (-) TimerEvent: {}
[132.168173] (-) TimerEvent: {}
[132.268945] (-) TimerEvent: {}
[132.369653] (-) TimerEvent: {}
[132.470360] (-) TimerEvent: {}
[132.571121] (-) TimerEvent: {}
[132.671813] (-) TimerEvent: {}
[132.772577] (-) TimerEvent: {}
[132.873296] (-) TimerEvent: {}
[132.974035] (-) TimerEvent: {}
[133.074810] (-) TimerEvent: {}
[133.175540] (-) TimerEvent: {}
[133.276344] (-) TimerEvent: {}
[133.377194] (-) TimerEvent: {}
[133.477965] (-) TimerEvent: {}
[133.578695] (-) TimerEvent: {}
[133.679434] (-) TimerEvent: {}
[133.780207] (-) TimerEvent: {}
[133.880987] (-) TimerEvent: {}
[133.981696] (-) TimerEvent: {}
[134.082404] (-) TimerEvent: {}
[134.183110] (-) TimerEvent: {}
[134.283876] (-) TimerEvent: {}
[134.384641] (-) TimerEvent: {}
[134.485364] (-) TimerEvent: {}
[134.586081] (-) TimerEvent: {}
[134.686799] (-) TimerEvent: {}
[134.787539] (-) TimerEvent: {}
[134.888263] (-) TimerEvent: {}
[134.988998] (-) TimerEvent: {}
[135.089744] (-) TimerEvent: {}
[135.190489] (-) TimerEvent: {}
[135.291280] (-) TimerEvent: {}
[135.392028] (-) TimerEvent: {}
[135.492863] (-) TimerEvent: {}
[135.593581] (-) TimerEvent: {}
[135.694315] (-) TimerEvent: {}
[135.795082] (-) TimerEvent: {}
[135.895844] (-) TimerEvent: {}
[135.996576] (-) TimerEvent: {}
[136.097308] (-) TimerEvent: {}
[136.198058] (-) TimerEvent: {}
[136.298846] (-) TimerEvent: {}
[136.399599] (-) TimerEvent: {}
[136.500377] (-) TimerEvent: {}
[136.601128] (-) TimerEvent: {}
[136.701878] (-) TimerEvent: {}
[136.802668] (-) TimerEvent: {}
[136.903406] (-) TimerEvent: {}
[137.004114] (-) TimerEvent: {}
[137.104833] (-) TimerEvent: {}
[137.205563] (-) TimerEvent: {}
[137.306284] (-) TimerEvent: {}
[137.407005] (-) TimerEvent: {}
[137.507732] (-) TimerEvent: {}
[137.608449] (-) TimerEvent: {}
[137.709164] (-) TimerEvent: {}
[137.809910] (-) TimerEvent: {}
[137.910632] (-) TimerEvent: {}
[138.011356] (-) TimerEvent: {}
[138.112105] (-) TimerEvent: {}
[138.212860] (-) TimerEvent: {}
[138.313580] (-) TimerEvent: {}
[138.414330] (-) TimerEvent: {}
[138.515188] (-) TimerEvent: {}
[138.615939] (-) TimerEvent: {}
[138.716687] (-) TimerEvent: {}
[138.817423] (-) TimerEvent: {}
[138.918138] (-) TimerEvent: {}
[139.018854] (-) TimerEvent: {}
[139.119607] (-) TimerEvent: {}
[139.220375] (-) TimerEvent: {}
[139.321095] (-) TimerEvent: {}
[139.421803] (-) TimerEvent: {}
[139.522540] (-) TimerEvent: {}
[139.623315] (-) TimerEvent: {}
[139.724042] (-) TimerEvent: {}
[139.824845] (-) TimerEvent: {}
[139.925563] (-) TimerEvent: {}
[140.026288] (-) TimerEvent: {}
[140.127018] (-) TimerEvent: {}
[140.227714] (-) TimerEvent: {}
[140.328437] (-) TimerEvent: {}
[140.429190] (-) TimerEvent: {}
[140.529978] (-) TimerEvent: {}
[140.630878] (-) TimerEvent: {}
[140.731634] (-) TimerEvent: {}
[140.832415] (-) TimerEvent: {}
[140.933181] (-) TimerEvent: {}
[141.033930] (-) TimerEvent: {}
[141.134710] (-) TimerEvent: {}
[141.235483] (-) TimerEvent: {}
[141.336201] (-) TimerEvent: {}
[141.436978] (-) TimerEvent: {}
[141.537694] (-) TimerEvent: {}
[141.638472] (-) TimerEvent: {}
[141.739280] (-) TimerEvent: {}
[141.840022] (-) TimerEvent: {}
[141.940889] (-) TimerEvent: {}
[142.041783] (-) TimerEvent: {}
[142.142533] (-) TimerEvent: {}
[142.243272] (-) TimerEvent: {}
[142.344058] (-) TimerEvent: {}
[142.444816] (-) TimerEvent: {}
[142.545535] (-) TimerEvent: {}
[142.646269] (-) TimerEvent: {}
[142.746997] (-) TimerEvent: {}
[142.847719] (-) TimerEvent: {}
[142.948459] (-) TimerEvent: {}
[143.049216] (-) TimerEvent: {}
[143.149968] (-) TimerEvent: {}
[143.250700] (-) TimerEvent: {}
[143.351449] (-) TimerEvent: {}
[143.452205] (-) TimerEvent: {}
[143.553069] (-) TimerEvent: {}
[143.653799] (-) TimerEvent: {}
[143.754500] (-) TimerEvent: {}
[143.855266] (-) TimerEvent: {}
[143.956063] (-) TimerEvent: {}
[144.056819] (-) TimerEvent: {}
[144.157510] (-) TimerEvent: {}
[144.258241] (-) TimerEvent: {}
[144.359019] (-) TimerEvent: {}
[144.459757] (-) TimerEvent: {}
[144.560540] (-) TimerEvent: {}
[144.661263] (-) TimerEvent: {}
[144.762018] (-) TimerEvent: {}
[144.862774] (-) TimerEvent: {}
[144.963530] (-) TimerEvent: {}
[145.064329] (-) TimerEvent: {}
[145.165047] (-) TimerEvent: {}
[145.265768] (-) TimerEvent: {}
[145.366531] (-) TimerEvent: {}
[145.467256] (-) TimerEvent: {}
[145.567985] (-) TimerEvent: {}
[145.668741] (-) TimerEvent: {}
[145.769471] (-) TimerEvent: {}
[145.870203] (-) TimerEvent: {}
[145.970899] (-) TimerEvent: {}
[146.071635] (-) TimerEvent: {}
[146.172414] (-) TimerEvent: {}
[146.273139] (-) TimerEvent: {}
[146.373936] (-) TimerEvent: {}
[146.474656] (-) TimerEvent: {}
[146.575392] (-) TimerEvent: {}
[146.676163] (-) TimerEvent: {}
[146.776957] (-) TimerEvent: {}
[146.877650] (-) TimerEvent: {}
[146.978357] (-) TimerEvent: {}
[147.079088] (-) TimerEvent: {}
[147.179878] (-) TimerEvent: {}
[147.280663] (-) TimerEvent: {}
[147.381461] (-) TimerEvent: {}
[147.482258] (-) TimerEvent: {}
[147.582984] (-) TimerEvent: {}
[147.683825] (-) TimerEvent: {}
[147.784713] (-) TimerEvent: {}
[147.885431] (-) TimerEvent: {}
[147.986293] (-) TimerEvent: {}
[148.087145] (-) TimerEvent: {}
[148.188004] (-) TimerEvent: {}
[148.288810] (-) TimerEvent: {}
[148.389511] (-) TimerEvent: {}
[148.490212] (-) TimerEvent: {}
[148.591160] (-) TimerEvent: {}
[148.691904] (-) TimerEvent: {}
[148.792698] (-) TimerEvent: {}
[148.893588] (-) TimerEvent: {}
[148.994402] (-) TimerEvent: {}
[149.095310] (-) TimerEvent: {}
[149.196165] (-) TimerEvent: {}
[149.297089] (-) TimerEvent: {}
[149.397957] (-) TimerEvent: {}
[149.498753] (-) TimerEvent: {}
[149.599529] (-) TimerEvent: {}
[149.700416] (-) TimerEvent: {}
[149.801169] (-) TimerEvent: {}
[149.901941] (-) TimerEvent: {}
[150.002692] (-) TimerEvent: {}
[150.103413] (-) TimerEvent: {}
[150.204156] (-) TimerEvent: {}
[150.304910] (-) TimerEvent: {}
[150.405619] (-) TimerEvent: {}
[150.506353] (-) TimerEvent: {}
[150.607116] (-) TimerEvent: {}
[150.707870] (-) TimerEvent: {}
[150.808632] (-) TimerEvent: {}
[150.909337] (-) TimerEvent: {}
[151.010052] (-) TimerEvent: {}
[151.110752] (-) TimerEvent: {}
[151.211540] (-) TimerEvent: {}
[151.312323] (-) TimerEvent: {}
[151.413073] (-) TimerEvent: {}
[151.513847] (-) TimerEvent: {}
[151.614592] (-) TimerEvent: {}
[151.715373] (-) TimerEvent: {}
[151.816103] (-) TimerEvent: {}
[151.916865] (-) TimerEvent: {}
[152.017581] (-) TimerEvent: {}
[152.118324] (-) TimerEvent: {}
[152.219254] (-) TimerEvent: {}
[152.320053] (-) TimerEvent: {}
[152.420788] (-) TimerEvent: {}
[152.521486] (-) TimerEvent: {}
[152.622223] (-) TimerEvent: {}
[152.723024] (-) TimerEvent: {}
[152.823772] (-) TimerEvent: {}
[152.924556] (-) TimerEvent: {}
[153.025245] (-) TimerEvent: {}
[153.125956] (-) TimerEvent: {}
[153.226780] (-) TimerEvent: {}
[153.327596] (-) TimerEvent: {}
[153.428427] (-) TimerEvent: {}
[153.529234] (-) TimerEvent: {}
[153.630054] (-) TimerEvent: {}
[153.730824] (-) TimerEvent: {}
[153.831567] (-) TimerEvent: {}
[153.932384] (-) TimerEvent: {}
[154.033137] (-) TimerEvent: {}
[154.133873] (-) TimerEvent: {}
[154.234640] (-) TimerEvent: {}
[154.335510] (-) TimerEvent: {}
[154.436323] (-) TimerEvent: {}
[154.537043] (-) TimerEvent: {}
[154.637775] (-) TimerEvent: {}
[154.738566] (-) TimerEvent: {}
[154.839388] (-) TimerEvent: {}
[154.940212] (-) TimerEvent: {}
[155.040943] (-) TimerEvent: {}
[155.141718] (-) TimerEvent: {}
[155.242500] (-) TimerEvent: {}
[155.343382] (-) TimerEvent: {}
[155.444170] (-) TimerEvent: {}
[155.544950] (-) TimerEvent: {}
[155.645673] (-) TimerEvent: {}
[155.746417] (-) TimerEvent: {}
[155.847223] (-) TimerEvent: {}
[155.948116] (-) TimerEvent: {}
[156.048842] (-) TimerEvent: {}
[156.149645] (-) TimerEvent: {}
[156.250408] (-) TimerEvent: {}
[156.351207] (-) TimerEvent: {}
[156.452001] (-) TimerEvent: {}
[156.552829] (-) TimerEvent: {}
[156.653490] (-) TimerEvent: {}
[156.754189] (-) TimerEvent: {}
[156.855049] (-) TimerEvent: {}
[156.955864] (-) TimerEvent: {}
[157.056612] (-) TimerEvent: {}
[157.157365] (-) TimerEvent: {}
[157.258074] (-) TimerEvent: {}
[157.358806] (-) TimerEvent: {}
[157.459496] (-) TimerEvent: {}
[157.560266] (-) TimerEvent: {}
[157.661096] (-) TimerEvent: {}
[157.761854] (-) TimerEvent: {}
[157.862604] (-) TimerEvent: {}
[157.963393] (-) TimerEvent: {}
[158.064213] (-) TimerEvent: {}
[158.165005] (-) TimerEvent: {}
[158.265718] (-) TimerEvent: {}
[158.366482] (-) TimerEvent: {}
[158.467250] (-) TimerEvent: {}
[158.567980] (-) TimerEvent: {}
[158.668785] (-) TimerEvent: {}
[158.769619] (-) TimerEvent: {}
[158.870349] (-) TimerEvent: {}
[158.971122] (-) TimerEvent: {}
[159.071857] (-) TimerEvent: {}
[159.172673] (-) TimerEvent: {}
[159.273553] (-) TimerEvent: {}
[159.374385] (-) TimerEvent: {}
[159.475168] (-) TimerEvent: {}
[159.575990] (-) TimerEvent: {}
[159.676785] (-) TimerEvent: {}
[159.777564] (-) TimerEvent: {}
[159.878311] (-) TimerEvent: {}
[159.979084] (-) TimerEvent: {}
[160.079803] (-) TimerEvent: {}
[160.180642] (-) TimerEvent: {}
[160.281438] (-) TimerEvent: {}
[160.382217] (-) TimerEvent: {}
[160.482961] (-) TimerEvent: {}
[160.583672] (-) TimerEvent: {}
[160.684457] (-) TimerEvent: {}
[160.785186] (-) TimerEvent: {}
[160.885927] (-) TimerEvent: {}
[160.986676] (-) TimerEvent: {}
[161.087400] (-) TimerEvent: {}
[161.188273] (-) TimerEvent: {}
[161.289081] (-) TimerEvent: {}
[161.389851] (-) TimerEvent: {}
[161.490683] (-) TimerEvent: {}
[161.591492] (-) TimerEvent: {}
[161.692296] (-) TimerEvent: {}
[161.793071] (-) TimerEvent: {}
[161.893899] (-) TimerEvent: {}
[161.994645] (-) TimerEvent: {}
[162.095424] (-) TimerEvent: {}
[162.196294] (-) TimerEvent: {}
[162.297045] (-) TimerEvent: {}
[162.397876] (-) TimerEvent: {}
[162.498614] (-) TimerEvent: {}
[162.599410] (-) TimerEvent: {}
[162.700429] (-) TimerEvent: {}
[162.801287] (-) TimerEvent: {}
[162.901992] (-) TimerEvent: {}
[163.002804] (-) TimerEvent: {}
[163.103668] (-) TimerEvent: {}
[163.204455] (-) TimerEvent: {}
[163.305303] (-) TimerEvent: {}
[163.406021] (-) TimerEvent: {}
[163.506779] (-) TimerEvent: {}
[163.607529] (-) TimerEvent: {}
[163.708385] (-) TimerEvent: {}
[163.809109] (-) TimerEvent: {}
[163.909976] (-) TimerEvent: {}
[164.010727] (-) TimerEvent: {}
[164.111563] (-) TimerEvent: {}
[164.212415] (-) TimerEvent: {}
[164.313165] (-) TimerEvent: {}
[164.413997] (-) TimerEvent: {}
[164.514747] (-) TimerEvent: {}
[164.615603] (-) TimerEvent: {}
[164.716399] (-) TimerEvent: {}
[164.817154] (-) TimerEvent: {}
[164.917911] (-) TimerEvent: {}
[165.018621] (-) TimerEvent: {}
[165.119380] (-) TimerEvent: {}
[165.220134] (-) TimerEvent: {}
[165.320885] (-) TimerEvent: {}
[165.421648] (-) TimerEvent: {}
[165.522398] (-) TimerEvent: {}
[165.623220] (-) TimerEvent: {}
[165.724019] (-) TimerEvent: {}
[165.824797] (-) TimerEvent: {}
[165.925674] (-) TimerEvent: {}
[166.026431] (-) TimerEvent: {}
[166.127191] (-) TimerEvent: {}
[166.227999] (-) TimerEvent: {}
[166.328851] (-) TimerEvent: {}
[166.429676] (-) TimerEvent: {}
[166.530386] (-) TimerEvent: {}
[166.631212] (-) TimerEvent: {}
[166.731971] (-) TimerEvent: {}
[166.832778] (-) TimerEvent: {}
[166.933656] (-) TimerEvent: {}
[167.034357] (-) TimerEvent: {}
[167.135090] (-) TimerEvent: {}
[167.235846] (-) TimerEvent: {}
[167.336580] (-) TimerEvent: {}
[167.437273] (-) TimerEvent: {}
[167.537966] (-) TimerEvent: {}
[167.638669] (-) TimerEvent: {}
[167.739610] (-) TimerEvent: {}
[167.840907] (-) TimerEvent: {}
[167.846253] (micro_ros_agent) StdoutLine: {'line': b'[ 11%] \x1b[32mBuilding CXX object CMakeFiles/microxrcedds_agent.dir/src/cpp/client/ProxyClient.cpp.o\x1b[0m\n'}
[167.941112] (-) TimerEvent: {}
[168.041842] (-) TimerEvent: {}
[168.142598] (-) TimerEvent: {}
[168.243320] (-) TimerEvent: {}
[168.344051] (-) TimerEvent: {}
[168.444802] (-) TimerEvent: {}
[168.545507] (-) TimerEvent: {}
[168.646270] (-) TimerEvent: {}
[168.747043] (-) TimerEvent: {}
[168.847818] (-) TimerEvent: {}
[168.948599] (-) TimerEvent: {}
[169.049324] (-) TimerEvent: {}
[169.150062] (-) TimerEvent: {}
[169.250847] (-) TimerEvent: {}
[169.351610] (-) TimerEvent: {}
[169.452395] (-) TimerEvent: {}
[169.553143] (-) TimerEvent: {}
[169.653888] (-) TimerEvent: {}
[169.754615] (-) TimerEvent: {}
[169.855352] (-) TimerEvent: {}
[169.956127] (-) TimerEvent: {}
[170.056925] (-) TimerEvent: {}
[170.157651] (-) TimerEvent: {}
[170.258396] (-) TimerEvent: {}
[170.359153] (-) TimerEvent: {}
[170.459941] (-) TimerEvent: {}
[170.560774] (-) TimerEvent: {}
[170.661618] (-) TimerEvent: {}
[170.762372] (-) TimerEvent: {}
[170.863177] (-) TimerEvent: {}
[170.963928] (-) TimerEvent: {}
[171.064703] (-) TimerEvent: {}
[171.165422] (-) TimerEvent: {}
[171.266192] (-) TimerEvent: {}
[171.366960] (-) TimerEvent: {}
[171.467715] (-) TimerEvent: {}
[171.568494] (-) TimerEvent: {}
[171.669224] (-) TimerEvent: {}
[171.769973] (-) TimerEvent: {}
[171.870700] (-) TimerEvent: {}
[171.971558] (-) TimerEvent: {}
[172.072379] (-) TimerEvent: {}
[172.173119] (-) TimerEvent: {}
[172.273854] (-) TimerEvent: {}
[172.374642] (-) TimerEvent: {}
[172.475371] (-) TimerEvent: {}
[172.576116] (-) TimerEvent: {}
[172.676928] (-) TimerEvent: {}
[172.777667] (-) TimerEvent: {}
[172.878454] (-) TimerEvent: {}
[172.979193] (-) TimerEvent: {}
[173.079953] (-) TimerEvent: {}
[173.180750] (-) TimerEvent: {}
[173.281490] (-) TimerEvent: {}
[173.382232] (-) TimerEvent: {}
[173.482953] (-) TimerEvent: {}
[173.583720] (-) TimerEvent: {}
[173.684433] (-) TimerEvent: {}
[173.785161] (-) TimerEvent: {}
[173.885910] (-) TimerEvent: {}
[173.986654] (-) TimerEvent: {}
[174.087394] (-) TimerEvent: {}
[174.188152] (-) TimerEvent: {}
[174.289011] (-) TimerEvent: {}
[174.389760] (-) TimerEvent: {}
[174.490555] (-) TimerEvent: {}
[174.591345] (-) TimerEvent: {}
[174.692092] (-) TimerEvent: {}
[174.792884] (-) TimerEvent: {}
[174.893614] (-) TimerEvent: {}
[174.994350] (-) TimerEvent: {}
[175.095120] (-) TimerEvent: {}
[175.195850] (-) TimerEvent: {}
[175.296629] (-) TimerEvent: {}
[175.397371] (-) TimerEvent: {}
[175.498123] (-) TimerEvent: {}
[175.598901] (-) TimerEvent: {}
[175.699647] (-) TimerEvent: {}
[175.800412] (-) TimerEvent: {}
[175.901142] (-) TimerEvent: {}
[176.001914] (-) TimerEvent: {}
[176.102674] (-) TimerEvent: {}
[176.203404] (-) TimerEvent: {}
[176.304121] (-) TimerEvent: {}
[176.404892] (-) TimerEvent: {}
[176.505638] (-) TimerEvent: {}
[176.606381] (-) TimerEvent: {}
[176.707111] (-) TimerEvent: {}
[176.807859] (-) TimerEvent: {}
[176.908627] (-) TimerEvent: {}
[177.009362] (-) TimerEvent: {}
[177.110147] (-) TimerEvent: {}
[177.210906] (-) TimerEvent: {}
[177.311665] (-) TimerEvent: {}
[177.412396] (-) TimerEvent: {}
[177.513117] (-) TimerEvent: {}
[177.613805] (-) TimerEvent: {}
[177.714530] (-) TimerEvent: {}
[177.815321] (-) TimerEvent: {}
[177.916206] (-) TimerEvent: {}
[178.017360] (-) TimerEvent: {}
[178.118099] (-) TimerEvent: {}
[178.218836] (-) TimerEvent: {}
[178.319601] (-) TimerEvent: {}
[178.420348] (-) TimerEvent: {}
[178.521069] (-) TimerEvent: {}
[178.621798] (-) TimerEvent: {}
[178.722531] (-) TimerEvent: {}
[178.823379] (-) TimerEvent: {}
[178.924129] (-) TimerEvent: {}
[179.024903] (-) TimerEvent: {}
[179.125665] (-) TimerEvent: {}
[179.226417] (-) TimerEvent: {}
[179.327224] (-) TimerEvent: {}
[179.427979] (-) TimerEvent: {}
[179.528764] (-) TimerEvent: {}
[179.629493] (-) TimerEvent: {}
[179.730241] (-) TimerEvent: {}
[179.831041] (-) TimerEvent: {}
[179.931812] (-) TimerEvent: {}
[180.032563] (-) TimerEvent: {}
[180.133286] (-) TimerEvent: {}
[180.234012] (-) TimerEvent: {}
[180.334803] (-) TimerEvent: {}
[180.435563] (-) TimerEvent: {}
[180.536313] (-) TimerEvent: {}
[180.637001] (-) TimerEvent: {}
[180.737707] (-) TimerEvent: {}
[180.838500] (-) TimerEvent: {}
[180.939248] (-) TimerEvent: {}
[181.039973] (-) TimerEvent: {}
[181.140740] (-) TimerEvent: {}
[181.241492] (-) TimerEvent: {}
[181.342228] (-) TimerEvent: {}
[181.442943] (-) TimerEvent: {}
[181.543678] (-) TimerEvent: {}
[181.644464] (-) TimerEvent: {}
[181.745193] (-) TimerEvent: {}
[181.845926] (-) TimerEvent: {}
[181.946672] (-) TimerEvent: {}
[182.047361] (-) TimerEvent: {}
[182.148120] (-) TimerEvent: {}
[182.249044] (-) TimerEvent: {}
[182.349822] (-) TimerEvent: {}
[182.450551] (-) TimerEvent: {}
[182.551356] (-) TimerEvent: {}
[182.652136] (-) TimerEvent: {}
[182.752922] (-) TimerEvent: {}
[182.853649] (-) TimerEvent: {}
[182.954429] (-) TimerEvent: {}
[183.055283] (-) TimerEvent: {}
[183.156093] (-) TimerEvent: {}
[183.256907] (-) TimerEvent: {}
[183.357702] (-) TimerEvent: {}
[183.458443] (-) TimerEvent: {}
[183.559206] (-) TimerEvent: {}
[183.659948] (-) TimerEvent: {}
[183.760777] (-) TimerEvent: {}
[183.861483] (-) TimerEvent: {}
[183.962209] (-) TimerEvent: {}
[184.063013] (-) TimerEvent: {}
[184.163770] (-) TimerEvent: {}
[184.264618] (-) TimerEvent: {}
[184.365450] (-) TimerEvent: {}
[184.466188] (-) TimerEvent: {}
[184.567044] (-) TimerEvent: {}
[184.667810] (-) TimerEvent: {}
[184.768586] (-) TimerEvent: {}
[184.869300] (-) TimerEvent: {}
[184.970016] (-) TimerEvent: {}
[185.070771] (-) TimerEvent: {}
[185.171475] (-) TimerEvent: {}
[185.272204] (-) TimerEvent: {}
[185.372983] (-) TimerEvent: {}
[185.473689] (-) TimerEvent: {}
[185.574428] (-) TimerEvent: {}
[185.675174] (-) TimerEvent: {}
[185.776058] (-) TimerEvent: {}
[185.876823] (-) TimerEvent: {}
[185.977590] (-) TimerEvent: {}
[186.078365] (-) TimerEvent: {}
[186.179209] (-) TimerEvent: {}
[186.280002] (-) TimerEvent: {}
[186.380796] (-) TimerEvent: {}
[186.481545] (-) TimerEvent: {}
[186.582256] (-) TimerEvent: {}
[186.683023] (-) TimerEvent: {}
[186.783785] (-) TimerEvent: {}
[186.884610] (-) TimerEvent: {}
[186.985350] (-) TimerEvent: {}
[187.086057] (-) TimerEvent: {}
[187.186813] (-) TimerEvent: {}
[187.287684] (-) TimerEvent: {}
[187.388546] (-) TimerEvent: {}
[187.489280] (-) TimerEvent: {}
[187.590040] (-) TimerEvent: {}
[187.690831] (-) TimerEvent: {}
[187.791645] (-) TimerEvent: {}
[187.892480] (-) TimerEvent: {}
[187.993222] (-) TimerEvent: {}
[188.094070] (-) TimerEvent: {}
[188.194930] (-) TimerEvent: {}
[188.295739] (-) TimerEvent: {}
[188.396611] (-) TimerEvent: {}
[188.497296] (-) TimerEvent: {}
[188.598075] (-) TimerEvent: {}
[188.698931] (-) TimerEvent: {}
[188.799651] (-) TimerEvent: {}
[188.900410] (-) TimerEvent: {}
[189.001138] (-) TimerEvent: {}
[189.101897] (-) TimerEvent: {}
[189.202718] (-) TimerEvent: {}
[189.303565] (-) TimerEvent: {}
[189.404376] (-) TimerEvent: {}
[189.505184] (-) TimerEvent: {}
[189.605926] (-) TimerEvent: {}
[189.706733] (-) TimerEvent: {}
[189.714966] (micro_ros_agent) StdoutLine: {'line': b'[ 14%] \x1b[32mBuilding CXX object CMakeFiles/microxrcedds_agent.dir/src/cpp/participant/Participant.cpp.o\x1b[0m\n'}
[189.807117] (-) TimerEvent: {}
[189.908107] (-) TimerEvent: {}
[190.008834] (-) TimerEvent: {}
[190.109541] (-) TimerEvent: {}
[190.210284] (-) TimerEvent: {}
[190.311051] (-) TimerEvent: {}
[190.411787] (-) TimerEvent: {}
[190.512551] (-) TimerEvent: {}
[190.613278] (-) TimerEvent: {}
[190.714046] (-) TimerEvent: {}
[190.814781] (-) TimerEvent: {}
[190.915589] (-) TimerEvent: {}
[191.016405] (-) TimerEvent: {}
[191.117194] (-) TimerEvent: {}
[191.217906] (-) TimerEvent: {}
[191.318627] (-) TimerEvent: {}
[191.419349] (-) TimerEvent: {}
[191.520117] (-) TimerEvent: {}
[191.620892] (-) TimerEvent: {}
[191.721646] (-) TimerEvent: {}
[191.822400] (-) TimerEvent: {}
[191.923208] (-) TimerEvent: {}
[192.023969] (-) TimerEvent: {}
[192.124859] (-) TimerEvent: {}
[192.225632] (-) TimerEvent: {}
[192.326493] (-) TimerEvent: {}
[192.427280] (-) TimerEvent: {}
[192.528103] (-) TimerEvent: {}
[192.628877] (-) TimerEvent: {}
[192.729613] (-) TimerEvent: {}
[192.830343] (-) TimerEvent: {}
[192.931091] (-) TimerEvent: {}
[193.031865] (-) TimerEvent: {}
[193.132617] (-) TimerEvent: {}
[193.233350] (-) TimerEvent: {}
[193.334071] (-) TimerEvent: {}
[193.434817] (-) TimerEvent: {}
[193.535558] (-) TimerEvent: {}
[193.636307] (-) TimerEvent: {}
[193.737078] (-) TimerEvent: {}
[193.749570] (micro_ros_agent) StdoutLine: {'line': b'[ 16%] \x1b[32mBuilding CXX object CMakeFiles/microxrcedds_agent.dir/src/cpp/topic/Topic.cpp.o\x1b[0m\n'}
[193.837274] (-) TimerEvent: {}
[193.937995] (-) TimerEvent: {}
[194.038678] (-) TimerEvent: {}
[194.139422] (-) TimerEvent: {}
[194.240180] (-) TimerEvent: {}
[194.340995] (-) TimerEvent: {}
[194.441732] (-) TimerEvent: {}
[194.542519] (-) TimerEvent: {}
[194.643357] (-) TimerEvent: {}
[194.744131] (-) TimerEvent: {}
[194.844924] (-) TimerEvent: {}
[194.945710] (-) TimerEvent: {}
[195.046461] (-) TimerEvent: {}
[195.147246] (-) TimerEvent: {}
[195.247982] (-) TimerEvent: {}
[195.348774] (-) TimerEvent: {}
[195.449503] (-) TimerEvent: {}
[195.550255] (-) TimerEvent: {}
[195.651015] (-) TimerEvent: {}
[195.751769] (-) TimerEvent: {}
[195.852541] (-) TimerEvent: {}
[195.953306] (-) TimerEvent: {}
[196.054051] (-) TimerEvent: {}
[196.154828] (-) TimerEvent: {}
[196.255583] (-) TimerEvent: {}
[196.356384] (-) TimerEvent: {}
[196.457125] (-) TimerEvent: {}
[196.557894] (-) TimerEvent: {}
[196.658706] (-) TimerEvent: {}
[196.759467] (-) TimerEvent: {}
[196.860266] (-) TimerEvent: {}
[196.961019] (-) TimerEvent: {}
[197.061764] (-) TimerEvent: {}
[197.162544] (-) TimerEvent: {}
[197.263301] (-) TimerEvent: {}
[197.364051] (-) TimerEvent: {}
[197.464935] (-) TimerEvent: {}
[197.565682] (-) TimerEvent: {}
[197.666421] (-) TimerEvent: {}
[197.767263] (-) TimerEvent: {}
[197.781996] (micro_ros_agent) StdoutLine: {'line': b'[ 19%] \x1b[32mBuilding CXX object CMakeFiles/microxrcedds_agent.dir/src/cpp/publisher/Publisher.cpp.o\x1b[0m\n'}
[197.867388] (-) TimerEvent: {}
[197.968135] (-) TimerEvent: {}
[198.068871] (-) TimerEvent: {}
[198.169593] (-) TimerEvent: {}
[198.270314] (-) TimerEvent: {}
[198.371057] (-) TimerEvent: {}
[198.471834] (-) TimerEvent: {}
[198.572587] (-) TimerEvent: {}
[198.673315] (-) TimerEvent: {}
[198.774054] (-) TimerEvent: {}
[198.874838] (-) TimerEvent: {}
[198.975651] (-) TimerEvent: {}
[199.076397] (-) TimerEvent: {}
[199.177113] (-) TimerEvent: {}
[199.277993] (-) TimerEvent: {}
[199.378862] (-) TimerEvent: {}
[199.479646] (-) TimerEvent: {}
[199.580409] (-) TimerEvent: {}
[199.681138] (-) TimerEvent: {}
[199.781896] (-) TimerEvent: {}
[199.882648] (-) TimerEvent: {}
[199.983459] (-) TimerEvent: {}
[200.084187] (-) TimerEvent: {}
[200.184944] (-) TimerEvent: {}
[200.285668] (-) TimerEvent: {}
[200.386389] (-) TimerEvent: {}
[200.487088] (-) TimerEvent: {}
[200.587821] (-) TimerEvent: {}
[200.688597] (-) TimerEvent: {}
[200.789316] (-) TimerEvent: {}
[200.890046] (-) TimerEvent: {}
[200.990786] (-) TimerEvent: {}
[201.091534] (-) TimerEvent: {}
[201.192353] (-) TimerEvent: {}
[201.293078] (-) TimerEvent: {}
[201.393813] (-) TimerEvent: {}
[201.494533] (-) TimerEvent: {}
[201.595237] (-) TimerEvent: {}
[201.695945] (-) TimerEvent: {}
[201.755703] (micro_ros_agent) StdoutLine: {'line': b'[ 21%] \x1b[32mBuilding CXX object CMakeFiles/microxrcedds_agent.dir/src/cpp/subscriber/Subscriber.cpp.o\x1b[0m\n'}
[201.796217] (-) TimerEvent: {}
[201.897105] (-) TimerEvent: {}
[201.997804] (-) TimerEvent: {}
[202.098530] (-) TimerEvent: {}
[202.199276] (-) TimerEvent: {}
[202.300002] (-) TimerEvent: {}
[202.400801] (-) TimerEvent: {}
[202.501588] (-) TimerEvent: {}
[202.602463] (-) TimerEvent: {}
[202.703224] (-) TimerEvent: {}
[202.803953] (-) TimerEvent: {}
[202.904860] (-) TimerEvent: {}
[203.005607] (-) TimerEvent: {}
[203.106384] (-) TimerEvent: {}
[203.207260] (-) TimerEvent: {}
[203.308074] (-) TimerEvent: {}
[203.408849] (-) TimerEvent: {}
[203.509575] (-) TimerEvent: {}
[203.610328] (-) TimerEvent: {}
[203.711105] (-) TimerEvent: {}
[203.811853] (-) TimerEvent: {}
[203.912623] (-) TimerEvent: {}
[204.013389] (-) TimerEvent: {}
[204.114168] (-) TimerEvent: {}
[204.214979] (-) TimerEvent: {}
[204.315783] (-) TimerEvent: {}
[204.416619] (-) TimerEvent: {}
[204.517357] (-) TimerEvent: {}
[204.618106] (-) TimerEvent: {}
[204.718914] (-) TimerEvent: {}
[204.819663] (-) TimerEvent: {}
[204.920410] (-) TimerEvent: {}
[205.021142] (-) TimerEvent: {}
[205.121884] (-) TimerEvent: {}
[205.222641] (-) TimerEvent: {}
[205.323397] (-) TimerEvent: {}
[205.424145] (-) TimerEvent: {}
[205.525177] (-) TimerEvent: {}
[205.626550] (-) TimerEvent: {}
[205.727435] (-) TimerEvent: {}
[205.809563] (micro_ros_agent) StdoutLine: {'line': b'[ 23%] \x1b[32mBuilding CXX object CMakeFiles/microxrcedds_agent.dir/src/cpp/datawriter/DataWriter.cpp.o\x1b[0m\n'}
[205.827648] (-) TimerEvent: {}
[205.928510] (-) TimerEvent: {}
[206.029198] (-) TimerEvent: {}
[206.129890] (-) TimerEvent: {}
[206.230631] (-) TimerEvent: {}
[206.331416] (-) TimerEvent: {}
[206.432212] (-) TimerEvent: {}
[206.532970] (-) TimerEvent: {}
[206.633724] (-) TimerEvent: {}
[206.734495] (-) TimerEvent: {}
[206.835268] (-) TimerEvent: {}
[206.935982] (-) TimerEvent: {}
[207.036750] (-) TimerEvent: {}
[207.137526] (-) TimerEvent: {}
[207.238447] (-) TimerEvent: {}
[207.339251] (-) TimerEvent: {}
[207.440080] (-) TimerEvent: {}
[207.540897] (-) TimerEvent: {}
[207.641638] (-) TimerEvent: {}
[207.742480] (-) TimerEvent: {}
[207.843224] (-) TimerEvent: {}
[207.944007] (-) TimerEvent: {}
[208.044792] (-) TimerEvent: {}
[208.145553] (-) TimerEvent: {}
[208.246319] (-) TimerEvent: {}
[208.347057] (-) TimerEvent: {}
[208.447847] (-) TimerEvent: {}
[208.548660] (-) TimerEvent: {}
[208.649410] (-) TimerEvent: {}
[208.750178] (-) TimerEvent: {}
[208.850936] (-) TimerEvent: {}
[208.951714] (-) TimerEvent: {}
[209.052493] (-) TimerEvent: {}
[209.153209] (-) TimerEvent: {}
[209.253967] (-) TimerEvent: {}
[209.354705] (-) TimerEvent: {}
[209.455477] (-) TimerEvent: {}
[209.556213] (-) TimerEvent: {}
[209.656996] (-) TimerEvent: {}
[209.757727] (-) TimerEvent: {}
[209.858469] (-) TimerEvent: {}
[209.959233] (-) TimerEvent: {}
[210.059997] (-) TimerEvent: {}
[210.160885] (-) TimerEvent: {}
[210.261657] (-) TimerEvent: {}
[210.362515] (-) TimerEvent: {}
[210.463277] (-) TimerEvent: {}
[210.564018] (-) TimerEvent: {}
[210.664801] (-) TimerEvent: {}
[210.765543] (-) TimerEvent: {}
[210.866268] (-) TimerEvent: {}
[210.966998] (-) TimerEvent: {}
[211.067728] (-) TimerEvent: {}
[211.168477] (-) TimerEvent: {}
[211.269229] (-) TimerEvent: {}
[211.369994] (-) TimerEvent: {}
[211.470760] (-) TimerEvent: {}
[211.571505] (-) TimerEvent: {}
[211.672321] (-) TimerEvent: {}
[211.773077] (-) TimerEvent: {}
[211.873822] (-) TimerEvent: {}
[211.974548] (-) TimerEvent: {}
[212.075268] (-) TimerEvent: {}
[212.176052] (-) TimerEvent: {}
[212.276835] (-) TimerEvent: {}
[212.377580] (-) TimerEvent: {}
[212.478306] (-) TimerEvent: {}
[212.579015] (-) TimerEvent: {}
[212.679807] (-) TimerEvent: {}
[212.780601] (-) TimerEvent: {}
[212.881345] (-) TimerEvent: {}
[212.982091] (-) TimerEvent: {}
[213.082907] (-) TimerEvent: {}
[213.183670] (-) TimerEvent: {}
[213.284406] (-) TimerEvent: {}
[213.385153] (-) TimerEvent: {}
[213.485888] (-) TimerEvent: {}
[213.586562] (-) TimerEvent: {}
[213.687303] (-) TimerEvent: {}
[213.788132] (-) TimerEvent: {}
[213.888908] (-) TimerEvent: {}
[213.989693] (-) TimerEvent: {}
[214.090617] (-) TimerEvent: {}
[214.191450] (-) TimerEvent: {}
[214.292167] (-) TimerEvent: {}
[214.393005] (-) TimerEvent: {}
[214.493708] (-) TimerEvent: {}
[214.594545] (-) TimerEvent: {}
[214.695373] (-) TimerEvent: {}
[214.796187] (-) TimerEvent: {}
[214.897032] (-) TimerEvent: {}
[214.997807] (-) TimerEvent: {}
[215.098680] (-) TimerEvent: {}
[215.199500] (-) TimerEvent: {}
[215.300262] (-) TimerEvent: {}
[215.401013] (-) TimerEvent: {}
[215.501708] (-) TimerEvent: {}
[215.602552] (-) TimerEvent: {}
[215.703390] (-) TimerEvent: {}
[215.804328] (-) TimerEvent: {}
[215.905028] (-) TimerEvent: {}
[216.005764] (-) TimerEvent: {}
[216.106477] (-) TimerEvent: {}
[216.207287] (-) TimerEvent: {}
[216.308119] (-) TimerEvent: {}
[216.408907] (-) TimerEvent: {}
[216.509657] (-) TimerEvent: {}
[216.610399] (-) TimerEvent: {}
[216.711190] (-) TimerEvent: {}
[216.811934] (-) TimerEvent: {}
[216.912792] (-) TimerEvent: {}
[217.013563] (-) TimerEvent: {}
[217.114452] (-) TimerEvent: {}
[217.215278] (-) TimerEvent: {}
[217.275854] (micro_ros_agent) StdoutLine: {'line': b'[ 26%] \x1b[32mBuilding CXX object CMakeFiles/microxrcedds_agent.dir/src/cpp/datareader/DataReader.cpp.o\x1b[0m\n'}
[217.315549] (-) TimerEvent: {}
[217.416406] (-) TimerEvent: {}
[217.517086] (-) TimerEvent: {}
[217.617792] (-) TimerEvent: {}
[217.718513] (-) TimerEvent: {}
[217.819229] (-) TimerEvent: {}
[217.920122] (-) TimerEvent: {}
[218.020926] (-) TimerEvent: {}
[218.121672] (-) TimerEvent: {}
[218.222450] (-) TimerEvent: {}
[218.323205] (-) TimerEvent: {}
[218.424008] (-) TimerEvent: {}
[218.524833] (-) TimerEvent: {}
[218.625597] (-) TimerEvent: {}
[218.726334] (-) TimerEvent: {}
[218.827087] (-) TimerEvent: {}
[218.927914] (-) TimerEvent: {}
[219.028708] (-) TimerEvent: {}
[219.129438] (-) TimerEvent: {}
[219.230230] (-) TimerEvent: {}
[219.331023] (-) TimerEvent: {}
[219.431790] (-) TimerEvent: {}
[219.532585] (-) TimerEvent: {}
[219.633322] (-) TimerEvent: {}
[219.734062] (-) TimerEvent: {}
[219.834855] (-) TimerEvent: {}
[219.935618] (-) TimerEvent: {}
[220.036367] (-) TimerEvent: {}
[220.137102] (-) TimerEvent: {}
[220.237876] (-) TimerEvent: {}
[220.338657] (-) TimerEvent: {}
[220.439419] (-) TimerEvent: {}
[220.540167] (-) TimerEvent: {}
[220.640948] (-) TimerEvent: {}
[220.741668] (-) TimerEvent: {}
[220.842411] (-) TimerEvent: {}
[220.943161] (-) TimerEvent: {}
[221.043977] (-) TimerEvent: {}
[221.144790] (-) TimerEvent: {}
[221.245536] (-) TimerEvent: {}
[221.346281] (-) TimerEvent: {}
[221.447040] (-) TimerEvent: {}
[221.547782] (-) TimerEvent: {}
[221.648543] (-) TimerEvent: {}
[221.749273] (-) TimerEvent: {}
[221.850026] (-) TimerEvent: {}
[221.950799] (-) TimerEvent: {}
[222.051581] (-) TimerEvent: {}
[222.152400] (-) TimerEvent: {}
[222.253098] (-) TimerEvent: {}
[222.353844] (-) TimerEvent: {}
[222.454605] (-) TimerEvent: {}
[222.555401] (-) TimerEvent: {}
[222.656174] (-) TimerEvent: {}
[222.756948] (-) TimerEvent: {}
[222.857705] (-) TimerEvent: {}
[222.958453] (-) TimerEvent: {}
[223.059319] (-) TimerEvent: {}
[223.160128] (-) TimerEvent: {}
[223.260920] (-) TimerEvent: {}
[223.361673] (-) TimerEvent: {}
[223.462452] (-) TimerEvent: {}
[223.563197] (-) TimerEvent: {}
[223.664009] (-) TimerEvent: {}
[223.764820] (-) TimerEvent: {}
[223.865612] (-) TimerEvent: {}
[223.966340] (-) TimerEvent: {}
[224.067089] (-) TimerEvent: {}
[224.167854] (-) TimerEvent: {}
[224.268658] (-) TimerEvent: {}
[224.369389] (-) TimerEvent: {}
[224.470100] (-) TimerEvent: {}
[224.570890] (-) TimerEvent: {}
[224.671700] (-) TimerEvent: {}
[224.772542] (-) TimerEvent: {}
[224.873268] (-) TimerEvent: {}
[224.974023] (-) TimerEvent: {}
[225.074763] (-) TimerEvent: {}
[225.175515] (-) TimerEvent: {}
[225.276309] (-) TimerEvent: {}
[225.377042] (-) TimerEvent: {}
[225.477813] (-) TimerEvent: {}
[225.578592] (-) TimerEvent: {}
[225.679336] (-) TimerEvent: {}
[225.780093] (-) TimerEvent: {}
[225.880974] (-) TimerEvent: {}
[225.981761] (-) TimerEvent: {}
[226.082594] (-) TimerEvent: {}
[226.183335] (-) TimerEvent: {}
[226.284112] (-) TimerEvent: {}
[226.384955] (-) TimerEvent: {}
[226.485778] (-) TimerEvent: {}
[226.586656] (-) TimerEvent: {}
[226.687429] (-) TimerEvent: {}
[226.788200] (-) TimerEvent: {}
[226.889081] (-) TimerEvent: {}
[226.989826] (-) TimerEvent: {}
[227.090628] (-) TimerEvent: {}
[227.191452] (-) TimerEvent: {}
[227.292306] (-) TimerEvent: {}
[227.393023] (-) TimerEvent: {}
[227.493757] (-) TimerEvent: {}
[227.594575] (-) TimerEvent: {}
[227.695395] (-) TimerEvent: {}
[227.796123] (-) TimerEvent: {}
[227.897095] (-) TimerEvent: {}
[227.997847] (-) TimerEvent: {}
[228.098807] (-) TimerEvent: {}
[228.199665] (-) TimerEvent: {}
[228.300549] (-) TimerEvent: {}
[228.401350] (-) TimerEvent: {}
[228.502209] (-) TimerEvent: {}
[228.602994] (-) TimerEvent: {}
[228.703764] (-) TimerEvent: {}
[228.804575] (-) TimerEvent: {}
[228.905314] (-) TimerEvent: {}
[229.006081] (-) TimerEvent: {}
[229.106870] (-) TimerEvent: {}
[229.207603] (-) TimerEvent: {}
[229.308355] (-) TimerEvent: {}
[229.399466] (micro_ros_agent) StdoutLine: {'line': b'[ 28%] \x1b[32mBuilding CXX object CMakeFiles/microxrcedds_agent.dir/src/cpp/requester/Requester.cpp.o\x1b[0m\n'}
[229.408532] (-) TimerEvent: {}
[229.509243] (-) TimerEvent: {}
[229.609959] (-) TimerEvent: {}
[229.710797] (-) TimerEvent: {}
[229.811832] (-) TimerEvent: {}
[229.912630] (-) TimerEvent: {}
[230.013447] (-) TimerEvent: {}
[230.114210] (-) TimerEvent: {}
[230.214940] (-) TimerEvent: {}
[230.315680] (-) TimerEvent: {}
[230.416498] (-) TimerEvent: {}
[230.517255] (-) TimerEvent: {}
[230.618012] (-) TimerEvent: {}
[230.718786] (-) TimerEvent: {}
[230.819529] (-) TimerEvent: {}
[230.920378] (-) TimerEvent: {}
[231.021173] (-) TimerEvent: {}
[231.121911] (-) TimerEvent: {}
[231.222644] (-) TimerEvent: {}
[231.323448] (-) TimerEvent: {}
[231.424210] (-) TimerEvent: {}
[231.525002] (-) TimerEvent: {}
[231.625747] (-) TimerEvent: {}
[231.726514] (-) TimerEvent: {}
[231.827314] (-) TimerEvent: {}
[231.928097] (-) TimerEvent: {}
[232.028914] (-) TimerEvent: {}
[232.129642] (-) TimerEvent: {}
[232.230397] (-) TimerEvent: {}
[232.331221] (-) TimerEvent: {}
[232.431971] (-) TimerEvent: {}
[232.532766] (-) TimerEvent: {}
[232.633514] (-) TimerEvent: {}
[232.734253] (-) TimerEvent: {}
[232.835035] (-) TimerEvent: {}
[232.935774] (-) TimerEvent: {}
[233.036508] (-) TimerEvent: {}
[233.137362] (-) TimerEvent: {}
[233.238133] (-) TimerEvent: {}
[233.338900] (-) TimerEvent: {}
[233.439650] (-) TimerEvent: {}
[233.540427] (-) TimerEvent: {}
[233.641155] (-) TimerEvent: {}
[233.741889] (-) TimerEvent: {}
[233.842668] (-) TimerEvent: {}
[233.943427] (-) TimerEvent: {}
[234.044171] (-) TimerEvent: {}
[234.144952] (-) TimerEvent: {}
[234.245677] (-) TimerEvent: {}
[234.346470] (-) TimerEvent: {}
[234.447218] (-) TimerEvent: {}
[234.547968] (-) TimerEvent: {}
[234.648742] (-) TimerEvent: {}
[234.749480] (-) TimerEvent: {}
[234.850227] (-) TimerEvent: {}
[234.950975] (-) TimerEvent: {}
[235.051730] (-) TimerEvent: {}
[235.152442] (-) TimerEvent: {}
[235.253156] (-) TimerEvent: {}
[235.353910] (-) TimerEvent: {}
[235.454666] (-) TimerEvent: {}
[235.555436] (-) TimerEvent: {}
[235.656206] (-) TimerEvent: {}
[235.756999] (-) TimerEvent: {}
[235.857751] (-) TimerEvent: {}
[235.958508] (-) TimerEvent: {}
[236.059308] (-) TimerEvent: {}
[236.160061] (-) TimerEvent: {}
[236.260852] (-) TimerEvent: {}
[236.361582] (-) TimerEvent: {}
[236.462362] (-) TimerEvent: {}
[236.563121] (-) TimerEvent: {}
[236.663903] (-) TimerEvent: {}
[236.764726] (-) TimerEvent: {}
[236.865444] (-) TimerEvent: {}
[236.966156] (-) TimerEvent: {}
[237.066923] (-) TimerEvent: {}
[237.167690] (-) TimerEvent: {}
[237.268429] (-) TimerEvent: {}
[237.369151] (-) TimerEvent: {}
[237.469847] (-) TimerEvent: {}
[237.570617] (-) TimerEvent: {}
[237.671381] (-) TimerEvent: {}
[237.772155] (-) TimerEvent: {}
[237.873007] (-) TimerEvent: {}
[237.973726] (-) TimerEvent: {}
[238.074539] (-) TimerEvent: {}
[238.175300] (-) TimerEvent: {}
[238.276162] (-) TimerEvent: {}
[238.376956] (-) TimerEvent: {}
[238.477719] (-) TimerEvent: {}
[238.578614] (-) TimerEvent: {}
[238.679378] (-) TimerEvent: {}
[238.780139] (-) TimerEvent: {}
[238.880908] (-) TimerEvent: {}
[238.981643] (-) TimerEvent: {}
[239.082402] (-) TimerEvent: {}
[239.183173] (-) TimerEvent: {}
[239.283935] (-) TimerEvent: {}
[239.384743] (-) TimerEvent: {}
[239.485487] (-) TimerEvent: {}
[239.586233] (-) TimerEvent: {}
[239.686978] (-) TimerEvent: {}
[239.787961] (-) TimerEvent: {}
[239.888780] (-) TimerEvent: {}
[239.989556] (-) TimerEvent: {}
[240.090451] (-) TimerEvent: {}
[240.191283] (-) TimerEvent: {}
[240.292069] (-) TimerEvent: {}
[240.392922] (-) TimerEvent: {}
[240.493635] (-) TimerEvent: {}
[240.594497] (-) TimerEvent: {}
[240.695263] (-) TimerEvent: {}
[240.796031] (-) TimerEvent: {}
[240.896789] (-) TimerEvent: {}
[240.997544] (-) TimerEvent: {}
[241.098318] (-) TimerEvent: {}
[241.199075] (-) TimerEvent: {}
[241.299884] (-) TimerEvent: {}
[241.400667] (-) TimerEvent: {}
[241.501408] (-) TimerEvent: {}
[241.602149] (-) TimerEvent: {}
[241.701927] (micro_ros_agent) StdoutLine: {'line': b'[ 30%] \x1b[32mBuilding CXX object CMakeFiles/microxrcedds_agent.dir/src/cpp/replier/Replier.cpp.o\x1b[0m\n'}
[241.702633] (-) TimerEvent: {}
[241.803328] (-) TimerEvent: {}
[241.904017] (-) TimerEvent: {}
[242.004744] (-) TimerEvent: {}
[242.105469] (-) TimerEvent: {}
[242.206184] (-) TimerEvent: {}
[242.306980] (-) TimerEvent: {}
[242.407728] (-) TimerEvent: {}
[242.508449] (-) TimerEvent: {}
[242.609184] (-) TimerEvent: {}
[242.709895] (-) TimerEvent: {}
[242.810650] (-) TimerEvent: {}
[242.911458] (-) TimerEvent: {}
[243.012268] (-) TimerEvent: {}
[243.113001] (-) TimerEvent: {}
[243.213820] (-) TimerEvent: {}
[243.314597] (-) TimerEvent: {}
[243.415525] (-) TimerEvent: {}
[243.516391] (-) TimerEvent: {}
[243.617131] (-) TimerEvent: {}
[243.717854] (-) TimerEvent: {}
[243.818617] (-) TimerEvent: {}
[243.919315] (-) TimerEvent: {}
[244.020071] (-) TimerEvent: {}
[244.120837] (-) TimerEvent: {}
[244.221589] (-) TimerEvent: {}
[244.322337] (-) TimerEvent: {}
[244.423091] (-) TimerEvent: {}
[244.523853] (-) TimerEvent: {}
[244.624634] (-) TimerEvent: {}
[244.725373] (-) TimerEvent: {}
[244.826111] (-) TimerEvent: {}
[244.926854] (-) TimerEvent: {}
[245.027622] (-) TimerEvent: {}
[245.128437] (-) TimerEvent: {}
[245.229187] (-) TimerEvent: {}
[245.329951] (-) TimerEvent: {}
[245.430707] (-) TimerEvent: {}
[245.531455] (-) TimerEvent: {}
[245.632302] (-) TimerEvent: {}
[245.733039] (-) TimerEvent: {}
[245.833773] (-) TimerEvent: {}
[245.934517] (-) TimerEvent: {}
[246.035243] (-) TimerEvent: {}
[246.135991] (-) TimerEvent: {}
[246.236754] (-) TimerEvent: {}
[246.337463] (-) TimerEvent: {}
[246.438236] (-) TimerEvent: {}
[246.539054] (-) TimerEvent: {}
[246.639830] (-) TimerEvent: {}
[246.740613] (-) TimerEvent: {}
[246.841343] (-) TimerEvent: {}
[246.942072] (-) TimerEvent: {}
[247.042808] (-) TimerEvent: {}
[247.143570] (-) TimerEvent: {}
[247.244346] (-) TimerEvent: {}
[247.345059] (-) TimerEvent: {}
[247.445767] (-) TimerEvent: {}
[247.546501] (-) TimerEvent: {}
[247.647262] (-) TimerEvent: {}
[247.748000] (-) TimerEvent: {}
[247.848783] (-) TimerEvent: {}
[247.949491] (-) TimerEvent: {}
[248.050236] (-) TimerEvent: {}
[248.151005] (-) TimerEvent: {}
[248.251877] (-) TimerEvent: {}
[248.352627] (-) TimerEvent: {}
[248.453334] (-) TimerEvent: {}
[248.554215] (-) TimerEvent: {}
[248.654997] (-) TimerEvent: {}
[248.755730] (-) TimerEvent: {}
[248.856445] (-) TimerEvent: {}
[248.957147] (-) TimerEvent: {}
[249.057879] (-) TimerEvent: {}
[249.158622] (-) TimerEvent: {}
[249.259335] (-) TimerEvent: {}
[249.360099] (-) TimerEvent: {}
[249.460909] (-) TimerEvent: {}
[249.561667] (-) TimerEvent: {}
[249.662392] (-) TimerEvent: {}
[249.763118] (-) TimerEvent: {}
[249.863862] (-) TimerEvent: {}
[249.964664] (-) TimerEvent: {}
[250.065398] (-) TimerEvent: {}
[250.166174] (-) TimerEvent: {}
[250.266922] (-) TimerEvent: {}
[250.367658] (-) TimerEvent: {}
[250.468430] (-) TimerEvent: {}
[250.569119] (-) TimerEvent: {}
[250.669809] (-) TimerEvent: {}
[250.770578] (-) TimerEvent: {}
[250.871315] (-) TimerEvent: {}
[250.972084] (-) TimerEvent: {}
[251.072869] (-) TimerEvent: {}
[251.173607] (-) TimerEvent: {}
[251.274327] (-) TimerEvent: {}
[251.375279] (-) TimerEvent: {}
[251.476029] (-) TimerEvent: {}
[251.576810] (-) TimerEvent: {}
[251.677601] (-) TimerEvent: {}
[251.778345] (-) TimerEvent: {}
[251.879095] (-) TimerEvent: {}
[251.979931] (-) TimerEvent: {}
[252.080752] (-) TimerEvent: {}
[252.181478] (-) TimerEvent: {}
[252.282247] (-) TimerEvent: {}
[252.383043] (-) TimerEvent: {}
[252.483796] (-) TimerEvent: {}
[252.584586] (-) TimerEvent: {}
[252.685356] (-) TimerEvent: {}
[252.786149] (-) TimerEvent: {}
[252.886949] (-) TimerEvent: {}
[252.987747] (-) TimerEvent: {}
[253.088597] (-) TimerEvent: {}
[253.189348] (-) TimerEvent: {}
[253.290083] (-) TimerEvent: {}
[253.390810] (-) TimerEvent: {}
[253.491596] (-) TimerEvent: {}
[253.592564] (-) TimerEvent: {}
[253.693336] (-) TimerEvent: {}
[253.794054] (-) TimerEvent: {}
[253.886041] (micro_ros_agent) StdoutLine: {'line': b'[ 33%] \x1b[32mBuilding CXX object CMakeFiles/microxrcedds_agent.dir/src/cpp/object/XRCEObject.cpp.o\x1b[0m\n'}
[253.894268] (-) TimerEvent: {}
[253.995006] (-) TimerEvent: {}
[254.095732] (-) TimerEvent: {}
[254.196478] (-) TimerEvent: {}
[254.297241] (-) TimerEvent: {}
[254.398002] (-) TimerEvent: {}
[254.498755] (-) TimerEvent: {}
[254.599513] (-) TimerEvent: {}
[254.700328] (-) TimerEvent: {}
[254.801072] (-) TimerEvent: {}
[254.901809] (-) TimerEvent: {}
[255.002526] (-) TimerEvent: {}
[255.103283] (-) TimerEvent: {}
[255.204013] (-) TimerEvent: {}
[255.304843] (-) TimerEvent: {}
[255.405627] (-) TimerEvent: {}
[255.506444] (-) TimerEvent: {}
[255.607231] (-) TimerEvent: {}
[255.707955] (-) TimerEvent: {}
[255.808731] (-) TimerEvent: {}
[255.895497] (micro_ros_agent) StdoutLine: {'line': b'[ 35%] \x1b[32mBuilding CXX object CMakeFiles/microxrcedds_agent.dir/src/cpp/types/XRCETypes.cpp.o\x1b[0m\n'}
[255.908936] (-) TimerEvent: {}
[256.009668] (-) TimerEvent: {}
[256.110381] (-) TimerEvent: {}
[256.211129] (-) TimerEvent: {}
[256.311922] (-) TimerEvent: {}
[256.412707] (-) TimerEvent: {}
[256.513419] (-) TimerEvent: {}
[256.614158] (-) TimerEvent: {}
[256.714891] (-) TimerEvent: {}
[256.815651] (-) TimerEvent: {}
[256.916424] (-) TimerEvent: {}
[257.017202] (-) TimerEvent: {}
[257.117960] (-) TimerEvent: {}
[257.218744] (-) TimerEvent: {}
[257.319510] (-) TimerEvent: {}
[257.420294] (-) TimerEvent: {}
[257.521027] (-) TimerEvent: {}
[257.621771] (-) TimerEvent: {}
[257.722532] (-) TimerEvent: {}
[257.823305] (-) TimerEvent: {}
[257.924030] (-) TimerEvent: {}
[258.024822] (-) TimerEvent: {}
[258.125557] (-) TimerEvent: {}
[258.226318] (-) TimerEvent: {}
[258.327128] (-) TimerEvent: {}
[258.427900] (-) TimerEvent: {}
[258.528704] (-) TimerEvent: {}
[258.629605] (-) TimerEvent: {}
[258.730364] (-) TimerEvent: {}
[258.831137] (-) TimerEvent: {}
[258.931887] (-) TimerEvent: {}
[259.032685] (-) TimerEvent: {}
[259.133441] (-) TimerEvent: {}
[259.234176] (-) TimerEvent: {}
[259.334948] (-) TimerEvent: {}
[259.435665] (-) TimerEvent: {}
[259.536394] (-) TimerEvent: {}
[259.637115] (-) TimerEvent: {}
[259.737806] (-) TimerEvent: {}
[259.838561] (-) TimerEvent: {}
[259.939301] (-) TimerEvent: {}
[260.040042] (-) TimerEvent: {}
[260.140800] (-) TimerEvent: {}
[260.241521] (-) TimerEvent: {}
[260.342295] (-) TimerEvent: {}
[260.443223] (-) TimerEvent: {}
[260.544367] (-) TimerEvent: {}
[260.645068] (-) TimerEvent: {}
[260.745794] (-) TimerEvent: {}
[260.846546] (-) TimerEvent: {}
[260.947282] (-) TimerEvent: {}
[261.048013] (-) TimerEvent: {}
[261.148775] (-) TimerEvent: {}
[261.249496] (-) TimerEvent: {}
[261.350236] (-) TimerEvent: {}
[261.450990] (-) TimerEvent: {}
[261.551710] (-) TimerEvent: {}
[261.652428] (-) TimerEvent: {}
[261.753143] (-) TimerEvent: {}
[261.853883] (-) TimerEvent: {}
[261.954610] (-) TimerEvent: {}
[262.055387] (-) TimerEvent: {}
[262.156192] (-) TimerEvent: {}
[262.256972] (-) TimerEvent: {}
[262.357710] (-) TimerEvent: {}
[262.458449] (-) TimerEvent: {}
[262.559189] (-) TimerEvent: {}
[262.659991] (-) TimerEvent: {}
[262.760775] (-) TimerEvent: {}
[262.861487] (-) TimerEvent: {}
[262.962196] (-) TimerEvent: {}
[263.062932] (-) TimerEvent: {}
[263.163667] (-) TimerEvent: {}
[263.264410] (-) TimerEvent: {}
[263.365136] (-) TimerEvent: {}
[263.465846] (-) TimerEvent: {}
[263.566565] (-) TimerEvent: {}
[263.667308] (-) TimerEvent: {}
[263.768097] (-) TimerEvent: {}
[263.868870] (-) TimerEvent: {}
[263.969586] (-) TimerEvent: {}
[264.070322] (-) TimerEvent: {}
[264.171085] (-) TimerEvent: {}
[264.271836] (-) TimerEvent: {}
[264.372617] (-) TimerEvent: {}
[264.473344] (-) TimerEvent: {}
[264.574076] (-) TimerEvent: {}
[264.674802] (-) TimerEvent: {}
[264.775526] (-) TimerEvent: {}
[264.876315] (-) TimerEvent: {}
[264.977048] (-) TimerEvent: {}
[265.077769] (-) TimerEvent: {}
[265.178494] (-) TimerEvent: {}
[265.279264] (-) TimerEvent: {}
[265.380005] (-) TimerEvent: {}
[265.480790] (-) TimerEvent: {}
[265.581510] (-) TimerEvent: {}
[265.682266] (-) TimerEvent: {}
[265.783014] (-) TimerEvent: {}
[265.883715] (-) TimerEvent: {}
[265.984477] (-) TimerEvent: {}
[266.085202] (-) TimerEvent: {}
[266.185902] (-) TimerEvent: {}
[266.286648] (-) TimerEvent: {}
[266.387361] (-) TimerEvent: {}
[266.488077] (-) TimerEvent: {}
[266.588837] (-) TimerEvent: {}
[266.689595] (-) TimerEvent: {}
[266.790379] (-) TimerEvent: {}
[266.891132] (-) TimerEvent: {}
[266.991892] (-) TimerEvent: {}
[267.092680] (-) TimerEvent: {}
[267.193390] (-) TimerEvent: {}
[267.294126] (-) TimerEvent: {}
[267.394878] (-) TimerEvent: {}
[267.495697] (-) TimerEvent: {}
[267.596429] (-) TimerEvent: {}
[267.697183] (-) TimerEvent: {}
[267.797915] (-) TimerEvent: {}
[267.898624] (-) TimerEvent: {}
[267.999402] (-) TimerEvent: {}
[268.100139] (-) TimerEvent: {}
[268.200906] (-) TimerEvent: {}
[268.301627] (-) TimerEvent: {}
[268.402330] (-) TimerEvent: {}
[268.503070] (-) TimerEvent: {}
[268.603787] (-) TimerEvent: {}
[268.704555] (-) TimerEvent: {}
[268.805266] (-) TimerEvent: {}
[268.905991] (-) TimerEvent: {}
[269.006784] (-) TimerEvent: {}
[269.107536] (-) TimerEvent: {}
[269.208320] (-) TimerEvent: {}
[269.309079] (-) TimerEvent: {}
[269.409808] (-) TimerEvent: {}
[269.510556] (-) TimerEvent: {}
[269.611282] (-) TimerEvent: {}
[269.712007] (-) TimerEvent: {}
[269.812776] (-) TimerEvent: {}
[269.913490] (-) TimerEvent: {}
[270.014218] (-) TimerEvent: {}
[270.114937] (-) TimerEvent: {}
[270.215700] (-) TimerEvent: {}
[270.316449] (-) TimerEvent: {}
[270.417224] (-) TimerEvent: {}
[270.517973] (-) TimerEvent: {}
[270.618731] (-) TimerEvent: {}
[270.719441] (-) TimerEvent: {}
[270.820220] (-) TimerEvent: {}
[270.920974] (-) TimerEvent: {}
[271.021697] (-) TimerEvent: {}
[271.122458] (-) TimerEvent: {}
[271.223193] (-) TimerEvent: {}
[271.323984] (-) TimerEvent: {}
[271.424762] (-) TimerEvent: {}
[271.525548] (-) TimerEvent: {}
[271.626284] (-) TimerEvent: {}
[271.727006] (-) TimerEvent: {}
[271.827760] (-) TimerEvent: {}
[271.928707] (-) TimerEvent: {}
[271.946876] (micro_ros_agent) StdoutLine: {'line': b'[ 38%] \x1b[32mBuilding CXX object CMakeFiles/microxrcedds_agent.dir/src/cpp/types/MessageHeader.cpp.o\x1b[0m\n'}
[272.028905] (-) TimerEvent: {}
[272.129615] (-) TimerEvent: {}
[272.230356] (-) TimerEvent: {}
[272.331088] (-) TimerEvent: {}
[272.431871] (-) TimerEvent: {}
[272.532650] (-) TimerEvent: {}
[272.633422] (-) TimerEvent: {}
[272.734135] (-) TimerEvent: {}
[272.834853] (-) TimerEvent: {}
[272.935714] (-) TimerEvent: {}
[273.036508] (-) TimerEvent: {}
[273.137270] (-) TimerEvent: {}
[273.238031] (-) TimerEvent: {}
[273.338797] (-) TimerEvent: {}
[273.439583] (-) TimerEvent: {}
[273.540380] (-) TimerEvent: {}
[273.641111] (-) TimerEvent: {}
[273.744882] (-) TimerEvent: {}
[273.755533] (micro_ros_agent) StdoutLine: {'line': b'[ 40%] \x1b[32mBuilding CXX object CMakeFiles/microxrcedds_agent.dir/src/cpp/types/SubMessageHeader.cpp.o\x1b[0m\n'}
[273.845065] (-) TimerEvent: {}
[273.945784] (-) TimerEvent: {}
[274.046483] (-) TimerEvent: {}
[274.147307] (-) TimerEvent: {}
[274.248051] (-) TimerEvent: {}
[274.348875] (-) TimerEvent: {}
[274.449629] (-) TimerEvent: {}
[274.550400] (-) TimerEvent: {}
[274.651177] (-) TimerEvent: {}
[274.751963] (-) TimerEvent: {}
[274.852767] (-) TimerEvent: {}
[274.953539] (-) TimerEvent: {}
[275.054412] (-) TimerEvent: {}
[275.155177] (-) TimerEvent: {}
[275.255945] (-) TimerEvent: {}
[275.356749] (-) TimerEvent: {}
[275.457672] (-) TimerEvent: {}
[275.532051] (micro_ros_agent) StdoutLine: {'line': b'[ 42%] \x1b[32mBuilding CXX object CMakeFiles/microxrcedds_agent.dir/src/cpp/message/InputMessage.cpp.o\x1b[0m\n'}
[275.557868] (-) TimerEvent: {}
[275.658641] (-) TimerEvent: {}
[275.759366] (-) TimerEvent: {}
[275.860129] (-) TimerEvent: {}
[275.960848] (-) TimerEvent: {}
[276.061549] (-) TimerEvent: {}
[276.162266] (-) TimerEvent: {}
[276.263060] (-) TimerEvent: {}
[276.363878] (-) TimerEvent: {}
[276.464651] (-) TimerEvent: {}
[276.565435] (-) TimerEvent: {}
[276.666234] (-) TimerEvent: {}
[276.766974] (-) TimerEvent: {}
[276.867751] (-) TimerEvent: {}
[276.968484] (-) TimerEvent: {}
[277.069197] (-) TimerEvent: {}
[277.170000] (-) TimerEvent: {}
[277.270741] (-) TimerEvent: {}
[277.371554] (-) TimerEvent: {}
[277.472343] (-) TimerEvent: {}
[277.573060] (-) TimerEvent: {}
[277.673845] (-) TimerEvent: {}
[277.774667] (-) TimerEvent: {}
[277.875446] (-) TimerEvent: {}
[277.976179] (-) TimerEvent: {}
[278.076963] (-) TimerEvent: {}
[278.177678] (-) TimerEvent: {}
[278.278416] (-) TimerEvent: {}
[278.379170] (-) TimerEvent: {}
[278.479894] (-) TimerEvent: {}
[278.580647] (-) TimerEvent: {}
[278.681351] (-) TimerEvent: {}
[278.782296] (-) TimerEvent: {}
[278.883103] (-) TimerEvent: {}
[278.983859] (-) TimerEvent: {}
[279.084625] (-) TimerEvent: {}
[279.185346] (-) TimerEvent: {}
[279.286071] (-) TimerEvent: {}
[279.386858] (-) TimerEvent: {}
[279.487590] (-) TimerEvent: {}
[279.588369] (-) TimerEvent: {}
[279.689101] (-) TimerEvent: {}
[279.789857] (-) TimerEvent: {}
[279.890635] (-) TimerEvent: {}
[279.991395] (-) TimerEvent: {}
[280.092135] (-) TimerEvent: {}
[280.192889] (-) TimerEvent: {}
[280.293657] (-) TimerEvent: {}
[280.394459] (-) TimerEvent: {}
[280.495212] (-) TimerEvent: {}
[280.595983] (-) TimerEvent: {}
[280.696778] (-) TimerEvent: {}
[280.797519] (-) TimerEvent: {}
[280.898280] (-) TimerEvent: {}
[280.999193] (-) TimerEvent: {}
[281.099971] (-) TimerEvent: {}
[281.200731] (-) TimerEvent: {}
[281.301473] (-) TimerEvent: {}
[281.402182] (-) TimerEvent: {}
[281.502957] (-) TimerEvent: {}
[281.603811] (-) TimerEvent: {}
[281.704592] (-) TimerEvent: {}
[281.805356] (-) TimerEvent: {}
[281.906159] (-) TimerEvent: {}
[282.007001] (-) TimerEvent: {}
[282.107935] (-) TimerEvent: {}
[282.208737] (-) TimerEvent: {}
[282.309538] (-) TimerEvent: {}
[282.410396] (-) TimerEvent: {}
[282.511252] (-) TimerEvent: {}
[282.612030] (-) TimerEvent: {}
[282.712811] (-) TimerEvent: {}
[282.813635] (-) TimerEvent: {}
[282.914381] (-) TimerEvent: {}
[283.015139] (-) TimerEvent: {}
[283.115937] (-) TimerEvent: {}
[283.216766] (-) TimerEvent: {}
[283.317676] (-) TimerEvent: {}
[283.418397] (-) TimerEvent: {}
[283.519190] (-) TimerEvent: {}
[283.619966] (-) TimerEvent: {}
[283.720758] (-) TimerEvent: {}
[283.821757] (-) TimerEvent: {}
[283.922482] (-) TimerEvent: {}
[284.023249] (-) TimerEvent: {}
[284.124094] (-) TimerEvent: {}
[284.224894] (-) TimerEvent: {}
[284.325585] (-) TimerEvent: {}
[284.426380] (-) TimerEvent: {}
[284.527176] (-) TimerEvent: {}
[284.627983] (-) TimerEvent: {}
[284.728766] (-) TimerEvent: {}
[284.829473] (-) TimerEvent: {}
[284.930322] (-) TimerEvent: {}
[285.031093] (-) TimerEvent: {}
[285.131872] (-) TimerEvent: {}
[285.232693] (-) TimerEvent: {}
[285.333512] (-) TimerEvent: {}
[285.434266] (-) TimerEvent: {}
[285.535103] (-) TimerEvent: {}
[285.635895] (-) TimerEvent: {}
[285.736833] (-) TimerEvent: {}
[285.837633] (-) TimerEvent: {}
[285.938384] (-) TimerEvent: {}
[286.039101] (-) TimerEvent: {}
[286.124340] (micro_ros_agent) StdoutLine: {'line': b'[ 45%] \x1b[32mBuilding CXX object CMakeFiles/microxrcedds_agent.dir/src/cpp/message/OutputMessage.cpp.o\x1b[0m\n'}
[286.139302] (-) TimerEvent: {}
[286.240086] (-) TimerEvent: {}
[286.340833] (-) TimerEvent: {}
[286.441646] (-) TimerEvent: {}
[286.542670] (-) TimerEvent: {}
[286.643389] (-) TimerEvent: {}
[286.744171] (-) TimerEvent: {}
[286.844958] (-) TimerEvent: {}
[286.945721] (-) TimerEvent: {}
[287.046558] (-) TimerEvent: {}
[287.147303] (-) TimerEvent: {}
[287.248068] (-) TimerEvent: {}
[287.348857] (-) TimerEvent: {}
[287.449661] (-) TimerEvent: {}
[287.550466] (-) TimerEvent: {}
[287.651245] (-) TimerEvent: {}
[287.752030] (-) TimerEvent: {}
[287.852808] (-) TimerEvent: {}
[287.953555] (-) TimerEvent: {}
[288.054319] (-) TimerEvent: {}
[288.155090] (-) TimerEvent: {}
[288.255858] (-) TimerEvent: {}
[288.356705] (-) TimerEvent: {}
[288.457502] (-) TimerEvent: {}
[288.558248] (-) TimerEvent: {}
[288.659011] (-) TimerEvent: {}
[288.759761] (-) TimerEvent: {}
[288.860643] (-) TimerEvent: {}
[288.961398] (-) TimerEvent: {}
[289.062143] (-) TimerEvent: {}
[289.162887] (-) TimerEvent: {}
[289.263625] (-) TimerEvent: {}
[289.364437] (-) TimerEvent: {}
[289.465230] (-) TimerEvent: {}
[289.565988] (-) TimerEvent: {}
[289.666757] (-) TimerEvent: {}
[289.767551] (-) TimerEvent: {}
[289.868315] (-) TimerEvent: {}
[289.969027] (-) TimerEvent: {}
[290.069762] (-) TimerEvent: {}
[290.170507] (-) TimerEvent: {}
[290.271291] (-) TimerEvent: {}
[290.372048] (-) TimerEvent: {}
[290.472827] (-) TimerEvent: {}
[290.573570] (-) TimerEvent: {}
[290.674305] (-) TimerEvent: {}
[290.775072] (-) TimerEvent: {}
[290.875813] (-) TimerEvent: {}
[290.976641] (-) TimerEvent: {}
[291.077423] (-) TimerEvent: {}
[291.178186] (-) TimerEvent: {}
[291.278976] (-) TimerEvent: {}
[291.379715] (-) TimerEvent: {}
[291.480506] (-) TimerEvent: {}
[291.581252] (-) TimerEvent: {}
[291.681983] (-) TimerEvent: {}
[291.782776] (-) TimerEvent: {}
[291.883546] (-) TimerEvent: {}
[291.984329] (-) TimerEvent: {}
[292.085055] (-) TimerEvent: {}
[292.185768] (-) TimerEvent: {}
[292.286582] (-) TimerEvent: {}
[292.387386] (-) TimerEvent: {}
[292.488182] (-) TimerEvent: {}
[292.589067] (-) TimerEvent: {}
[292.689836] (-) TimerEvent: {}
[292.790616] (-) TimerEvent: {}
[292.891342] (-) TimerEvent: {}
[292.992086] (-) TimerEvent: {}
[293.092881] (-) TimerEvent: {}
[293.193626] (-) TimerEvent: {}
[293.294370] (-) TimerEvent: {}
[293.395155] (-) TimerEvent: {}
[293.495889] (-) TimerEvent: {}
[293.596684] (-) TimerEvent: {}
[293.697483] (-) TimerEvent: {}
[293.798262] (-) TimerEvent: {}
[293.899135] (-) TimerEvent: {}
[293.999966] (-) TimerEvent: {}
[294.100776] (-) TimerEvent: {}
[294.201506] (-) TimerEvent: {}
[294.302228] (-) TimerEvent: {}
[294.402960] (-) TimerEvent: {}
[294.503749] (-) TimerEvent: {}
[294.604552] (-) TimerEvent: {}
[294.705306] (-) TimerEvent: {}
[294.806133] (-) TimerEvent: {}
[294.906932] (-) TimerEvent: {}
[295.007631] (-) TimerEvent: {}
[295.108434] (-) TimerEvent: {}
[295.209189] (-) TimerEvent: {}
[295.310062] (-) TimerEvent: {}
[295.410880] (-) TimerEvent: {}
[295.511635] (-) TimerEvent: {}
[295.612443] (-) TimerEvent: {}
[295.713230] (-) TimerEvent: {}
[295.814035] (-) TimerEvent: {}
[295.914863] (-) TimerEvent: {}
[296.015616] (-) TimerEvent: {}
[296.116524] (-) TimerEvent: {}
[296.217299] (-) TimerEvent: {}
[296.318040] (-) TimerEvent: {}
[296.418776] (-) TimerEvent: {}
[296.519652] (-) TimerEvent: {}
[296.620509] (-) TimerEvent: {}
[296.674364] (micro_ros_agent) StdoutLine: {'line': b'[ 47%] \x1b[32mBuilding CXX object CMakeFiles/microxrcedds_agent.dir/src/cpp/utils/ArgumentParser.cpp.o\x1b[0m\n'}
[296.720700] (-) TimerEvent: {}
[296.821465] (-) TimerEvent: {}
[296.922193] (-) TimerEvent: {}
[297.022918] (-) TimerEvent: {}
[297.123667] (-) TimerEvent: {}
[297.224388] (-) TimerEvent: {}
[297.325105] (-) TimerEvent: {}
[297.425840] (-) TimerEvent: {}
[297.526583] (-) TimerEvent: {}
[297.627432] (-) TimerEvent: {}
[297.728176] (-) TimerEvent: {}
[297.828988] (-) TimerEvent: {}
[297.929750] (-) TimerEvent: {}
[298.030472] (-) TimerEvent: {}
[298.131261] (-) TimerEvent: {}
[298.232046] (-) TimerEvent: {}
[298.332820] (-) TimerEvent: {}
[298.433542] (-) TimerEvent: {}
[298.534298] (-) TimerEvent: {}
[298.635072] (-) TimerEvent: {}
[298.735875] (-) TimerEvent: {}
[298.836682] (-) TimerEvent: {}
[298.937447] (-) TimerEvent: {}
[299.038362] (-) TimerEvent: {}
[299.139159] (-) TimerEvent: {}
[299.239899] (-) TimerEvent: {}
[299.340699] (-) TimerEvent: {}
[299.441429] (-) TimerEvent: {}
[299.542182] (-) TimerEvent: {}
[299.642972] (-) TimerEvent: {}
[299.743728] (-) TimerEvent: {}
[299.844566] (-) TimerEvent: {}
[299.945353] (-) TimerEvent: {}
[300.046118] (-) TimerEvent: {}
[300.146892] (-) TimerEvent: {}
[300.247640] (-) TimerEvent: {}
[300.348396] (-) TimerEvent: {}
[300.449134] (-) TimerEvent: {}
[300.549883] (-) TimerEvent: {}
[300.650670] (-) TimerEvent: {}
[300.751422] (-) TimerEvent: {}
[300.852158] (-) TimerEvent: {}
[300.952976] (-) TimerEvent: {}
[301.053734] (-) TimerEvent: {}
[301.154505] (-) TimerEvent: {}
[301.255242] (-) TimerEvent: {}
[301.355995] (-) TimerEvent: {}
[301.456772] (-) TimerEvent: {}
[301.557485] (-) TimerEvent: {}
[301.658233] (-) TimerEvent: {}
[301.758976] (-) TimerEvent: {}
[301.859714] (-) TimerEvent: {}
[301.960538] (-) TimerEvent: {}
[302.061297] (-) TimerEvent: {}
[302.162098] (-) TimerEvent: {}
[302.263014] (-) TimerEvent: {}
[302.265853] (micro_ros_agent) StdoutLine: {'line': b'[ 50%] \x1b[32mBuilding CXX object CMakeFiles/microxrcedds_agent.dir/src/cpp/transport/Server.cpp.o\x1b[0m\n'}
[302.363215] (-) TimerEvent: {}
[302.463953] (-) TimerEvent: {}
[302.564711] (-) TimerEvent: {}
[302.665443] (-) TimerEvent: {}
[302.766208] (-) TimerEvent: {}
[302.866971] (-) TimerEvent: {}
[302.967756] (-) TimerEvent: {}
[303.068550] (-) TimerEvent: {}
[303.169292] (-) TimerEvent: {}
[303.270039] (-) TimerEvent: {}
[303.370843] (-) TimerEvent: {}
[303.471605] (-) TimerEvent: {}
[303.572382] (-) TimerEvent: {}
[303.673123] (-) TimerEvent: {}
[303.773883] (-) TimerEvent: {}
[303.874615] (-) TimerEvent: {}
[303.975402] (-) TimerEvent: {}
[304.076282] (-) TimerEvent: {}
[304.177198] (-) TimerEvent: {}
[304.277930] (-) TimerEvent: {}
[304.378682] (-) TimerEvent: {}
[304.479488] (-) TimerEvent: {}
[304.580311] (-) TimerEvent: {}
[304.681052] (-) TimerEvent: {}
[304.781803] (-) TimerEvent: {}
[304.882605] (-) TimerEvent: {}
[304.983413] (-) TimerEvent: {}
[305.084190] (-) TimerEvent: {}
[305.184975] (-) TimerEvent: {}
[305.285718] (-) TimerEvent: {}
[305.386469] (-) TimerEvent: {}
[305.487345] (-) TimerEvent: {}
[305.588114] (-) TimerEvent: {}
[305.688907] (-) TimerEvent: {}
[305.789647] (-) TimerEvent: {}
[305.890384] (-) TimerEvent: {}
[305.991154] (-) TimerEvent: {}
[306.091908] (-) TimerEvent: {}
[306.192709] (-) TimerEvent: {}
[306.293437] (-) TimerEvent: {}
[306.394176] (-) TimerEvent: {}
[306.494974] (-) TimerEvent: {}
[306.595723] (-) TimerEvent: {}
[306.696506] (-) TimerEvent: {}
[306.797267] (-) TimerEvent: {}
[306.898039] (-) TimerEvent: {}
[306.998805] (-) TimerEvent: {}
[307.099538] (-) TimerEvent: {}
[307.200325] (-) TimerEvent: {}
[307.301056] (-) TimerEvent: {}
[307.401784] (-) TimerEvent: {}
[307.502551] (-) TimerEvent: {}
[307.603308] (-) TimerEvent: {}
[307.704085] (-) TimerEvent: {}
[307.804879] (-) TimerEvent: {}
[307.905635] (-) TimerEvent: {}
[308.006416] (-) TimerEvent: {}
[308.107188] (-) TimerEvent: {}
[308.207933] (-) TimerEvent: {}
[308.308716] (-) TimerEvent: {}
[308.409449] (-) TimerEvent: {}
[308.510199] (-) TimerEvent: {}
[308.610933] (-) TimerEvent: {}
[308.711682] (-) TimerEvent: {}
[308.812432] (-) TimerEvent: {}
[308.913266] (-) TimerEvent: {}
[309.014081] (-) TimerEvent: {}
[309.114840] (-) TimerEvent: {}
[309.215621] (-) TimerEvent: {}
[309.316439] (-) TimerEvent: {}
[309.417210] (-) TimerEvent: {}
[309.518009] (-) TimerEvent: {}
[309.618808] (-) TimerEvent: {}
[309.719603] (-) TimerEvent: {}
[309.820417] (-) TimerEvent: {}
[309.921157] (-) TimerEvent: {}
[310.021912] (-) TimerEvent: {}
[310.122687] (-) TimerEvent: {}
[310.223439] (-) TimerEvent: {}
[310.324218] (-) TimerEvent: {}
[310.425012] (-) TimerEvent: {}
[310.525768] (-) TimerEvent: {}
[310.626511] (-) TimerEvent: {}
[310.727269] (-) TimerEvent: {}
[310.828026] (-) TimerEvent: {}
[310.928808] (-) TimerEvent: {}
[311.029577] (-) TimerEvent: {}
[311.130322] (-) TimerEvent: {}
[311.231080] (-) TimerEvent: {}
[311.331859] (-) TimerEvent: {}
[311.432670] (-) TimerEvent: {}
[311.533414] (-) TimerEvent: {}
[311.634190] (-) TimerEvent: {}
[311.734913] (-) TimerEvent: {}
[311.835655] (-) TimerEvent: {}
[311.936417] (-) TimerEvent: {}
[312.037161] (-) TimerEvent: {}
[312.137915] (-) TimerEvent: {}
[312.238739] (-) TimerEvent: {}
[312.339524] (-) TimerEvent: {}
[312.440342] (-) TimerEvent: {}
[312.541085] (-) TimerEvent: {}
[312.641850] (-) TimerEvent: {}
[312.742601] (-) TimerEvent: {}
[312.843400] (-) TimerEvent: {}
[312.944192] (-) TimerEvent: {}
[313.045032] (-) TimerEvent: {}
[313.145776] (-) TimerEvent: {}
[313.246510] (-) TimerEvent: {}
[313.347339] (-) TimerEvent: {}
[313.448052] (-) TimerEvent: {}
[313.548805] (-) TimerEvent: {}
[313.649575] (-) TimerEvent: {}
[313.750313] (-) TimerEvent: {}
[313.851106] (-) TimerEvent: {}
[313.951850] (-) TimerEvent: {}
[314.052625] (-) TimerEvent: {}
[314.153444] (-) TimerEvent: {}
[314.254193] (-) TimerEvent: {}
[314.354997] (-) TimerEvent: {}
[314.455769] (-) TimerEvent: {}
[314.556630] (-) TimerEvent: {}
[314.657356] (-) TimerEvent: {}
[314.758091] (-) TimerEvent: {}
[314.858900] (-) TimerEvent: {}
[314.959639] (-) TimerEvent: {}
[315.060408] (-) TimerEvent: {}
[315.161120] (-) TimerEvent: {}
[315.261840] (-) TimerEvent: {}
[315.362631] (-) TimerEvent: {}
[315.463389] (-) TimerEvent: {}
[315.564136] (-) TimerEvent: {}
[315.664958] (-) TimerEvent: {}
[315.765690] (-) TimerEvent: {}
[315.866495] (-) TimerEvent: {}
[315.967236] (-) TimerEvent: {}
[316.067972] (-) TimerEvent: {}
[316.168715] (-) TimerEvent: {}
[316.269436] (-) TimerEvent: {}
[316.370169] (-) TimerEvent: {}
[316.470870] (-) TimerEvent: {}
[316.571577] (-) TimerEvent: {}
[316.672387] (-) TimerEvent: {}
[316.773123] (-) TimerEvent: {}
[316.873856] (-) TimerEvent: {}
[316.974609] (-) TimerEvent: {}
[317.075381] (-) TimerEvent: {}
[317.176166] (-) TimerEvent: {}
[317.276907] (-) TimerEvent: {}
[317.377638] (-) TimerEvent: {}
[317.478359] (-) TimerEvent: {}
[317.579094] (-) TimerEvent: {}
[317.679859] (-) TimerEvent: {}
[317.780661] (-) TimerEvent: {}
[317.881458] (-) TimerEvent: {}
[317.982223] (-) TimerEvent: {}
[318.082972] (-) TimerEvent: {}
[318.183734] (-) TimerEvent: {}
[318.284498] (-) TimerEvent: {}
[318.385225] (-) TimerEvent: {}
[318.485968] (-) TimerEvent: {}
[318.586718] (-) TimerEvent: {}
[318.687444] (-) TimerEvent: {}
[318.788251] (-) TimerEvent: {}
[318.889006] (-) TimerEvent: {}
[318.989759] (-) TimerEvent: {}
[319.090517] (-) TimerEvent: {}
[319.191295] (-) TimerEvent: {}
[319.292062] (-) TimerEvent: {}
[319.392868] (-) TimerEvent: {}
[319.493579] (-) TimerEvent: {}
[319.594329] (-) TimerEvent: {}
[319.695128] (-) TimerEvent: {}
[319.795888] (-) TimerEvent: {}
[319.896671] (-) TimerEvent: {}
[319.997400] (-) TimerEvent: {}
[320.098146] (-) TimerEvent: {}
[320.198924] (-) TimerEvent: {}
[320.299670] (-) TimerEvent: {}
[320.400405] (-) TimerEvent: {}
[320.501152] (-) TimerEvent: {}
[320.601887] (-) TimerEvent: {}
[320.702676] (-) TimerEvent: {}
[320.803454] (-) TimerEvent: {}
[320.904198] (-) TimerEvent: {}
[321.004961] (-) TimerEvent: {}
[321.105716] (-) TimerEvent: {}
[321.206545] (-) TimerEvent: {}
[321.307466] (-) TimerEvent: {}
[321.408207] (-) TimerEvent: {}
[321.508976] (-) TimerEvent: {}
[321.602605] (micro_ros_agent) StdoutLine: {'line': b'[ 52%] \x1b[32mBuilding CXX object CMakeFiles/microxrcedds_agent.dir/src/cpp/transport/stream_framing/StreamFramingProtocol.cpp.o\x1b[0m\n'}
[321.609154] (-) TimerEvent: {}
[321.709964] (-) TimerEvent: {}
[321.810702] (-) TimerEvent: {}
[321.911481] (-) TimerEvent: {}
[322.012359] (-) TimerEvent: {}
[322.113087] (-) TimerEvent: {}
[322.213804] (-) TimerEvent: {}
[322.314525] (-) TimerEvent: {}
[322.415384] (-) TimerEvent: {}
[322.463138] (micro_ros_agent) StdoutLine: {'line': b'[ 54%] \x1b[32mBuilding CXX object CMakeFiles/microxrcedds_agent.dir/src/cpp/transport/custom/CustomAgent.cpp.o\x1b[0m\n'}
[322.515582] (-) TimerEvent: {}
[322.616442] (-) TimerEvent: {}
[322.717232] (-) TimerEvent: {}
[322.817955] (-) TimerEvent: {}
[322.918673] (-) TimerEvent: {}
[323.019401] (-) TimerEvent: {}
[323.120173] (-) TimerEvent: {}
[323.220963] (-) TimerEvent: {}
[323.321725] (-) TimerEvent: {}
[323.422505] (-) TimerEvent: {}
[323.523239] (-) TimerEvent: {}
[323.623996] (-) TimerEvent: {}
[323.724792] (-) TimerEvent: {}
[323.825527] (-) TimerEvent: {}
[323.926340] (-) TimerEvent: {}
[324.027078] (-) TimerEvent: {}
[324.127864] (-) TimerEvent: {}
[324.228811] (-) TimerEvent: {}
[324.329838] (-) TimerEvent: {}
[324.430750] (-) TimerEvent: {}
[324.531596] (-) TimerEvent: {}
[324.632389] (-) TimerEvent: {}
[324.733116] (-) TimerEvent: {}
[324.833834] (-) TimerEvent: {}
[324.934559] (-) TimerEvent: {}
[325.035288] (-) TimerEvent: {}
[325.136059] (-) TimerEvent: {}
[325.236854] (-) TimerEvent: {}
[325.337625] (-) TimerEvent: {}
[325.438388] (-) TimerEvent: {}
[325.539151] (-) TimerEvent: {}
[325.639985] (-) TimerEvent: {}
[325.740789] (-) TimerEvent: {}
[325.841554] (-) TimerEvent: {}
[325.942302] (-) TimerEvent: {}
[326.043051] (-) TimerEvent: {}
[326.143831] (-) TimerEvent: {}
[326.244622] (-) TimerEvent: {}
[326.345397] (-) TimerEvent: {}
[326.446164] (-) TimerEvent: {}
[326.546958] (-) TimerEvent: {}
[326.647755] (-) TimerEvent: {}
[326.748543] (-) TimerEvent: {}
[326.849348] (-) TimerEvent: {}
[326.950148] (-) TimerEvent: {}
[327.050898] (-) TimerEvent: {}
[327.151643] (-) TimerEvent: {}
[327.252404] (-) TimerEvent: {}
[327.353175] (-) TimerEvent: {}
[327.453910] (-) TimerEvent: {}
[327.554650] (-) TimerEvent: {}
[327.655422] (-) TimerEvent: {}
[327.756168] (-) TimerEvent: {}
[327.856962] (-) TimerEvent: {}
[327.957698] (-) TimerEvent: {}
[328.058433] (-) TimerEvent: {}
[328.159208] (-) TimerEvent: {}
[328.259950] (-) TimerEvent: {}
[328.360768] (-) TimerEvent: {}
[328.461574] (-) TimerEvent: {}
[328.562330] (-) TimerEvent: {}
[328.663111] (-) TimerEvent: {}
[328.763857] (-) TimerEvent: {}
[328.864665] (-) TimerEvent: {}
[328.965398] (-) TimerEvent: {}
[329.066123] (-) TimerEvent: {}
[329.166907] (-) TimerEvent: {}
[329.267622] (-) TimerEvent: {}
[329.368365] (-) TimerEvent: {}
[329.469101] (-) TimerEvent: {}
[329.569835] (-) TimerEvent: {}
[329.670610] (-) TimerEvent: {}
[329.771341] (-) TimerEvent: {}
[329.872125] (-) TimerEvent: {}
[329.972914] (-) TimerEvent: {}
[330.073689] (-) TimerEvent: {}
[330.174460] (-) TimerEvent: {}
[330.275256] (-) TimerEvent: {}
[330.376035] (-) TimerEvent: {}
[330.476809] (-) TimerEvent: {}
[330.577567] (-) TimerEvent: {}
[330.678314] (-) TimerEvent: {}
[330.779124] (-) TimerEvent: {}
[330.880019] (-) TimerEvent: {}
[330.980926] (-) TimerEvent: {}
[331.081667] (-) TimerEvent: {}
[331.182481] (-) TimerEvent: {}
[331.283266] (-) TimerEvent: {}
[331.384016] (-) TimerEvent: {}
[331.484869] (-) TimerEvent: {}
[331.585669] (-) TimerEvent: {}
[331.686404] (-) TimerEvent: {}
[331.787153] (-) TimerEvent: {}
[331.887920] (-) TimerEvent: {}
[331.988698] (-) TimerEvent: {}
[332.089448] (-) TimerEvent: {}
[332.190316] (-) TimerEvent: {}
[332.291224] (-) TimerEvent: {}
[332.392008] (-) TimerEvent: {}
[332.492809] (-) TimerEvent: {}
[332.593721] (-) TimerEvent: {}
[332.694606] (-) TimerEvent: {}
[332.795369] (-) TimerEvent: {}
[332.896166] (-) TimerEvent: {}
[332.996949] (-) TimerEvent: {}
[333.097684] (-) TimerEvent: {}
[333.198593] (-) TimerEvent: {}
[333.299393] (-) TimerEvent: {}
[333.400127] (-) TimerEvent: {}
[333.501000] (-) TimerEvent: {}
[333.601752] (-) TimerEvent: {}
[333.702580] (-) TimerEvent: {}
[333.803386] (-) TimerEvent: {}
[333.904262] (-) TimerEvent: {}
[334.005020] (-) TimerEvent: {}
[334.105765] (-) TimerEvent: {}
[334.206488] (-) TimerEvent: {}
[334.307303] (-) TimerEvent: {}
[334.408138] (-) TimerEvent: {}
[334.509001] (-) TimerEvent: {}
[334.612697] (-) TimerEvent: {}
[334.713622] (-) TimerEvent: {}
[334.814427] (-) TimerEvent: {}
[334.915387] (-) TimerEvent: {}
[335.016380] (-) TimerEvent: {}
[335.117087] (-) TimerEvent: {}
[335.217801] (-) TimerEvent: {}
[335.318586] (-) TimerEvent: {}
[335.332981] (micro_ros_agent) StdoutLine: {'line': b'[ 57%] \x1b[32mBuilding CXX object CMakeFiles/microxrcedds_agent.dir/src/cpp/transport/udp/UDPv4AgentLinux.cpp.o\x1b[0m\n'}
[335.418806] (-) TimerEvent: {}
[335.519580] (-) TimerEvent: {}
[335.620343] (-) TimerEvent: {}
[335.721044] (-) TimerEvent: {}
[335.821791] (-) TimerEvent: {}
[335.922493] (-) TimerEvent: {}
[336.023288] (-) TimerEvent: {}
[336.124040] (-) TimerEvent: {}
[336.224825] (-) TimerEvent: {}
[336.325644] (-) TimerEvent: {}
[336.426392] (-) TimerEvent: {}
[336.527156] (-) TimerEvent: {}
[336.627880] (-) TimerEvent: {}
[336.728667] (-) TimerEvent: {}
[336.829490] (-) TimerEvent: {}
[336.930306] (-) TimerEvent: {}
[337.031134] (-) TimerEvent: {}
[337.131874] (-) TimerEvent: {}
[337.232678] (-) TimerEvent: {}
[337.333425] (-) TimerEvent: {}
[337.434184] (-) TimerEvent: {}
[337.534933] (-) TimerEvent: {}
[337.635696] (-) TimerEvent: {}
[337.736475] (-) TimerEvent: {}
[337.837211] (-) TimerEvent: {}
[337.937999] (-) TimerEvent: {}
[338.038747] (-) TimerEvent: {}
[338.139483] (-) TimerEvent: {}
[338.240284] (-) TimerEvent: {}
[338.341035] (-) TimerEvent: {}
[338.441781] (-) TimerEvent: {}
[338.542562] (-) TimerEvent: {}
[338.643297] (-) TimerEvent: {}
[338.744058] (-) TimerEvent: {}
[338.844825] (-) TimerEvent: {}
[338.945578] (-) TimerEvent: {}
[339.046327] (-) TimerEvent: {}
[339.147063] (-) TimerEvent: {}
[339.247809] (-) TimerEvent: {}
[339.348597] (-) TimerEvent: {}
[339.449366] (-) TimerEvent: {}
[339.550141] (-) TimerEvent: {}
[339.651036] (-) TimerEvent: {}
[339.751770] (-) TimerEvent: {}
[339.852562] (-) TimerEvent: {}
[339.953324] (-) TimerEvent: {}
[340.054079] (-) TimerEvent: {}
[340.154830] (-) TimerEvent: {}
[340.255584] (-) TimerEvent: {}
[340.356413] (-) TimerEvent: {}
[340.457147] (-) TimerEvent: {}
[340.557897] (-) TimerEvent: {}
[340.658664] (-) TimerEvent: {}
[340.759425] (-) TimerEvent: {}
[340.860215] (-) TimerEvent: {}
[340.961104] (-) TimerEvent: {}
[341.061838] (-) TimerEvent: {}
[341.162575] (-) TimerEvent: {}
[341.263357] (-) TimerEvent: {}
[341.364110] (-) TimerEvent: {}
[341.464873] (-) TimerEvent: {}
[341.565620] (-) TimerEvent: {}
[341.666389] (-) TimerEvent: {}
[341.767249] (-) TimerEvent: {}
[341.867947] (-) TimerEvent: {}
[341.968722] (-) TimerEvent: {}
[342.069464] (-) TimerEvent: {}
[342.170206] (-) TimerEvent: {}
[342.270982] (-) TimerEvent: {}
[342.371720] (-) TimerEvent: {}
[342.472481] (-) TimerEvent: {}
[342.573225] (-) TimerEvent: {}
[342.674015] (-) TimerEvent: {}
[342.774776] (-) TimerEvent: {}
[342.875504] (-) TimerEvent: {}
[342.976415] (-) TimerEvent: {}
[343.077246] (-) TimerEvent: {}
[343.178086] (-) TimerEvent: {}
[343.278871] (-) TimerEvent: {}
[343.379630] (-) TimerEvent: {}
[343.480426] (-) TimerEvent: {}
[343.581176] (-) TimerEvent: {}
[343.681982] (-) TimerEvent: {}
[343.782744] (-) TimerEvent: {}
[343.883494] (-) TimerEvent: {}
[343.984331] (-) TimerEvent: {}
[344.085043] (-) TimerEvent: {}
[344.185909] (-) TimerEvent: {}
[344.286731] (-) TimerEvent: {}
[344.387508] (-) TimerEvent: {}
[344.488412] (-) TimerEvent: {}
[344.589142] (-) TimerEvent: {}
[344.689940] (-) TimerEvent: {}
[344.790950] (-) TimerEvent: {}
[344.891861] (-) TimerEvent: {}
[344.992705] (-) TimerEvent: {}
[345.093461] (-) TimerEvent: {}
[345.194224] (-) TimerEvent: {}
[345.295089] (-) TimerEvent: {}
[345.395797] (-) TimerEvent: {}
[345.496575] (-) TimerEvent: {}
[345.597342] (-) TimerEvent: {}
[345.698139] (-) TimerEvent: {}
[345.798934] (-) TimerEvent: {}
[345.899771] (-) TimerEvent: {}
[346.000607] (-) TimerEvent: {}
[346.101380] (-) TimerEvent: {}
[346.202134] (-) TimerEvent: {}
[346.302942] (-) TimerEvent: {}
[346.403896] (-) TimerEvent: {}
[346.504684] (-) TimerEvent: {}
[346.605521] (-) TimerEvent: {}
[346.706280] (-) TimerEvent: {}
[346.807078] (-) TimerEvent: {}
[346.907828] (-) TimerEvent: {}
[347.008603] (-) TimerEvent: {}
[347.109435] (-) TimerEvent: {}
[347.210163] (-) TimerEvent: {}
[347.310940] (-) TimerEvent: {}
[347.411722] (-) TimerEvent: {}
[347.512512] (-) TimerEvent: {}
[347.613241] (-) TimerEvent: {}
[347.713988] (-) TimerEvent: {}
[347.814709] (-) TimerEvent: {}
[347.915434] (-) TimerEvent: {}
[348.016319] (-) TimerEvent: {}
[348.117067] (-) TimerEvent: {}
[348.217823] (-) TimerEvent: {}
[348.318522] (-) TimerEvent: {}
[348.356968] (micro_ros_agent) StdoutLine: {'line': b'[ 59%] \x1b[32mBuilding CXX object CMakeFiles/microxrcedds_agent.dir/src/cpp/transport/udp/UDPv6AgentLinux.cpp.o\x1b[0m\n'}
[348.418714] (-) TimerEvent: {}
[348.519419] (-) TimerEvent: {}
[348.620205] (-) TimerEvent: {}
[348.720980] (-) TimerEvent: {}
[348.821714] (-) TimerEvent: {}
[348.922479] (-) TimerEvent: {}
[349.023245] (-) TimerEvent: {}
[349.124108] (-) TimerEvent: {}
[349.224946] (-) TimerEvent: {}
[349.325694] (-) TimerEvent: {}
[349.426494] (-) TimerEvent: {}
[349.527221] (-) TimerEvent: {}
[349.628012] (-) TimerEvent: {}
[349.728819] (-) TimerEvent: {}
[349.829577] (-) TimerEvent: {}
[349.930521] (-) TimerEvent: {}
[350.031280] (-) TimerEvent: {}
[350.132090] (-) TimerEvent: {}
[350.232900] (-) TimerEvent: {}
[350.333664] (-) TimerEvent: {}
[350.434462] (-) TimerEvent: {}
[350.535236] (-) TimerEvent: {}
[350.636017] (-) TimerEvent: {}
[350.736845] (-) TimerEvent: {}
[350.837610] (-) TimerEvent: {}
[350.938403] (-) TimerEvent: {}
[351.039188] (-) TimerEvent: {}
[351.139974] (-) TimerEvent: {}
[351.240787] (-) TimerEvent: {}
[351.341540] (-) TimerEvent: {}
[351.442292] (-) TimerEvent: {}
[351.543081] (-) TimerEvent: {}
[351.643822] (-) TimerEvent: {}
[351.744615] (-) TimerEvent: {}
[351.845470] (-) TimerEvent: {}
[351.946213] (-) TimerEvent: {}
[352.046996] (-) TimerEvent: {}
[352.147736] (-) TimerEvent: {}
[352.248516] (-) TimerEvent: {}
[352.349270] (-) TimerEvent: {}
[352.450094] (-) TimerEvent: {}
[352.550937] (-) TimerEvent: {}
[352.651690] (-) TimerEvent: {}
[352.752435] (-) TimerEvent: {}
[352.853174] (-) TimerEvent: {}
[352.953936] (-) TimerEvent: {}
[353.054732] (-) TimerEvent: {}
[353.155476] (-) TimerEvent: {}
[353.256280] (-) TimerEvent: {}
[353.357008] (-) TimerEvent: {}
[353.457752] (-) TimerEvent: {}
[353.558544] (-) TimerEvent: {}
[353.659294] (-) TimerEvent: {}
[353.760079] (-) TimerEvent: {}
[353.860906] (-) TimerEvent: {}
[353.961667] (-) TimerEvent: {}
[354.062433] (-) TimerEvent: {}
[354.163214] (-) TimerEvent: {}
[354.263945] (-) TimerEvent: {}
[354.364718] (-) TimerEvent: {}
[354.465471] (-) TimerEvent: {}
[354.566230] (-) TimerEvent: {}
[354.666984] (-) TimerEvent: {}
[354.767764] (-) TimerEvent: {}
[354.868516] (-) TimerEvent: {}
[354.969350] (-) TimerEvent: {}
[355.070109] (-) TimerEvent: {}
[355.170831] (-) TimerEvent: {}
[355.271580] (-) TimerEvent: {}
[355.372431] (-) TimerEvent: {}
[355.473174] (-) TimerEvent: {}
[355.573979] (-) TimerEvent: {}
[355.674702] (-) TimerEvent: {}
[355.775440] (-) TimerEvent: {}
[355.876266] (-) TimerEvent: {}
[355.977027] (-) TimerEvent: {}
[356.077781] (-) TimerEvent: {}
[356.178536] (-) TimerEvent: {}
[356.279273] (-) TimerEvent: {}
[356.380038] (-) TimerEvent: {}
[356.480808] (-) TimerEvent: {}
[356.581570] (-) TimerEvent: {}
[356.682313] (-) TimerEvent: {}
[356.783221] (-) TimerEvent: {}
[356.884093] (-) TimerEvent: {}
[356.985018] (-) TimerEvent: {}
[357.085881] (-) TimerEvent: {}
[357.186667] (-) TimerEvent: {}
[357.287453] (-) TimerEvent: {}
[357.388304] (-) TimerEvent: {}
[357.489187] (-) TimerEvent: {}
[357.589982] (-) TimerEvent: {}
[357.690746] (-) TimerEvent: {}
[357.791569] (-) TimerEvent: {}
[357.892435] (-) TimerEvent: {}
[357.993221] (-) TimerEvent: {}
[358.093953] (-) TimerEvent: {}
[358.194746] (-) TimerEvent: {}
[358.295565] (-) TimerEvent: {}
[358.396417] (-) TimerEvent: {}
[358.497078] (-) TimerEvent: {}
[358.597837] (-) TimerEvent: {}
[358.698664] (-) TimerEvent: {}
[358.799471] (-) TimerEvent: {}
[358.900380] (-) TimerEvent: {}
[359.001173] (-) TimerEvent: {}
[359.101920] (-) TimerEvent: {}
[359.202713] (-) TimerEvent: {}
[359.303593] (-) TimerEvent: {}
[359.404398] (-) TimerEvent: {}
[359.505170] (-) TimerEvent: {}
[359.606051] (-) TimerEvent: {}
[359.706851] (-) TimerEvent: {}
[359.807668] (-) TimerEvent: {}
[359.908504] (-) TimerEvent: {}
[360.009268] (-) TimerEvent: {}
[360.110007] (-) TimerEvent: {}
[360.210821] (-) TimerEvent: {}
[360.311658] (-) TimerEvent: {}
[360.412516] (-) TimerEvent: {}
[360.513256] (-) TimerEvent: {}
[360.614017] (-) TimerEvent: {}
[360.714835] (-) TimerEvent: {}
[360.815581] (-) TimerEvent: {}
[360.916374] (-) TimerEvent: {}
[361.017098] (-) TimerEvent: {}
[361.117884] (-) TimerEvent: {}
[361.218639] (-) TimerEvent: {}
[361.319421] (-) TimerEvent: {}
[361.344744] (micro_ros_agent) StdoutLine: {'line': b'[ 61%] \x1b[32mBuilding CXX object CMakeFiles/microxrcedds_agent.dir/src/cpp/transport/tcp/TCPv4AgentLinux.cpp.o\x1b[0m\n'}
[361.419622] (-) TimerEvent: {}
[361.520416] (-) TimerEvent: {}
[361.621127] (-) TimerEvent: {}
[361.721869] (-) TimerEvent: {}
[361.822592] (-) TimerEvent: {}
[361.923304] (-) TimerEvent: {}
[362.024074] (-) TimerEvent: {}
[362.124857] (-) TimerEvent: {}
[362.225612] (-) TimerEvent: {}
[362.326367] (-) TimerEvent: {}
[362.427101] (-) TimerEvent: {}
[362.527947] (-) TimerEvent: {}
[362.628786] (-) TimerEvent: {}
[362.729534] (-) TimerEvent: {}
[362.830293] (-) TimerEvent: {}
[362.931041] (-) TimerEvent: {}
[363.031827] (-) TimerEvent: {}
[363.132670] (-) TimerEvent: {}
[363.233445] (-) TimerEvent: {}
[363.334179] (-) TimerEvent: {}
[363.434915] (-) TimerEvent: {}
[363.535731] (-) TimerEvent: {}
[363.636520] (-) TimerEvent: {}
[363.737270] (-) TimerEvent: {}
[363.838038] (-) TimerEvent: {}
[363.938769] (-) TimerEvent: {}
[364.039551] (-) TimerEvent: {}
[364.140341] (-) TimerEvent: {}
[364.241103] (-) TimerEvent: {}
[364.341846] (-) TimerEvent: {}
[364.442616] (-) TimerEvent: {}
[364.543395] (-) TimerEvent: {}
[364.644154] (-) TimerEvent: {}
[364.744964] (-) TimerEvent: {}
[364.845729] (-) TimerEvent: {}
[364.946487] (-) TimerEvent: {}
[365.047375] (-) TimerEvent: {}
[365.148134] (-) TimerEvent: {}
[365.248914] (-) TimerEvent: {}
[365.349665] (-) TimerEvent: {}
[365.450421] (-) TimerEvent: {}
[365.551172] (-) TimerEvent: {}
[365.651914] (-) TimerEvent: {}
[365.752716] (-) TimerEvent: {}
[365.853485] (-) TimerEvent: {}
[365.954265] (-) TimerEvent: {}
[366.055245] (-) TimerEvent: {}
[366.156032] (-) TimerEvent: {}
[366.256871] (-) TimerEvent: {}
[366.357624] (-) TimerEvent: {}
[366.458384] (-) TimerEvent: {}
[366.559168] (-) TimerEvent: {}
[366.659906] (-) TimerEvent: {}
[366.760679] (-) TimerEvent: {}
[366.861434] (-) TimerEvent: {}
[366.962186] (-) TimerEvent: {}
[367.062934] (-) TimerEvent: {}
[367.163677] (-) TimerEvent: {}
[367.264469] (-) TimerEvent: {}
[367.365207] (-) TimerEvent: {}
[367.465949] (-) TimerEvent: {}
[367.566691] (-) TimerEvent: {}
[367.667394] (-) TimerEvent: {}
[367.768020] (-) TimerEvent: {}
[367.868697] (-) TimerEvent: {}
[367.969437] (-) TimerEvent: {}
[368.070257] (-) TimerEvent: {}
[368.171072] (-) TimerEvent: {}
[368.271871] (-) TimerEvent: {}
[368.372696] (-) TimerEvent: {}
[368.473439] (-) TimerEvent: {}
[368.574198] (-) TimerEvent: {}
[368.674941] (-) TimerEvent: {}
[368.775718] (-) TimerEvent: {}
[368.876471] (-) TimerEvent: {}
[368.977217] (-) TimerEvent: {}
[369.077937] (-) TimerEvent: {}
[369.178685] (-) TimerEvent: {}
[369.279464] (-) TimerEvent: {}
[369.380206] (-) TimerEvent: {}
[369.480967] (-) TimerEvent: {}
[369.581721] (-) TimerEvent: {}
[369.682485] (-) TimerEvent: {}
[369.783277] (-) TimerEvent: {}
[369.884090] (-) TimerEvent: {}
[369.984914] (-) TimerEvent: {}
[370.085641] (-) TimerEvent: {}
[370.186511] (-) TimerEvent: {}
[370.287372] (-) TimerEvent: {}
[370.388187] (-) TimerEvent: {}
[370.489019] (-) TimerEvent: {}
[370.589788] (-) TimerEvent: {}
[370.690650] (-) TimerEvent: {}
[370.791540] (-) TimerEvent: {}
[370.892380] (-) TimerEvent: {}
[370.993125] (-) TimerEvent: {}
[371.093868] (-) TimerEvent: {}
[371.194660] (-) TimerEvent: {}
[371.295629] (-) TimerEvent: {}
[371.396514] (-) TimerEvent: {}
[371.497238] (-) TimerEvent: {}
[371.597978] (-) TimerEvent: {}
[371.698699] (-) TimerEvent: {}
[371.799494] (-) TimerEvent: {}
[371.900399] (-) TimerEvent: {}
[372.001114] (-) TimerEvent: {}
[372.101844] (-) TimerEvent: {}
[372.202636] (-) TimerEvent: {}
[372.303407] (-) TimerEvent: {}
[372.404160] (-) TimerEvent: {}
[372.505008] (-) TimerEvent: {}
[372.605752] (-) TimerEvent: {}
[372.706520] (-) TimerEvent: {}
[372.807366] (-) TimerEvent: {}
[372.908210] (-) TimerEvent: {}
[373.009070] (-) TimerEvent: {}
[373.109912] (-) TimerEvent: {}
[373.210674] (-) TimerEvent: {}
[373.311396] (-) TimerEvent: {}
[373.412179] (-) TimerEvent: {}
[373.513081] (-) TimerEvent: {}
[373.613879] (-) TimerEvent: {}
[373.714718] (-) TimerEvent: {}
[373.815531] (-) TimerEvent: {}
[373.916335] (-) TimerEvent: {}
[374.017049] (-) TimerEvent: {}
[374.117842] (-) TimerEvent: {}
[374.218607] (-) TimerEvent: {}
[374.319385] (-) TimerEvent: {}
[374.420171] (-) TimerEvent: {}
[374.520926] (-) TimerEvent: {}
[374.621692] (-) TimerEvent: {}
[374.722602] (-) TimerEvent: {}
[374.823369] (-) TimerEvent: {}
[374.924269] (-) TimerEvent: {}
[375.024983] (-) TimerEvent: {}
[375.125712] (-) TimerEvent: {}
[375.226609] (-) TimerEvent: {}
[375.327487] (-) TimerEvent: {}
[375.428310] (-) TimerEvent: {}
[375.529126] (-) TimerEvent: {}
[375.629877] (-) TimerEvent: {}
[375.730610] (-) TimerEvent: {}
[375.831426] (-) TimerEvent: {}
[375.932186] (-) TimerEvent: {}
[376.032977] (-) TimerEvent: {}
[376.133721] (-) TimerEvent: {}
[376.234329] (-) TimerEvent: {}
[376.334954] (-) TimerEvent: {}
[376.435659] (-) TimerEvent: {}
[376.536394] (-) TimerEvent: {}
[376.637109] (-) TimerEvent: {}
[376.737812] (-) TimerEvent: {}
[376.838542] (-) TimerEvent: {}
[376.939265] (-) TimerEvent: {}
[377.039999] (-) TimerEvent: {}
[377.140802] (-) TimerEvent: {}
[377.241523] (-) TimerEvent: {}
[377.342278] (-) TimerEvent: {}
[377.443117] (-) TimerEvent: {}
[377.543859] (-) TimerEvent: {}
[377.644619] (-) TimerEvent: {}
[377.722176] (micro_ros_agent) StdoutLine: {'line': b'[ 64%] \x1b[32mBuilding CXX object CMakeFiles/microxrcedds_agent.dir/src/cpp/transport/tcp/TCPv6AgentLinux.cpp.o\x1b[0m\n'}
[377.744866] (-) TimerEvent: {}
[377.845818] (-) TimerEvent: {}
[377.946542] (-) TimerEvent: {}
[378.047261] (-) TimerEvent: {}
[378.147994] (-) TimerEvent: {}
[378.248734] (-) TimerEvent: {}
[378.349423] (-) TimerEvent: {}
[378.450220] (-) TimerEvent: {}
[378.550961] (-) TimerEvent: {}
[378.651728] (-) TimerEvent: {}
[378.752487] (-) TimerEvent: {}
[378.853303] (-) TimerEvent: {}
[378.954029] (-) TimerEvent: {}
[379.054837] (-) TimerEvent: {}
[379.155669] (-) TimerEvent: {}
[379.256422] (-) TimerEvent: {}
[379.357198] (-) TimerEvent: {}
[379.457968] (-) TimerEvent: {}
[379.558754] (-) TimerEvent: {}
[379.659628] (-) TimerEvent: {}
[379.760398] (-) TimerEvent: {}
[379.861135] (-) TimerEvent: {}
[379.961855] (-) TimerEvent: {}
[380.062600] (-) TimerEvent: {}
[380.163377] (-) TimerEvent: {}
[380.264300] (-) TimerEvent: {}
[380.365065] (-) TimerEvent: {}
[380.465797] (-) TimerEvent: {}
[380.566634] (-) TimerEvent: {}
[380.667375] (-) TimerEvent: {}
[380.768127] (-) TimerEvent: {}
[380.868906] (-) TimerEvent: {}
[380.969658] (-) TimerEvent: {}
[381.070397] (-) TimerEvent: {}
[381.171142] (-) TimerEvent: {}
[381.271902] (-) TimerEvent: {}
[381.372689] (-) TimerEvent: {}
[381.473443] (-) TimerEvent: {}
[381.574202] (-) TimerEvent: {}
[381.674954] (-) TimerEvent: {}
[381.775703] (-) TimerEvent: {}
[381.876475] (-) TimerEvent: {}
[381.977198] (-) TimerEvent: {}
[382.077933] (-) TimerEvent: {}
[382.178668] (-) TimerEvent: {}
[382.279486] (-) TimerEvent: {}
[382.380316] (-) TimerEvent: {}
[382.481078] (-) TimerEvent: {}
[382.581808] (-) TimerEvent: {}
[382.682553] (-) TimerEvent: {}
[382.783324] (-) TimerEvent: {}
[382.884053] (-) TimerEvent: {}
[382.984833] (-) TimerEvent: {}
[383.085626] (-) TimerEvent: {}
[383.186368] (-) TimerEvent: {}
[383.287164] (-) TimerEvent: {}
[383.387919] (-) TimerEvent: {}
[383.488705] (-) TimerEvent: {}
[383.589473] (-) TimerEvent: {}
[383.690220] (-) TimerEvent: {}
[383.791007] (-) TimerEvent: {}
[383.891767] (-) TimerEvent: {}
[383.992573] (-) TimerEvent: {}
[384.093288] (-) TimerEvent: {}
[384.193996] (-) TimerEvent: {}
[384.294786] (-) TimerEvent: {}
[384.395577] (-) TimerEvent: {}
[384.496391] (-) TimerEvent: {}
[384.597132] (-) TimerEvent: {}
[384.697865] (-) TimerEvent: {}
[384.798623] (-) TimerEvent: {}
[384.899388] (-) TimerEvent: {}
[385.000134] (-) TimerEvent: {}
[385.100923] (-) TimerEvent: {}
[385.201692] (-) TimerEvent: {}
[385.302474] (-) TimerEvent: {}
[385.403218] (-) TimerEvent: {}
[385.503978] (-) TimerEvent: {}
[385.604809] (-) TimerEvent: {}
[385.705550] (-) TimerEvent: {}
[385.806312] (-) TimerEvent: {}
[385.906989] (-) TimerEvent: {}
[386.007722] (-) TimerEvent: {}
[386.108498] (-) TimerEvent: {}
[386.209319] (-) TimerEvent: {}
[386.310107] (-) TimerEvent: {}
[386.410858] (-) TimerEvent: {}
[386.511605] (-) TimerEvent: {}
[386.612411] (-) TimerEvent: {}
[386.713197] (-) TimerEvent: {}
[386.813998] (-) TimerEvent: {}
[386.914740] (-) TimerEvent: {}
[387.015473] (-) TimerEvent: {}
[387.116282] (-) TimerEvent: {}
[387.216993] (-) TimerEvent: {}
[387.317724] (-) TimerEvent: {}
[387.418524] (-) TimerEvent: {}
[387.519309] (-) TimerEvent: {}
[387.620279] (-) TimerEvent: {}
[387.721034] (-) TimerEvent: {}
[387.821817] (-) TimerEvent: {}
[387.922548] (-) TimerEvent: {}
[388.023326] (-) TimerEvent: {}
[388.124144] (-) TimerEvent: {}
[388.224920] (-) TimerEvent: {}
[388.325683] (-) TimerEvent: {}
[388.426428] (-) TimerEvent: {}
[388.527186] (-) TimerEvent: {}
[388.627998] (-) TimerEvent: {}
[388.728781] (-) TimerEvent: {}
[388.829537] (-) TimerEvent: {}
[388.930361] (-) TimerEvent: {}
[389.031206] (-) TimerEvent: {}
[389.132112] (-) TimerEvent: {}
[389.232959] (-) TimerEvent: {}
[389.333830] (-) TimerEvent: {}
[389.434517] (-) TimerEvent: {}
[389.535295] (-) TimerEvent: {}
[389.636050] (-) TimerEvent: {}
[389.736927] (-) TimerEvent: {}
[389.837705] (-) TimerEvent: {}
[389.938499] (-) TimerEvent: {}
[390.039249] (-) TimerEvent: {}
[390.139988] (-) TimerEvent: {}
[390.240778] (-) TimerEvent: {}
[390.341504] (-) TimerEvent: {}
[390.442306] (-) TimerEvent: {}
[390.543115] (-) TimerEvent: {}
[390.643916] (-) TimerEvent: {}
[390.744708] (-) TimerEvent: {}
[390.845458] (-) TimerEvent: {}
[390.946302] (-) TimerEvent: {}
[391.047124] (-) TimerEvent: {}
[391.147876] (-) TimerEvent: {}
[391.248697] (-) TimerEvent: {}
[391.349415] (-) TimerEvent: {}
[391.450189] (-) TimerEvent: {}
[391.550978] (-) TimerEvent: {}
[391.651736] (-) TimerEvent: {}
[391.752500] (-) TimerEvent: {}
[391.853238] (-) TimerEvent: {}
[391.953999] (-) TimerEvent: {}
[392.054733] (-) TimerEvent: {}
[392.155469] (-) TimerEvent: {}
[392.256280] (-) TimerEvent: {}
[392.356988] (-) TimerEvent: {}
[392.457679] (-) TimerEvent: {}
[392.558383] (-) TimerEvent: {}
[392.659086] (-) TimerEvent: {}
[392.759835] (-) TimerEvent: {}
[392.860560] (-) TimerEvent: {}
[392.961321] (-) TimerEvent: {}
[393.062254] (-) TimerEvent: {}
[393.162997] (-) TimerEvent: {}
[393.263806] (-) TimerEvent: {}
[393.364627] (-) TimerEvent: {}
[393.465376] (-) TimerEvent: {}
[393.566211] (-) TimerEvent: {}
[393.667023] (-) TimerEvent: {}
[393.767743] (-) TimerEvent: {}
[393.868520] (-) TimerEvent: {}
[393.887429] (micro_ros_agent) StdoutLine: {'line': b'[ 66%] \x1b[32mBuilding CXX object CMakeFiles/microxrcedds_agent.dir/src/cpp/transport/serial/SerialAgentLinux.cpp.o\x1b[0m\n'}
[393.968726] (-) TimerEvent: {}
[394.069480] (-) TimerEvent: {}
[394.170186] (-) TimerEvent: {}
[394.270923] (-) TimerEvent: {}
[394.371721] (-) TimerEvent: {}
[394.472529] (-) TimerEvent: {}
[394.573272] (-) TimerEvent: {}
[394.674055] (-) TimerEvent: {}
[394.774816] (-) TimerEvent: {}
[394.875611] (-) TimerEvent: {}
[394.976380] (-) TimerEvent: {}
[395.077098] (-) TimerEvent: {}
[395.177810] (-) TimerEvent: {}
[395.278548] (-) TimerEvent: {}
[395.379319] (-) TimerEvent: {}
[395.480064] (-) TimerEvent: {}
[395.580965] (-) TimerEvent: {}
[395.681772] (-) TimerEvent: {}
[395.782514] (-) TimerEvent: {}
[395.883285] (-) TimerEvent: {}
[395.984008] (-) TimerEvent: {}
[396.084807] (-) TimerEvent: {}
[396.185595] (-) TimerEvent: {}
[396.286332] (-) TimerEvent: {}
[396.387210] (-) TimerEvent: {}
[396.488018] (-) TimerEvent: {}
[396.588798] (-) TimerEvent: {}
[396.689534] (-) TimerEvent: {}
[396.790279] (-) TimerEvent: {}
[396.891057] (-) TimerEvent: {}
[396.991830] (-) TimerEvent: {}
[397.092641] (-) TimerEvent: {}
[397.193412] (-) TimerEvent: {}
[397.294156] (-) TimerEvent: {}
[397.394940] (-) TimerEvent: {}
[397.495688] (-) TimerEvent: {}
[397.596433] (-) TimerEvent: {}
[397.697190] (-) TimerEvent: {}
[397.797946] (-) TimerEvent: {}
[397.898754] (-) TimerEvent: {}
[397.999513] (-) TimerEvent: {}
[398.100299] (-) TimerEvent: {}
[398.200986] (-) TimerEvent: {}
[398.301728] (-) TimerEvent: {}
[398.402518] (-) TimerEvent: {}
[398.503330] (-) TimerEvent: {}
[398.604097] (-) TimerEvent: {}
[398.704877] (-) TimerEvent: {}
[398.805617] (-) TimerEvent: {}
[398.906369] (-) TimerEvent: {}
[399.007129] (-) TimerEvent: {}
[399.107895] (-) TimerEvent: {}
[399.208652] (-) TimerEvent: {}
[399.309404] (-) TimerEvent: {}
[399.410142] (-) TimerEvent: {}
[399.510881] (-) TimerEvent: {}
[399.611652] (-) TimerEvent: {}
[399.712401] (-) TimerEvent: {}
[399.813128] (-) TimerEvent: {}
[399.913839] (-) TimerEvent: {}
[400.014592] (-) TimerEvent: {}
[400.115380] (-) TimerEvent: {}
[400.216143] (-) TimerEvent: {}
[400.316958] (-) TimerEvent: {}
[400.417704] (-) TimerEvent: {}
[400.518479] (-) TimerEvent: {}
[400.619278] (-) TimerEvent: {}
[400.720193] (-) TimerEvent: {}
[400.820981] (-) TimerEvent: {}
[400.921710] (-) TimerEvent: {}
[401.022458] (-) TimerEvent: {}
[401.123236] (-) TimerEvent: {}
[401.224043] (-) TimerEvent: {}
[401.324868] (-) TimerEvent: {}
[401.425649] (-) TimerEvent: {}
[401.526448] (-) TimerEvent: {}
[401.627233] (-) TimerEvent: {}
[401.728035] (-) TimerEvent: {}
[401.828836] (-) TimerEvent: {}
[401.929580] (-) TimerEvent: {}
[402.030340] (-) TimerEvent: {}
[402.131159] (-) TimerEvent: {}
[402.231942] (-) TimerEvent: {}
[402.332839] (-) TimerEvent: {}
[402.433622] (-) TimerEvent: {}
[402.534474] (-) TimerEvent: {}
[402.635433] (-) TimerEvent: {}
[402.736179] (-) TimerEvent: {}
[402.836971] (-) TimerEvent: {}
[402.937737] (-) TimerEvent: {}
[403.038500] (-) TimerEvent: {}
[403.139361] (-) TimerEvent: {}
[403.240379] (-) TimerEvent: {}
[403.341272] (-) TimerEvent: {}
[403.442031] (-) TimerEvent: {}
[403.542834] (-) TimerEvent: {}
[403.643759] (-) TimerEvent: {}
[403.744561] (-) TimerEvent: {}
[403.845291] (-) TimerEvent: {}
[403.946041] (-) TimerEvent: {}
[404.046968] (-) TimerEvent: {}
[404.147790] (-) TimerEvent: {}
[404.248698] (-) TimerEvent: {}
[404.349451] (-) TimerEvent: {}
[404.450230] (-) TimerEvent: {}
[404.550960] (-) TimerEvent: {}
[404.651740] (-) TimerEvent: {}
[404.752598] (-) TimerEvent: {}
[404.853359] (-) TimerEvent: {}
[404.954060] (-) TimerEvent: {}
[405.054835] (-) TimerEvent: {}
[405.124831] (micro_ros_agent) StdoutLine: {'line': b'[ 69%] \x1b[32mBuilding CXX object CMakeFiles/microxrcedds_agent.dir/src/cpp/transport/serial/TermiosAgentLinux.cpp.o\x1b[0m\n'}
[405.155199] (-) TimerEvent: {}
[405.256115] (-) TimerEvent: {}
[405.356861] (-) TimerEvent: {}
[405.457583] (-) TimerEvent: {}
[405.558385] (-) TimerEvent: {}
[405.659112] (-) TimerEvent: {}
[405.759845] (-) TimerEvent: {}
[405.860779] (-) TimerEvent: {}
[405.961533] (-) TimerEvent: {}
[406.062319] (-) TimerEvent: {}
[406.163156] (-) TimerEvent: {}
[406.263981] (-) TimerEvent: {}
[406.364836] (-) TimerEvent: {}
[406.465591] (-) TimerEvent: {}
[406.566332] (-) TimerEvent: {}
[406.667052] (-) TimerEvent: {}
[406.767780] (-) TimerEvent: {}
[406.868592] (-) TimerEvent: {}
[406.969350] (-) TimerEvent: {}
[407.070105] (-) TimerEvent: {}
[407.170865] (-) TimerEvent: {}
[407.271631] (-) TimerEvent: {}
[407.372434] (-) TimerEvent: {}
[407.473184] (-) TimerEvent: {}
[407.573920] (-) TimerEvent: {}
[407.674682] (-) TimerEvent: {}
[407.775399] (-) TimerEvent: {}
[407.876197] (-) TimerEvent: {}
[407.976975] (-) TimerEvent: {}
[408.077734] (-) TimerEvent: {}
[408.178491] (-) TimerEvent: {}
[408.279250] (-) TimerEvent: {}
[408.380024] (-) TimerEvent: {}
[408.480814] (-) TimerEvent: {}
[408.581537] (-) TimerEvent: {}
[408.682267] (-) TimerEvent: {}
[408.783017] (-) TimerEvent: {}
[408.883796] (-) TimerEvent: {}
[408.984557] (-) TimerEvent: {}
[409.085294] (-) TimerEvent: {}
[409.186027] (-) TimerEvent: {}
[409.286783] (-) TimerEvent: {}
[409.387567] (-) TimerEvent: {}
[409.488353] (-) TimerEvent: {}
[409.589082] (-) TimerEvent: {}
[409.689816] (-) TimerEvent: {}
[409.790592] (-) TimerEvent: {}
[409.891387] (-) TimerEvent: {}
[409.992115] (-) TimerEvent: {}
[410.092932] (-) TimerEvent: {}
[410.193670] (-) TimerEvent: {}
[410.294432] (-) TimerEvent: {}
[410.395222] (-) TimerEvent: {}
[410.495961] (-) TimerEvent: {}
[410.596764] (-) TimerEvent: {}
[410.697499] (-) TimerEvent: {}
[410.798377] (-) TimerEvent: {}
[410.899150] (-) TimerEvent: {}
[410.999894] (-) TimerEvent: {}
[411.100637] (-) TimerEvent: {}
[411.201375] (-) TimerEvent: {}
[411.302181] (-) TimerEvent: {}
[411.402954] (-) TimerEvent: {}
[411.503701] (-) TimerEvent: {}
[411.604482] (-) TimerEvent: {}
[411.705221] (-) TimerEvent: {}
[411.806027] (-) TimerEvent: {}
[411.906818] (-) TimerEvent: {}
[412.007564] (-) TimerEvent: {}
[412.108351] (-) TimerEvent: {}
[412.209073] (-) TimerEvent: {}
[412.309819] (-) TimerEvent: {}
[412.410596] (-) TimerEvent: {}
[412.511365] (-) TimerEvent: {}
[412.612136] (-) TimerEvent: {}
[412.712953] (-) TimerEvent: {}
[412.813697] (-) TimerEvent: {}
[412.914498] (-) TimerEvent: {}
[413.015316] (-) TimerEvent: {}
[413.116042] (-) TimerEvent: {}
[413.216870] (-) TimerEvent: {}
[413.317633] (-) TimerEvent: {}
[413.418381] (-) TimerEvent: {}
[413.519129] (-) TimerEvent: {}
[413.619902] (-) TimerEvent: {}
[413.720722] (-) TimerEvent: {}
[413.821486] (-) TimerEvent: {}
[413.922356] (-) TimerEvent: {}
[414.023137] (-) TimerEvent: {}
[414.123895] (-) TimerEvent: {}
[414.224753] (-) TimerEvent: {}
[414.325601] (-) TimerEvent: {}
[414.426472] (-) TimerEvent: {}
[414.527262] (-) TimerEvent: {}
[414.628053] (-) TimerEvent: {}
[414.728956] (-) TimerEvent: {}
[414.829668] (-) TimerEvent: {}
[414.930434] (-) TimerEvent: {}
[415.031251] (-) TimerEvent: {}
[415.132034] (-) TimerEvent: {}
[415.232994] (-) TimerEvent: {}
[415.333765] (-) TimerEvent: {}
[415.434506] (-) TimerEvent: {}
[415.535328] (-) TimerEvent: {}
[415.636163] (-) TimerEvent: {}
[415.736943] (-) TimerEvent: {}
[415.837696] (-) TimerEvent: {}
[415.938436] (-) TimerEvent: {}
[416.023524] (micro_ros_agent) StdoutLine: {'line': b'[ 71%] \x1b[32mBuilding CXX object CMakeFiles/microxrcedds_agent.dir/src/cpp/transport/serial/MultiSerialAgentLinux.cpp.o\x1b[0m\n'}
[416.038650] (-) TimerEvent: {}
[416.139497] (-) TimerEvent: {}
[416.240193] (-) TimerEvent: {}
[416.340893] (-) TimerEvent: {}
[416.441595] (-) TimerEvent: {}
[416.542295] (-) TimerEvent: {}
[416.643066] (-) TimerEvent: {}
[416.743827] (-) TimerEvent: {}
[416.844632] (-) TimerEvent: {}
[416.945387] (-) TimerEvent: {}
[417.046106] (-) TimerEvent: {}
[417.146869] (-) TimerEvent: {}
[417.247595] (-) TimerEvent: {}
[417.348392] (-) TimerEvent: {}
[417.449126] (-) TimerEvent: {}
[417.549916] (-) TimerEvent: {}
[417.650650] (-) TimerEvent: {}
[417.751387] (-) TimerEvent: {}
[417.852125] (-) TimerEvent: {}
[417.952868] (-) TimerEvent: {}
[418.053597] (-) TimerEvent: {}
[418.154340] (-) TimerEvent: {}
[418.255071] (-) TimerEvent: {}
[418.355788] (-) TimerEvent: {}
[418.456562] (-) TimerEvent: {}
[418.557283] (-) TimerEvent: {}
[418.658009] (-) TimerEvent: {}
[418.758709] (-) TimerEvent: {}
[418.859444] (-) TimerEvent: {}
[418.960197] (-) TimerEvent: {}
[419.060966] (-) TimerEvent: {}
[419.161698] (-) TimerEvent: {}
[419.262443] (-) TimerEvent: {}
[419.363212] (-) TimerEvent: {}
[419.463994] (-) TimerEvent: {}
[419.564780] (-) TimerEvent: {}
[419.665509] (-) TimerEvent: {}
[419.766242] (-) TimerEvent: {}
[419.866960] (-) TimerEvent: {}
[419.967699] (-) TimerEvent: {}
[420.068411] (-) TimerEvent: {}
[420.169126] (-) TimerEvent: {}
[420.269926] (-) TimerEvent: {}
[420.370908] (-) TimerEvent: {}
[420.471706] (-) TimerEvent: {}
[420.572484] (-) TimerEvent: {}
[420.673207] (-) TimerEvent: {}
[420.773939] (-) TimerEvent: {}
[420.874657] (-) TimerEvent: {}
[420.975426] (-) TimerEvent: {}
[421.076397] (-) TimerEvent: {}
[421.177134] (-) TimerEvent: {}
[421.277861] (-) TimerEvent: {}
[421.378598] (-) TimerEvent: {}
[421.479363] (-) TimerEvent: {}
[421.580103] (-) TimerEvent: {}
[421.680889] (-) TimerEvent: {}
[421.781621] (-) TimerEvent: {}
[421.882348] (-) TimerEvent: {}
[421.983063] (-) TimerEvent: {}
[422.083822] (-) TimerEvent: {}
[422.184571] (-) TimerEvent: {}
[422.285359] (-) TimerEvent: {}
[422.386065] (-) TimerEvent: {}
[422.486775] (-) TimerEvent: {}
[422.587504] (-) TimerEvent: {}
[422.688318] (-) TimerEvent: {}
[422.789032] (-) TimerEvent: {}
[422.889765] (-) TimerEvent: {}
[422.990541] (-) TimerEvent: {}
[423.091332] (-) TimerEvent: {}
[423.192191] (-) TimerEvent: {}
[423.292946] (-) TimerEvent: {}
[423.393669] (-) TimerEvent: {}
[423.494386] (-) TimerEvent: {}
[423.595209] (-) TimerEvent: {}
[423.695944] (-) TimerEvent: {}
[423.796723] (-) TimerEvent: {}
[423.897447] (-) TimerEvent: {}
[423.998211] (-) TimerEvent: {}
[424.098989] (-) TimerEvent: {}
[424.199729] (-) TimerEvent: {}
[424.300456] (-) TimerEvent: {}
[424.401185] (-) TimerEvent: {}
[424.501867] (-) TimerEvent: {}
[424.602638] (-) TimerEvent: {}
[424.703361] (-) TimerEvent: {}
[424.804135] (-) TimerEvent: {}
[424.905060] (-) TimerEvent: {}
[425.005855] (-) TimerEvent: {}
[425.106644] (-) TimerEvent: {}
[425.207351] (-) TimerEvent: {}
[425.308085] (-) TimerEvent: {}
[425.408835] (-) TimerEvent: {}
[425.509620] (-) TimerEvent: {}
[425.610366] (-) TimerEvent: {}
[425.711089] (-) TimerEvent: {}
[425.811797] (-) TimerEvent: {}
[425.912548] (-) TimerEvent: {}
[426.013210] (-) TimerEvent: {}
[426.114096] (-) TimerEvent: {}
[426.214845] (-) TimerEvent: {}
[426.315551] (-) TimerEvent: {}
[426.416457] (-) TimerEvent: {}
[426.517223] (-) TimerEvent: {}
[426.617998] (-) TimerEvent: {}
[426.718703] (-) TimerEvent: {}
[426.819415] (-) TimerEvent: {}
[426.920200] (-) TimerEvent: {}
[427.021048] (-) TimerEvent: {}
[427.121907] (-) TimerEvent: {}
[427.222767] (-) TimerEvent: {}
[427.323599] (-) TimerEvent: {}
[427.424458] (-) TimerEvent: {}
[427.525230] (-) TimerEvent: {}
[427.625968] (-) TimerEvent: {}
[427.726722] (-) TimerEvent: {}
[427.827479] (-) TimerEvent: {}
[427.928263] (-) TimerEvent: {}
[428.029080] (-) TimerEvent: {}
[428.129828] (-) TimerEvent: {}
[428.230574] (-) TimerEvent: {}
[428.331390] (-) TimerEvent: {}
[428.356141] (micro_ros_agent) StdoutLine: {'line': b'[ 73%] \x1b[32mBuilding CXX object CMakeFiles/microxrcedds_agent.dir/src/cpp/transport/serial/MultiTermiosAgentLinux.cpp.o\x1b[0m\n'}
[428.431611] (-) TimerEvent: {}
[428.532371] (-) TimerEvent: {}
[428.633082] (-) TimerEvent: {}
[428.733784] (-) TimerEvent: {}
[428.834555] (-) TimerEvent: {}
[428.935268] (-) TimerEvent: {}
[429.036057] (-) TimerEvent: {}
[429.136808] (-) TimerEvent: {}
[429.237534] (-) TimerEvent: {}
[429.338267] (-) TimerEvent: {}
[429.439094] (-) TimerEvent: {}
[429.539870] (-) TimerEvent: {}
[429.640737] (-) TimerEvent: {}
[429.741487] (-) TimerEvent: {}
[429.842223] (-) TimerEvent: {}
[429.942942] (-) TimerEvent: {}
[430.043726] (-) TimerEvent: {}
[430.144510] (-) TimerEvent: {}
[430.245228] (-) TimerEvent: {}
[430.345949] (-) TimerEvent: {}
[430.446689] (-) TimerEvent: {}
[430.547574] (-) TimerEvent: {}
[430.648351] (-) TimerEvent: {}
[430.749069] (-) TimerEvent: {}
[430.849801] (-) TimerEvent: {}
[430.950532] (-) TimerEvent: {}
[431.051289] (-) TimerEvent: {}
[431.152010] (-) TimerEvent: {}
[431.252906] (-) TimerEvent: {}
[431.353661] (-) TimerEvent: {}
[431.454412] (-) TimerEvent: {}
[431.555170] (-) TimerEvent: {}
[431.655909] (-) TimerEvent: {}
[431.756680] (-) TimerEvent: {}
[431.857398] (-) TimerEvent: {}
[431.958122] (-) TimerEvent: {}
[432.058952] (-) TimerEvent: {}
[432.160920] (-) TimerEvent: {}
[432.261665] (-) TimerEvent: {}
[432.362411] (-) TimerEvent: {}
[432.463152] (-) TimerEvent: {}
[432.563925] (-) TimerEvent: {}
[432.664755] (-) TimerEvent: {}
[432.765530] (-) TimerEvent: {}
[432.866275] (-) TimerEvent: {}
[432.967002] (-) TimerEvent: {}
[433.067768] (-) TimerEvent: {}
[433.168599] (-) TimerEvent: {}
[433.269366] (-) TimerEvent: {}
[433.370104] (-) TimerEvent: {}
[433.470874] (-) TimerEvent: {}
[433.571638] (-) TimerEvent: {}
[433.672410] (-) TimerEvent: {}
[433.773140] (-) TimerEvent: {}
[433.873889] (-) TimerEvent: {}
[433.974635] (-) TimerEvent: {}
[434.075358] (-) TimerEvent: {}
[434.176118] (-) TimerEvent: {}
[434.276918] (-) TimerEvent: {}
[434.377666] (-) TimerEvent: {}
[434.478418] (-) TimerEvent: {}
[434.579147] (-) TimerEvent: {}
[434.679940] (-) TimerEvent: {}
[434.780741] (-) TimerEvent: {}
[434.881527] (-) TimerEvent: {}
[434.982293] (-) TimerEvent: {}
[435.083027] (-) TimerEvent: {}
[435.183751] (-) TimerEvent: {}
[435.284518] (-) TimerEvent: {}
[435.385281] (-) TimerEvent: {}
[435.486092] (-) TimerEvent: {}
[435.586848] (-) TimerEvent: {}
[435.687640] (-) TimerEvent: {}
[435.788429] (-) TimerEvent: {}
[435.889161] (-) TimerEvent: {}
[435.989895] (-) TimerEvent: {}
[436.090663] (-) TimerEvent: {}
[436.191438] (-) TimerEvent: {}
[436.292167] (-) TimerEvent: {}
[436.392987] (-) TimerEvent: {}
[436.493735] (-) TimerEvent: {}
[436.594512] (-) TimerEvent: {}
[436.695341] (-) TimerEvent: {}
[436.796105] (-) TimerEvent: {}
[436.896958] (-) TimerEvent: {}
[436.997749] (-) TimerEvent: {}
[437.098505] (-) TimerEvent: {}
[437.199292] (-) TimerEvent: {}
[437.300109] (-) TimerEvent: {}
[437.400977] (-) TimerEvent: {}
[437.501813] (-) TimerEvent: {}
[437.602582] (-) TimerEvent: {}
[437.703370] (-) TimerEvent: {}
[437.804155] (-) TimerEvent: {}
[437.904923] (-) TimerEvent: {}
[438.005692] (-) TimerEvent: {}
[438.106478] (-) TimerEvent: {}
[438.207256] (-) TimerEvent: {}
[438.308065] (-) TimerEvent: {}
[438.408908] (-) TimerEvent: {}
[438.509623] (-) TimerEvent: {}
[438.610381] (-) TimerEvent: {}
[438.711195] (-) TimerEvent: {}
[438.812044] (-) TimerEvent: {}
[438.912883] (-) TimerEvent: {}
[439.013650] (-) TimerEvent: {}
[439.114410] (-) TimerEvent: {}
[439.215211] (-) TimerEvent: {}
[439.316043] (-) TimerEvent: {}
[439.416822] (-) TimerEvent: {}
[439.517600] (-) TimerEvent: {}
[439.618453] (-) TimerEvent: {}
[439.719223] (-) TimerEvent: {}
[439.820056] (-) TimerEvent: {}
[439.920889] (-) TimerEvent: {}
[440.021684] (-) TimerEvent: {}
[440.122497] (-) TimerEvent: {}
[440.223341] (-) TimerEvent: {}
[440.324218] (-) TimerEvent: {}
[440.425087] (-) TimerEvent: {}
[440.525909] (-) TimerEvent: {}
[440.626930] (-) TimerEvent: {}
[440.727665] (-) TimerEvent: {}
[440.828440] (-) TimerEvent: {}
[440.929184] (-) TimerEvent: {}
[440.976203] (micro_ros_agent) StdoutLine: {'line': b'[ 76%] \x1b[32mBuilding CXX object CMakeFiles/microxrcedds_agent.dir/src/cpp/transport/serial/PseudoTerminalAgentLinux.cpp.o\x1b[0m\n'}
[441.029377] (-) TimerEvent: {}
[441.130155] (-) TimerEvent: {}
[441.230940] (-) TimerEvent: {}
[441.331653] (-) TimerEvent: {}
[441.432441] (-) TimerEvent: {}
[441.533189] (-) TimerEvent: {}
[441.633933] (-) TimerEvent: {}
[441.734745] (-) TimerEvent: {}
[441.835570] (-) TimerEvent: {}
[441.936406] (-) TimerEvent: {}
[442.037160] (-) TimerEvent: {}
[442.137947] (-) TimerEvent: {}
[442.238930] (-) TimerEvent: {}
[442.339727] (-) TimerEvent: {}
[442.440511] (-) TimerEvent: {}
[442.541344] (-) TimerEvent: {}
[442.642103] (-) TimerEvent: {}
[442.742857] (-) TimerEvent: {}
[442.843604] (-) TimerEvent: {}
[442.944398] (-) TimerEvent: {}
[443.045139] (-) TimerEvent: {}
[443.145893] (-) TimerEvent: {}
[443.246659] (-) TimerEvent: {}
[443.347396] (-) TimerEvent: {}
[443.448168] (-) TimerEvent: {}
[443.548965] (-) TimerEvent: {}
[443.649718] (-) TimerEvent: {}
[443.750430] (-) TimerEvent: {}
[443.851198] (-) TimerEvent: {}
[443.951991] (-) TimerEvent: {}
[444.052784] (-) TimerEvent: {}
[444.153530] (-) TimerEvent: {}
[444.254272] (-) TimerEvent: {}
[444.355007] (-) TimerEvent: {}
[444.455778] (-) TimerEvent: {}
[444.556557] (-) TimerEvent: {}
[444.657345] (-) TimerEvent: {}
[444.758119] (-) TimerEvent: {}
[444.858894] (-) TimerEvent: {}
[444.959639] (-) TimerEvent: {}
[445.060403] (-) TimerEvent: {}
[445.161142] (-) TimerEvent: {}
[445.261913] (-) TimerEvent: {}
[445.362695] (-) TimerEvent: {}
[445.463421] (-) TimerEvent: {}
[445.564186] (-) TimerEvent: {}
[445.664968] (-) TimerEvent: {}
[445.765735] (-) TimerEvent: {}
[445.866540] (-) TimerEvent: {}
[445.967257] (-) TimerEvent: {}
[446.068011] (-) TimerEvent: {}
[446.168795] (-) TimerEvent: {}
[446.269553] (-) TimerEvent: {}
[446.370329] (-) TimerEvent: {}
[446.471067] (-) TimerEvent: {}
[446.571836] (-) TimerEvent: {}
[446.672662] (-) TimerEvent: {}
[446.773392] (-) TimerEvent: {}
[446.874126] (-) TimerEvent: {}
[446.974912] (-) TimerEvent: {}
[447.075734] (-) TimerEvent: {}
[447.176577] (-) TimerEvent: {}
[447.277342] (-) TimerEvent: {}
[447.378190] (-) TimerEvent: {}
[447.479002] (-) TimerEvent: {}
[447.579789] (-) TimerEvent: {}
[447.680599] (-) TimerEvent: {}
[447.781505] (-) TimerEvent: {}
[447.882321] (-) TimerEvent: {}
[447.983087] (-) TimerEvent: {}
[448.083829] (-) TimerEvent: {}
[448.184612] (-) TimerEvent: {}
[448.285340] (-) TimerEvent: {}
[448.386078] (-) TimerEvent: {}
[448.486831] (-) TimerEvent: {}
[448.587634] (-) TimerEvent: {}
[448.688440] (-) TimerEvent: {}
[448.789211] (-) TimerEvent: {}
[448.890009] (-) TimerEvent: {}
[448.990795] (-) TimerEvent: {}
[449.091615] (-) TimerEvent: {}
[449.192481] (-) TimerEvent: {}
[449.293239] (-) TimerEvent: {}
[449.394012] (-) TimerEvent: {}
[449.494764] (-) TimerEvent: {}
[449.595522] (-) TimerEvent: {}
[449.696484] (-) TimerEvent: {}
[449.797333] (-) TimerEvent: {}
[449.898103] (-) TimerEvent: {}
[449.998875] (-) TimerEvent: {}
[450.099707] (-) TimerEvent: {}
[450.200559] (-) TimerEvent: {}
[450.301298] (-) TimerEvent: {}
[450.402185] (-) TimerEvent: {}
[450.502967] (-) TimerEvent: {}
[450.603861] (-) TimerEvent: {}
[450.704776] (-) TimerEvent: {}
[450.805606] (-) TimerEvent: {}
[450.906381] (-) TimerEvent: {}
[451.007151] (-) TimerEvent: {}
[451.107919] (-) TimerEvent: {}
[451.208772] (-) TimerEvent: {}
[451.309502] (-) TimerEvent: {}
[451.410286] (-) TimerEvent: {}
[451.511125] (-) TimerEvent: {}
[451.611887] (-) TimerEvent: {}
[451.712647] (-) TimerEvent: {}
[451.813364] (-) TimerEvent: {}
[451.818610] (micro_ros_agent) StdoutLine: {'line': b'[ 78%] \x1b[32mBuilding CXX object CMakeFiles/microxrcedds_agent.dir/src/cpp/transport/can/CanAgentLinux.cpp.o\x1b[0m\n'}
[451.913561] (-) TimerEvent: {}
[452.014252] (-) TimerEvent: {}
[452.114958] (-) TimerEvent: {}
[452.215703] (-) TimerEvent: {}
[452.316489] (-) TimerEvent: {}
[452.417324] (-) TimerEvent: {}
[452.518076] (-) TimerEvent: {}
[452.618877] (-) TimerEvent: {}
[452.719635] (-) TimerEvent: {}
[452.820399] (-) TimerEvent: {}
[452.921151] (-) TimerEvent: {}
[453.021867] (-) TimerEvent: {}
[453.122625] (-) TimerEvent: {}
[453.223364] (-) TimerEvent: {}
[453.324094] (-) TimerEvent: {}
[453.424955] (-) TimerEvent: {}
[453.525729] (-) TimerEvent: {}
[453.626513] (-) TimerEvent: {}
[453.727254] (-) TimerEvent: {}
[453.827995] (-) TimerEvent: {}
[453.928756] (-) TimerEvent: {}
[454.029499] (-) TimerEvent: {}
[454.130243] (-) TimerEvent: {}
[454.230985] (-) TimerEvent: {}
[454.331814] (-) TimerEvent: {}
[454.432558] (-) TimerEvent: {}
[454.533257] (-) TimerEvent: {}
[454.633976] (-) TimerEvent: {}
[454.734726] (-) TimerEvent: {}
[454.835474] (-) TimerEvent: {}
[454.936297] (-) TimerEvent: {}
[455.037029] (-) TimerEvent: {}
[455.137761] (-) TimerEvent: {}
[455.238495] (-) TimerEvent: {}
[455.339211] (-) TimerEvent: {}
[455.439982] (-) TimerEvent: {}
[455.540764] (-) TimerEvent: {}
[455.641505] (-) TimerEvent: {}
[455.742264] (-) TimerEvent: {}
[455.843033] (-) TimerEvent: {}
[455.943821] (-) TimerEvent: {}
[456.044599] (-) TimerEvent: {}
[456.145337] (-) TimerEvent: {}
[456.246068] (-) TimerEvent: {}
[456.346802] (-) TimerEvent: {}
[456.447570] (-) TimerEvent: {}
[456.548324] (-) TimerEvent: {}
[456.649055] (-) TimerEvent: {}
[456.749769] (-) TimerEvent: {}
[456.850489] (-) TimerEvent: {}
[456.951299] (-) TimerEvent: {}
[457.052080] (-) TimerEvent: {}
[457.152856] (-) TimerEvent: {}
[457.253577] (-) TimerEvent: {}
[457.354322] (-) TimerEvent: {}
[457.455159] (-) TimerEvent: {}
[457.555956] (-) TimerEvent: {}
[457.656764] (-) TimerEvent: {}
[457.757567] (-) TimerEvent: {}
[457.858289] (-) TimerEvent: {}
[457.959034] (-) TimerEvent: {}
[458.059772] (-) TimerEvent: {}
[458.160522] (-) TimerEvent: {}
[458.261241] (-) TimerEvent: {}
[458.362020] (-) TimerEvent: {}
[458.462800] (-) TimerEvent: {}
[458.563524] (-) TimerEvent: {}
[458.664318] (-) TimerEvent: {}
[458.765018] (-) TimerEvent: {}
[458.865742] (-) TimerEvent: {}
[458.966475] (-) TimerEvent: {}
[459.067168] (-) TimerEvent: {}
[459.167884] (-) TimerEvent: {}
[459.268688] (-) TimerEvent: {}
[459.369616] (-) TimerEvent: {}
[459.470338] (-) TimerEvent: {}
[459.571114] (-) TimerEvent: {}
[459.671876] (-) TimerEvent: {}
[459.772656] (-) TimerEvent: {}
[459.873452] (-) TimerEvent: {}
[459.974201] (-) TimerEvent: {}
[460.075013] (-) TimerEvent: {}
[460.175731] (-) TimerEvent: {}
[460.276473] (-) TimerEvent: {}
[460.377208] (-) TimerEvent: {}
[460.477940] (-) TimerEvent: {}
[460.578671] (-) TimerEvent: {}
[460.679443] (-) TimerEvent: {}
[460.780281] (-) TimerEvent: {}
[460.880963] (-) TimerEvent: {}
[460.981678] (-) TimerEvent: {}
[461.082433] (-) TimerEvent: {}
[461.183318] (-) TimerEvent: {}
[461.284128] (-) TimerEvent: {}
[461.384948] (-) TimerEvent: {}
[461.485704] (-) TimerEvent: {}
[461.586436] (-) TimerEvent: {}
[461.687374] (-) TimerEvent: {}
[461.788220] (-) TimerEvent: {}
[461.889047] (-) TimerEvent: {}
[461.989855] (-) TimerEvent: {}
[462.090524] (-) TimerEvent: {}
[462.191324] (-) TimerEvent: {}
[462.292092] (-) TimerEvent: {}
[462.392889] (-) TimerEvent: {}
[462.493861] (-) TimerEvent: {}
[462.594581] (-) TimerEvent: {}
[462.695338] (-) TimerEvent: {}
[462.796075] (-) TimerEvent: {}
[462.896870] (-) TimerEvent: {}
[462.997624] (-) TimerEvent: {}
[463.098308] (-) TimerEvent: {}
[463.199058] (-) TimerEvent: {}
[463.299808] (-) TimerEvent: {}
[463.321708] (micro_ros_agent) StdoutLine: {'line': b'[ 80%] \x1b[32mBuilding CXX object CMakeFiles/microxrcedds_agent.dir/src/cpp/transport/discovery/DiscoveryServerLinux.cpp.o\x1b[0m\n'}
[463.400001] (-) TimerEvent: {}
[463.500749] (-) TimerEvent: {}
[463.601448] (-) TimerEvent: {}
[463.702181] (-) TimerEvent: {}
[463.802955] (-) TimerEvent: {}
[463.903674] (-) TimerEvent: {}
[464.004417] (-) TimerEvent: {}
[464.105158] (-) TimerEvent: {}
[464.205967] (-) TimerEvent: {}
[464.306731] (-) TimerEvent: {}
[464.407508] (-) TimerEvent: {}
[464.508409] (-) TimerEvent: {}
[464.609181] (-) TimerEvent: {}
[464.709954] (-) TimerEvent: {}
[464.810697] (-) TimerEvent: {}
[464.911460] (-) TimerEvent: {}
[465.012271] (-) TimerEvent: {}
[465.113006] (-) TimerEvent: {}
[465.213846] (-) TimerEvent: {}
[465.314628] (-) TimerEvent: {}
[465.415387] (-) TimerEvent: {}
[465.516172] (-) TimerEvent: {}
[465.616921] (-) TimerEvent: {}
[465.717686] (-) TimerEvent: {}
[465.818432] (-) TimerEvent: {}
[465.919191] (-) TimerEvent: {}
[466.019990] (-) TimerEvent: {}
[466.120773] (-) TimerEvent: {}
[466.221513] (-) TimerEvent: {}
[466.322269] (-) TimerEvent: {}
[466.423016] (-) TimerEvent: {}
[466.523784] (-) TimerEvent: {}
[466.624574] (-) TimerEvent: {}
[466.725315] (-) TimerEvent: {}
[466.826054] (-) TimerEvent: {}
[466.926784] (-) TimerEvent: {}
[467.027548] (-) TimerEvent: {}
[467.128364] (-) TimerEvent: {}
[467.229124] (-) TimerEvent: {}
[467.329853] (-) TimerEvent: {}
[467.430589] (-) TimerEvent: {}
[467.531380] (-) TimerEvent: {}
[467.632334] (-) TimerEvent: {}
[467.733068] (-) TimerEvent: {}
[467.833780] (-) TimerEvent: {}
[467.934527] (-) TimerEvent: {}
[468.035272] (-) TimerEvent: {}
[468.136024] (-) TimerEvent: {}
[468.236838] (-) TimerEvent: {}
[468.337565] (-) TimerEvent: {}
[468.438346] (-) TimerEvent: {}
[468.539118] (-) TimerEvent: {}
[468.639875] (-) TimerEvent: {}
[468.740649] (-) TimerEvent: {}
[468.841444] (-) TimerEvent: {}
[468.942189] (-) TimerEvent: {}
[469.042936] (-) TimerEvent: {}
[469.143665] (-) TimerEvent: {}
[469.244432] (-) TimerEvent: {}
[469.345152] (-) TimerEvent: {}
[469.445897] (-) TimerEvent: {}
[469.546688] (-) TimerEvent: {}
[469.647438] (-) TimerEvent: {}
[469.748182] (-) TimerEvent: {}
[469.848931] (-) TimerEvent: {}
[469.949646] (-) TimerEvent: {}
[470.050369] (-) TimerEvent: {}
[470.151167] (-) TimerEvent: {}
[470.251890] (-) TimerEvent: {}
[470.352687] (-) TimerEvent: {}
[470.453438] (-) TimerEvent: {}
[470.554212] (-) TimerEvent: {}
[470.654993] (-) TimerEvent: {}
[470.755762] (-) TimerEvent: {}
[470.856518] (-) TimerEvent: {}
[470.957301] (-) TimerEvent: {}
[471.058052] (-) TimerEvent: {}
[471.158831] (-) TimerEvent: {}
[471.259658] (-) TimerEvent: {}
[471.360450] (-) TimerEvent: {}
[471.461278] (-) TimerEvent: {}
[471.562105] (-) TimerEvent: {}
[471.662901] (-) TimerEvent: {}
[471.763685] (-) TimerEvent: {}
[471.864462] (-) TimerEvent: {}
[471.965268] (-) TimerEvent: {}
[472.066040] (-) TimerEvent: {}
[472.166860] (-) TimerEvent: {}
[472.267648] (-) TimerEvent: {}
[472.368430] (-) TimerEvent: {}
[472.469202] (-) TimerEvent: {}
[472.570087] (-) TimerEvent: {}
[472.670960] (-) TimerEvent: {}
[472.771736] (-) TimerEvent: {}
[472.872605] (-) TimerEvent: {}
[472.973553] (-) TimerEvent: {}
[473.074317] (-) TimerEvent: {}
[473.175076] (-) TimerEvent: {}
[473.275907] (-) TimerEvent: {}
[473.376678] (-) TimerEvent: {}
[473.477434] (-) TimerEvent: {}
[473.578202] (-) TimerEvent: {}
[473.678957] (-) TimerEvent: {}
[473.779705] (-) TimerEvent: {}
[473.880417] (-) TimerEvent: {}
[473.981166] (-) TimerEvent: {}
[474.081938] (-) TimerEvent: {}
[474.182688] (-) TimerEvent: {}
[474.283440] (-) TimerEvent: {}
[474.384217] (-) TimerEvent: {}
[474.485025] (-) TimerEvent: {}
[474.585788] (-) TimerEvent: {}
[474.686577] (-) TimerEvent: {}
[474.787296] (-) TimerEvent: {}
[474.826165] (micro_ros_agent) StdoutLine: {'line': b'[ 83%] \x1b[32mBuilding CXX object CMakeFiles/microxrcedds_agent.dir/src/cpp/transport/discovery/DiscoveryServer.cpp.o\x1b[0m\n'}
[474.887531] (-) TimerEvent: {}
[474.988340] (-) TimerEvent: {}
[475.089080] (-) TimerEvent: {}
[475.189808] (-) TimerEvent: {}
[475.290570] (-) TimerEvent: {}
[475.391366] (-) TimerEvent: {}
[475.492142] (-) TimerEvent: {}
[475.592931] (-) TimerEvent: {}
[475.693678] (-) TimerEvent: {}
[475.794457] (-) TimerEvent: {}
[475.895197] (-) TimerEvent: {}
[475.995962] (-) TimerEvent: {}
[476.096741] (-) TimerEvent: {}
[476.197462] (-) TimerEvent: {}
[476.298204] (-) TimerEvent: {}
[476.398933] (-) TimerEvent: {}
[476.499707] (-) TimerEvent: {}
[476.600477] (-) TimerEvent: {}
[476.701288] (-) TimerEvent: {}
[476.802019] (-) TimerEvent: {}
[476.902773] (-) TimerEvent: {}
[477.003524] (-) TimerEvent: {}
[477.104365] (-) TimerEvent: {}
[477.205331] (-) TimerEvent: {}
[477.306051] (-) TimerEvent: {}
[477.406834] (-) TimerEvent: {}
[477.446298] (micro_ros_agent) StdoutLine: {'line': b'[ 85%] \x1b[32mBuilding CXX object CMakeFiles/microxrcedds_agent.dir/src/cpp/types/TopicPubSubType.cpp.o\x1b[0m\n'}
[477.507018] (-) TimerEvent: {}
[477.607736] (-) TimerEvent: {}
[477.708642] (-) TimerEvent: {}
[477.809383] (-) TimerEvent: {}
[477.910123] (-) TimerEvent: {}
[478.010808] (-) TimerEvent: {}
[478.111572] (-) TimerEvent: {}
[478.212399] (-) TimerEvent: {}
[478.313154] (-) TimerEvent: {}
[478.413894] (-) TimerEvent: {}
[478.514642] (-) TimerEvent: {}
[478.615409] (-) TimerEvent: {}
[478.716135] (-) TimerEvent: {}
[478.816988] (-) TimerEvent: {}
[478.917719] (-) TimerEvent: {}
[479.018492] (-) TimerEvent: {}
[479.119331] (-) TimerEvent: {}
[479.220069] (-) TimerEvent: {}
[479.320849] (-) TimerEvent: {}
[479.421576] (-) TimerEvent: {}
[479.522342] (-) TimerEvent: {}
[479.623092] (-) TimerEvent: {}
[479.723810] (-) TimerEvent: {}
[479.824590] (-) TimerEvent: {}
[479.925319] (-) TimerEvent: {}
[480.026094] (-) TimerEvent: {}
[480.126930] (-) TimerEvent: {}
[480.227696] (-) TimerEvent: {}
[480.328483] (-) TimerEvent: {}
[480.429191] (-) TimerEvent: {}
[480.529932] (-) TimerEvent: {}
[480.630712] (-) TimerEvent: {}
[480.731442] (-) TimerEvent: {}
[480.832184] (-) TimerEvent: {}
[480.932938] (-) TimerEvent: {}
[481.033627] (-) TimerEvent: {}
[481.134368] (-) TimerEvent: {}
[481.235098] (-) TimerEvent: {}
[481.335835] (-) TimerEvent: {}
[481.436587] (-) TimerEvent: {}
[481.537315] (-) TimerEvent: {}
[481.638045] (-) TimerEvent: {}
[481.738785] (-) TimerEvent: {}
[481.839519] (-) TimerEvent: {}
[481.940332] (-) TimerEvent: {}
[482.041070] (-) TimerEvent: {}
[482.141817] (-) TimerEvent: {}
[482.242543] (-) TimerEvent: {}
[482.343288] (-) TimerEvent: {}
[482.444033] (-) TimerEvent: {}
[482.544748] (-) TimerEvent: {}
[482.645491] (-) TimerEvent: {}
[482.746241] (-) TimerEvent: {}
[482.847047] (-) TimerEvent: {}
[482.870896] (micro_ros_agent) StdoutLine: {'line': b'[ 88%] \x1b[32mBuilding CXX object CMakeFiles/microxrcedds_agent.dir/src/cpp/xmlobjects/xmlobjects.cpp.o\x1b[0m\n'}
[482.947288] (-) TimerEvent: {}
[483.048010] (-) TimerEvent: {}
[483.148743] (-) TimerEvent: {}
[483.249515] (-) TimerEvent: {}
[483.350211] (-) TimerEvent: {}
[483.450999] (-) TimerEvent: {}
[483.551766] (-) TimerEvent: {}
[483.652594] (-) TimerEvent: {}
[483.753383] (-) TimerEvent: {}
[483.854125] (-) TimerEvent: {}
[483.954860] (-) TimerEvent: {}
[484.055621] (-) TimerEvent: {}
[484.156393] (-) TimerEvent: {}
[484.257129] (-) TimerEvent: {}
[484.357869] (-) TimerEvent: {}
[484.458691] (-) TimerEvent: {}
[484.559460] (-) TimerEvent: {}
[484.660192] (-) TimerEvent: {}
[484.761004] (-) TimerEvent: {}
[484.861732] (-) TimerEvent: {}
[484.962551] (-) TimerEvent: {}
[485.063311] (-) TimerEvent: {}
[485.164065] (-) TimerEvent: {}
[485.264866] (-) TimerEvent: {}
[485.365627] (-) TimerEvent: {}
[485.466353] (-) TimerEvent: {}
[485.567089] (-) TimerEvent: {}
[485.667863] (-) TimerEvent: {}
[485.768653] (-) TimerEvent: {}
[485.869429] (-) TimerEvent: {}
[485.970193] (-) TimerEvent: {}
[486.070974] (-) TimerEvent: {}
[486.171733] (-) TimerEvent: {}
[486.272503] (-) TimerEvent: {}
[486.373279] (-) TimerEvent: {}
[486.474041] (-) TimerEvent: {}
[486.574846] (-) TimerEvent: {}
[486.675600] (-) TimerEvent: {}
[486.776383] (-) TimerEvent: {}
[486.877131] (-) TimerEvent: {}
[486.977894] (-) TimerEvent: {}
[487.078668] (-) TimerEvent: {}
[487.179404] (-) TimerEvent: {}
[487.280245] (-) TimerEvent: {}
[487.380982] (-) TimerEvent: {}
[487.481715] (-) TimerEvent: {}
[487.582501] (-) TimerEvent: {}
[487.683212] (-) TimerEvent: {}
[487.784153] (-) TimerEvent: {}
[487.884963] (-) TimerEvent: {}
[487.985759] (-) TimerEvent: {}
[488.086530] (-) TimerEvent: {}
[488.187308] (-) TimerEvent: {}
[488.288081] (-) TimerEvent: {}
[488.388902] (-) TimerEvent: {}
[488.489642] (-) TimerEvent: {}
[488.590379] (-) TimerEvent: {}
[488.691128] (-) TimerEvent: {}
[488.791899] (-) TimerEvent: {}
[488.892652] (-) TimerEvent: {}
[488.993403] (-) TimerEvent: {}
[489.094203] (-) TimerEvent: {}
[489.195033] (-) TimerEvent: {}
[489.295874] (-) TimerEvent: {}
[489.396670] (-) TimerEvent: {}
[489.497440] (-) TimerEvent: {}
[489.598320] (-) TimerEvent: {}
[489.699195] (-) TimerEvent: {}
[489.799907] (-) TimerEvent: {}
[489.900743] (-) TimerEvent: {}
[490.001503] (-) TimerEvent: {}
[490.102251] (-) TimerEvent: {}
[490.203111] (-) TimerEvent: {}
[490.303857] (-) TimerEvent: {}
[490.404735] (-) TimerEvent: {}
[490.505579] (-) TimerEvent: {}
[490.606340] (-) TimerEvent: {}
[490.707239] (-) TimerEvent: {}
[490.807995] (-) TimerEvent: {}
[490.908800] (-) TimerEvent: {}
[491.009483] (-) TimerEvent: {}
[491.110255] (-) TimerEvent: {}
[491.210973] (-) TimerEvent: {}
[491.215240] (micro_ros_agent) StdoutLine: {'line': b'[ 90%] \x1b[32mBuilding CXX object CMakeFiles/microxrcedds_agent.dir/src/cpp/middleware/fast/FastEntities.cpp.o\x1b[0m\n'}
[491.311180] (-) TimerEvent: {}
[491.411923] (-) TimerEvent: {}
[491.512664] (-) TimerEvent: {}
[491.613394] (-) TimerEvent: {}
[491.714149] (-) TimerEvent: {}
[491.814954] (-) TimerEvent: {}
[491.915809] (-) TimerEvent: {}
[492.016579] (-) TimerEvent: {}
[492.117336] (-) TimerEvent: {}
[492.218053] (-) TimerEvent: {}
[492.318800] (-) TimerEvent: {}
[492.419614] (-) TimerEvent: {}
[492.520379] (-) TimerEvent: {}
[492.621123] (-) TimerEvent: {}
[492.721914] (-) TimerEvent: {}
[492.822870] (-) TimerEvent: {}
[492.923683] (-) TimerEvent: {}
[493.024435] (-) TimerEvent: {}
[493.125181] (-) TimerEvent: {}
[493.225901] (-) TimerEvent: {}
[493.326677] (-) TimerEvent: {}
[493.427424] (-) TimerEvent: {}
[493.528172] (-) TimerEvent: {}
[493.628978] (-) TimerEvent: {}
[493.729717] (-) TimerEvent: {}
[493.830454] (-) TimerEvent: {}
[493.931224] (-) TimerEvent: {}
[494.031940] (-) TimerEvent: {}
[494.132728] (-) TimerEvent: {}
[494.233429] (-) TimerEvent: {}
[494.334158] (-) TimerEvent: {}
[494.434930] (-) TimerEvent: {}
[494.535679] (-) TimerEvent: {}
[494.636443] (-) TimerEvent: {}
[494.737192] (-) TimerEvent: {}
[494.837950] (-) TimerEvent: {}
[494.938721] (-) TimerEvent: {}
[495.039447] (-) TimerEvent: {}
[495.140195] (-) TimerEvent: {}
[495.240957] (-) TimerEvent: {}
[495.341689] (-) TimerEvent: {}
[495.442434] (-) TimerEvent: {}
[495.543173] (-) TimerEvent: {}
[495.643920] (-) TimerEvent: {}
[495.744682] (-) TimerEvent: {}
[495.845432] (-) TimerEvent: {}
[495.946250] (-) TimerEvent: {}
[496.046981] (-) TimerEvent: {}
[496.147735] (-) TimerEvent: {}
[496.248551] (-) TimerEvent: {}
[496.349267] (-) TimerEvent: {}
[496.449977] (-) TimerEvent: {}
[496.550713] (-) TimerEvent: {}
[496.651464] (-) TimerEvent: {}
[496.752274] (-) TimerEvent: {}
[496.853017] (-) TimerEvent: {}
[496.953752] (-) TimerEvent: {}
[497.054472] (-) TimerEvent: {}
[497.155210] (-) TimerEvent: {}
[497.255975] (-) TimerEvent: {}
[497.356768] (-) TimerEvent: {}
[497.457496] (-) TimerEvent: {}
[497.558218] (-) TimerEvent: {}
[497.658953] (-) TimerEvent: {}
[497.759702] (-) TimerEvent: {}
[497.860609] (-) TimerEvent: {}
[497.961355] (-) TimerEvent: {}
[498.062128] (-) TimerEvent: {}
[498.162919] (-) TimerEvent: {}
[498.263703] (-) TimerEvent: {}
[498.364468] (-) TimerEvent: {}
[498.465222] (-) TimerEvent: {}
[498.565937] (-) TimerEvent: {}
[498.666653] (-) TimerEvent: {}
[498.767449] (-) TimerEvent: {}
[498.868172] (-) TimerEvent: {}
[498.969001] (-) TimerEvent: {}
[499.069771] (-) TimerEvent: {}
[499.170599] (-) TimerEvent: {}
[499.271399] (-) TimerEvent: {}
[499.372137] (-) TimerEvent: {}
[499.472941] (-) TimerEvent: {}
[499.573675] (-) TimerEvent: {}
[499.674398] (-) TimerEvent: {}
[499.775250] (-) TimerEvent: {}
[499.876162] (-) TimerEvent: {}
[499.976944] (-) TimerEvent: {}
[500.077675] (-) TimerEvent: {}
[500.178421] (-) TimerEvent: {}
[500.279188] (-) TimerEvent: {}
[500.379921] (-) TimerEvent: {}
[500.480693] (-) TimerEvent: {}
[500.581413] (-) TimerEvent: {}
[500.682152] (-) TimerEvent: {}
[500.782871] (-) TimerEvent: {}
[500.883570] (-) TimerEvent: {}
[500.984354] (-) TimerEvent: {}
[501.085105] (-) TimerEvent: {}
[501.185886] (-) TimerEvent: {}
[501.286605] (-) TimerEvent: {}
[501.387359] (-) TimerEvent: {}
[501.488132] (-) TimerEvent: {}
[501.588925] (-) TimerEvent: {}
[501.689694] (-) TimerEvent: {}
[501.790450] (-) TimerEvent: {}
[501.891196] (-) TimerEvent: {}
[501.991923] (-) TimerEvent: {}
[502.092688] (-) TimerEvent: {}
[502.193482] (-) TimerEvent: {}
[502.294253] (-) TimerEvent: {}
[502.395151] (-) TimerEvent: {}
[502.495865] (-) TimerEvent: {}
[502.596609] (-) TimerEvent: {}
[502.697303] (-) TimerEvent: {}
[502.798040] (-) TimerEvent: {}
[502.898804] (-) TimerEvent: {}
[502.999504] (-) TimerEvent: {}
[503.100271] (-) TimerEvent: {}
[503.201011] (-) TimerEvent: {}
[503.301742] (-) TimerEvent: {}
[503.402501] (-) TimerEvent: {}
[503.503238] (-) TimerEvent: {}
[503.603990] (-) TimerEvent: {}
[503.704732] (-) TimerEvent: {}
[503.805437] (-) TimerEvent: {}
[503.906187] (-) TimerEvent: {}
[504.007001] (-) TimerEvent: {}
[504.107809] (-) TimerEvent: {}
[504.208563] (-) TimerEvent: {}
[504.309298] (-) TimerEvent: {}
[504.410023] (-) TimerEvent: {}
[504.510745] (-) TimerEvent: {}
[504.611553] (-) TimerEvent: {}
[504.712336] (-) TimerEvent: {}
[504.813044] (-) TimerEvent: {}
[504.913782] (-) TimerEvent: {}
[505.014594] (-) TimerEvent: {}
[505.115330] (-) TimerEvent: {}
[505.216119] (-) TimerEvent: {}
[505.316893] (-) TimerEvent: {}
[505.417690] (-) TimerEvent: {}
[505.518445] (-) TimerEvent: {}
[505.619200] (-) TimerEvent: {}
[505.719979] (-) TimerEvent: {}
[505.820765] (-) TimerEvent: {}
[505.921521] (-) TimerEvent: {}
[506.022281] (-) TimerEvent: {}
[506.123020] (-) TimerEvent: {}
[506.223943] (-) TimerEvent: {}
[506.324797] (-) TimerEvent: {}
[506.425560] (-) TimerEvent: {}
[506.526293] (-) TimerEvent: {}
[506.627000] (-) TimerEvent: {}
[506.727860] (-) TimerEvent: {}
[506.828744] (-) TimerEvent: {}
[506.929474] (-) TimerEvent: {}
[507.030269] (-) TimerEvent: {}
[507.131062] (-) TimerEvent: {}
[507.231861] (-) TimerEvent: {}
[507.332637] (-) TimerEvent: {}
[507.433353] (-) TimerEvent: {}
[507.534064] (-) TimerEvent: {}
[507.634775] (-) TimerEvent: {}
[507.735539] (-) TimerEvent: {}
[507.836329] (-) TimerEvent: {}
[507.937296] (-) TimerEvent: {}
[508.038012] (-) TimerEvent: {}
[508.138762] (-) TimerEvent: {}
[508.239540] (-) TimerEvent: {}
[508.340347] (-) TimerEvent: {}
[508.441093] (-) TimerEvent: {}
[508.541825] (-) TimerEvent: {}
[508.642607] (-) TimerEvent: {}
[508.743377] (-) TimerEvent: {}
[508.844266] (-) TimerEvent: {}
[508.944982] (-) TimerEvent: {}
[509.045699] (-) TimerEvent: {}
[509.146388] (-) TimerEvent: {}
[509.247246] (-) TimerEvent: {}
[509.348020] (-) TimerEvent: {}
[509.448791] (-) TimerEvent: {}
[509.542208] (micro_ros_agent) StdoutLine: {'line': b'[ 92%] \x1b[32mBuilding CXX object CMakeFiles/microxrcedds_agent.dir/src/cpp/middleware/fast/FastMiddleware.cpp.o\x1b[0m\n'}
[509.548988] (-) TimerEvent: {}
[509.650013] (-) TimerEvent: {}
[509.750772] (-) TimerEvent: {}
[509.851478] (-) TimerEvent: {}
[509.952196] (-) TimerEvent: {}
[510.053015] (-) TimerEvent: {}
[510.153715] (-) TimerEvent: {}
[510.254485] (-) TimerEvent: {}
[510.355232] (-) TimerEvent: {}
[510.455986] (-) TimerEvent: {}
[510.556792] (-) TimerEvent: {}
[510.657508] (-) TimerEvent: {}
[510.758250] (-) TimerEvent: {}
[510.858986] (-) TimerEvent: {}
[510.959727] (-) TimerEvent: {}
[511.060463] (-) TimerEvent: {}
[511.161179] (-) TimerEvent: {}
[511.261943] (-) TimerEvent: {}
[511.362659] (-) TimerEvent: {}
[511.463402] (-) TimerEvent: {}
[511.564176] (-) TimerEvent: {}
[511.664921] (-) TimerEvent: {}
[511.765642] (-) TimerEvent: {}
[511.866322] (-) TimerEvent: {}
[511.967058] (-) TimerEvent: {}
[512.067820] (-) TimerEvent: {}
[512.168583] (-) TimerEvent: {}
[512.269319] (-) TimerEvent: {}
[512.370055] (-) TimerEvent: {}
[512.470796] (-) TimerEvent: {}
[512.571559] (-) TimerEvent: {}
[512.672339] (-) TimerEvent: {}
[512.773056] (-) TimerEvent: {}
[512.873798] (-) TimerEvent: {}
[512.974653] (-) TimerEvent: {}
[513.075457] (-) TimerEvent: {}
[513.176200] (-) TimerEvent: {}
[513.276992] (-) TimerEvent: {}
[513.377713] (-) TimerEvent: {}
[513.478496] (-) TimerEvent: {}
[513.579272] (-) TimerEvent: {}
[513.680009] (-) TimerEvent: {}
[513.780796] (-) TimerEvent: {}
[513.881521] (-) TimerEvent: {}
[513.982287] (-) TimerEvent: {}
[514.083029] (-) TimerEvent: {}
[514.183778] (-) TimerEvent: {}
[514.284530] (-) TimerEvent: {}
[514.385274] (-) TimerEvent: {}
[514.486062] (-) TimerEvent: {}
[514.586855] (-) TimerEvent: {}
[514.687570] (-) TimerEvent: {}
[514.788332] (-) TimerEvent: {}
[514.889036] (-) TimerEvent: {}
[514.989776] (-) TimerEvent: {}
[515.090547] (-) TimerEvent: {}
[515.191273] (-) TimerEvent: {}
[515.292015] (-) TimerEvent: {}
[515.392782] (-) TimerEvent: {}
[515.493502] (-) TimerEvent: {}
[515.594228] (-) TimerEvent: {}
[515.694970] (-) TimerEvent: {}
[515.795684] (-) TimerEvent: {}
[515.896435] (-) TimerEvent: {}
[515.997170] (-) TimerEvent: {}
[516.097897] (-) TimerEvent: {}
[516.198637] (-) TimerEvent: {}
[516.299376] (-) TimerEvent: {}
[516.400134] (-) TimerEvent: {}
[516.500933] (-) TimerEvent: {}
[516.601680] (-) TimerEvent: {}
[516.702408] (-) TimerEvent: {}
[516.803146] (-) TimerEvent: {}
[516.903907] (-) TimerEvent: {}
[517.004677] (-) TimerEvent: {}
[517.105409] (-) TimerEvent: {}
[517.206146] (-) TimerEvent: {}
[517.306894] (-) TimerEvent: {}
[517.407670] (-) TimerEvent: {}
[517.508400] (-) TimerEvent: {}
[517.609126] (-) TimerEvent: {}
[517.709879] (-) TimerEvent: {}
[517.810587] (-) TimerEvent: {}
[517.911324] (-) TimerEvent: {}
[518.012097] (-) TimerEvent: {}
[518.112941] (-) TimerEvent: {}
[518.213678] (-) TimerEvent: {}
[518.314436] (-) TimerEvent: {}
[518.415225] (-) TimerEvent: {}
[518.515990] (-) TimerEvent: {}
[518.616766] (-) TimerEvent: {}
[518.717512] (-) TimerEvent: {}
[518.818237] (-) TimerEvent: {}
[518.918980] (-) TimerEvent: {}
[519.019748] (-) TimerEvent: {}
[519.120626] (-) TimerEvent: {}
[519.221373] (-) TimerEvent: {}
[519.322133] (-) TimerEvent: {}
[519.422857] (-) TimerEvent: {}
[519.523624] (-) TimerEvent: {}
[519.624377] (-) TimerEvent: {}
[519.725099] (-) TimerEvent: {}
[519.825814] (-) TimerEvent: {}
[519.926546] (-) TimerEvent: {}
[520.027307] (-) TimerEvent: {}
[520.128047] (-) TimerEvent: {}
[520.228825] (-) TimerEvent: {}
[520.329557] (-) TimerEvent: {}
[520.430272] (-) TimerEvent: {}
[520.531102] (-) TimerEvent: {}
[520.632012] (-) TimerEvent: {}
[520.732779] (-) TimerEvent: {}
[520.833531] (-) TimerEvent: {}
[520.934269] (-) TimerEvent: {}
[521.035044] (-) TimerEvent: {}
[521.135821] (-) TimerEvent: {}
[521.236631] (-) TimerEvent: {}
[521.337349] (-) TimerEvent: {}
[521.438083] (-) TimerEvent: {}
[521.538818] (-) TimerEvent: {}
[521.639519] (-) TimerEvent: {}
[521.740273] (-) TimerEvent: {}
[521.840978] (-) TimerEvent: {}
[521.941680] (-) TimerEvent: {}
[522.042393] (-) TimerEvent: {}
[522.143113] (-) TimerEvent: {}
[522.243854] (-) TimerEvent: {}
[522.344689] (-) TimerEvent: {}
[522.445390] (-) TimerEvent: {}
[522.546149] (-) TimerEvent: {}
[522.646912] (-) TimerEvent: {}
[522.747728] (-) TimerEvent: {}
[522.848531] (-) TimerEvent: {}
[522.949234] (-) TimerEvent: {}
[523.049993] (-) TimerEvent: {}
[523.150823] (-) TimerEvent: {}
[523.251740] (-) TimerEvent: {}
[523.352614] (-) TimerEvent: {}
[523.453321] (-) TimerEvent: {}
[523.554086] (-) TimerEvent: {}
[523.654832] (-) TimerEvent: {}
[523.755564] (-) TimerEvent: {}
[523.856383] (-) TimerEvent: {}
[523.957240] (-) TimerEvent: {}
[524.058067] (-) TimerEvent: {}
[524.158757] (-) TimerEvent: {}
[524.259496] (-) TimerEvent: {}
[524.360208] (-) TimerEvent: {}
[524.460972] (-) TimerEvent: {}
[524.561669] (-) TimerEvent: {}
[524.662385] (-) TimerEvent: {}
[524.763130] (-) TimerEvent: {}
[524.863881] (-) TimerEvent: {}
[524.964640] (-) TimerEvent: {}
[525.065414] (-) TimerEvent: {}
[525.166134] (-) TimerEvent: {}
[525.266912] (-) TimerEvent: {}
[525.367633] (-) TimerEvent: {}
[525.468378] (-) TimerEvent: {}
[525.569097] (-) TimerEvent: {}
[525.669857] (-) TimerEvent: {}
[525.770637] (-) TimerEvent: {}
[525.871357] (-) TimerEvent: {}
[525.972091] (-) TimerEvent: {}
[526.072855] (-) TimerEvent: {}
[526.173600] (-) TimerEvent: {}
[526.274391] (-) TimerEvent: {}
[526.375131] (-) TimerEvent: {}
[526.475917] (-) TimerEvent: {}
[526.576691] (-) TimerEvent: {}
[526.677389] (-) TimerEvent: {}
[526.778209] (-) TimerEvent: {}
[526.879105] (-) TimerEvent: {}
[526.979849] (-) TimerEvent: {}
[527.080588] (-) TimerEvent: {}
[527.093408] (micro_ros_agent) StdoutLine: {'line': b'[ 95%] \x1b[32mBuilding CXX object CMakeFiles/microxrcedds_agent.dir/src/cpp/middleware/fastdds/FastDDSEntities.cpp.o\x1b[0m\n'}
[527.180926] (-) TimerEvent: {}
[527.281674] (-) TimerEvent: {}
[527.382384] (-) TimerEvent: {}
[527.483103] (-) TimerEvent: {}
[527.583810] (-) TimerEvent: {}
[527.684568] (-) TimerEvent: {}
[527.785333] (-) TimerEvent: {}
[527.886123] (-) TimerEvent: {}
[527.986913] (-) TimerEvent: {}
[528.087652] (-) TimerEvent: {}
[528.188391] (-) TimerEvent: {}
[528.289320] (-) TimerEvent: {}
[528.390109] (-) TimerEvent: {}
[528.490885] (-) TimerEvent: {}
[528.591607] (-) TimerEvent: {}
[528.692372] (-) TimerEvent: {}
[528.793169] (-) TimerEvent: {}
[528.893893] (-) TimerEvent: {}
[528.994737] (-) TimerEvent: {}
[529.095455] (-) TimerEvent: {}
[529.196204] (-) TimerEvent: {}
[529.297052] (-) TimerEvent: {}
[529.397786] (-) TimerEvent: {}
[529.498567] (-) TimerEvent: {}
[529.599296] (-) TimerEvent: {}
[529.700032] (-) TimerEvent: {}
[529.800794] (-) TimerEvent: {}
[529.901516] (-) TimerEvent: {}
[530.002285] (-) TimerEvent: {}
[530.103045] (-) TimerEvent: {}
[530.203811] (-) TimerEvent: {}
[530.304565] (-) TimerEvent: {}
[530.405301] (-) TimerEvent: {}
[530.506041] (-) TimerEvent: {}
[530.606794] (-) TimerEvent: {}
[530.707610] (-) TimerEvent: {}
[530.808428] (-) TimerEvent: {}
[530.909166] (-) TimerEvent: {}
[531.009886] (-) TimerEvent: {}
[531.110628] (-) TimerEvent: {}
[531.211366] (-) TimerEvent: {}
[531.312142] (-) TimerEvent: {}
[531.412943] (-) TimerEvent: {}
[531.513684] (-) TimerEvent: {}
[531.614451] (-) TimerEvent: {}
[531.715211] (-) TimerEvent: {}
[531.815968] (-) TimerEvent: {}
[531.916754] (-) TimerEvent: {}
[532.017518] (-) TimerEvent: {}
[532.118254] (-) TimerEvent: {}
[532.218991] (-) TimerEvent: {}
[532.319770] (-) TimerEvent: {}
[532.420553] (-) TimerEvent: {}
[532.521307] (-) TimerEvent: {}
[532.622047] (-) TimerEvent: {}
[532.722798] (-) TimerEvent: {}
[532.823572] (-) TimerEvent: {}
[532.924351] (-) TimerEvent: {}
[533.025075] (-) TimerEvent: {}
[533.125803] (-) TimerEvent: {}
[533.226536] (-) TimerEvent: {}
[533.327305] (-) TimerEvent: {}
[533.428118] (-) TimerEvent: {}
[533.528964] (-) TimerEvent: {}
[533.629739] (-) TimerEvent: {}
[533.730485] (-) TimerEvent: {}
[533.831269] (-) TimerEvent: {}
[533.932033] (-) TimerEvent: {}
[534.032853] (-) TimerEvent: {}
[534.133602] (-) TimerEvent: {}
[534.234390] (-) TimerEvent: {}
[534.335272] (-) TimerEvent: {}
[534.436212] (-) TimerEvent: {}
[534.536980] (-) TimerEvent: {}
[534.637715] (-) TimerEvent: {}
[534.738471] (-) TimerEvent: {}
[534.839239] (-) TimerEvent: {}
[534.939991] (-) TimerEvent: {}
[535.040774] (-) TimerEvent: {}
[535.141495] (-) TimerEvent: {}
[535.242240] (-) TimerEvent: {}
[535.343014] (-) TimerEvent: {}
[535.443747] (-) TimerEvent: {}
[535.544523] (-) TimerEvent: {}
[535.645262] (-) TimerEvent: {}
[535.746013] (-) TimerEvent: {}
[535.846789] (-) TimerEvent: {}
[535.947539] (-) TimerEvent: {}
[536.048370] (-) TimerEvent: {}
[536.149108] (-) TimerEvent: {}
[536.249850] (-) TimerEvent: {}
[536.350619] (-) TimerEvent: {}
[536.451378] (-) TimerEvent: {}
[536.552171] (-) TimerEvent: {}
[536.652976] (-) TimerEvent: {}
[536.753727] (-) TimerEvent: {}
[536.854468] (-) TimerEvent: {}
[536.955210] (-) TimerEvent: {}
[537.055988] (-) TimerEvent: {}
[537.156839] (-) TimerEvent: {}
[537.257556] (-) TimerEvent: {}
[537.358330] (-) TimerEvent: {}
[537.459079] (-) TimerEvent: {}
[537.559865] (-) TimerEvent: {}
[537.660646] (-) TimerEvent: {}
[537.761366] (-) TimerEvent: {}
[537.862120] (-) TimerEvent: {}
[537.962870] (-) TimerEvent: {}
[538.063611] (-) TimerEvent: {}
[538.164380] (-) TimerEvent: {}
[538.265151] (-) TimerEvent: {}
[538.365875] (-) TimerEvent: {}
[538.466618] (-) TimerEvent: {}
[538.567561] (-) TimerEvent: {}
[538.668361] (-) TimerEvent: {}
[538.769088] (-) TimerEvent: {}
[538.869830] (-) TimerEvent: {}
[538.970589] (-) TimerEvent: {}
[539.071331] (-) TimerEvent: {}
[539.172093] (-) TimerEvent: {}
[539.272879] (-) TimerEvent: {}
[539.373647] (-) TimerEvent: {}
[539.474409] (-) TimerEvent: {}
[539.575182] (-) TimerEvent: {}
[539.675989] (-) TimerEvent: {}
[539.776790] (-) TimerEvent: {}
[539.877506] (-) TimerEvent: {}
[539.978240] (-) TimerEvent: {}
[540.078966] (-) TimerEvent: {}
[540.179742] (-) TimerEvent: {}
[540.280458] (-) TimerEvent: {}
[540.381163] (-) TimerEvent: {}
[540.481899] (-) TimerEvent: {}
[540.582610] (-) TimerEvent: {}
[540.683396] (-) TimerEvent: {}
[540.784352] (-) TimerEvent: {}
[540.885151] (-) TimerEvent: {}
[540.985874] (-) TimerEvent: {}
[541.086598] (-) TimerEvent: {}
[541.187376] (-) TimerEvent: {}
[541.288125] (-) TimerEvent: {}
[541.388895] (-) TimerEvent: {}
[541.489602] (-) TimerEvent: {}
[541.590437] (-) TimerEvent: {}
[541.691215] (-) TimerEvent: {}
[541.792032] (-) TimerEvent: {}
[541.892800] (-) TimerEvent: {}
[541.993612] (-) TimerEvent: {}
[542.094322] (-) TimerEvent: {}
[542.195067] (-) TimerEvent: {}
[542.295877] (-) TimerEvent: {}
[542.396643] (-) TimerEvent: {}
[542.497361] (-) TimerEvent: {}
[542.598105] (-) TimerEvent: {}
[542.698927] (-) TimerEvent: {}
[542.799680] (-) TimerEvent: {}
[542.900418] (-) TimerEvent: {}
[543.001154] (-) TimerEvent: {}
[543.101866] (-) TimerEvent: {}
[543.202587] (-) TimerEvent: {}
[543.303341] (-) TimerEvent: {}
[543.404060] (-) TimerEvent: {}
[543.504852] (-) TimerEvent: {}
[543.605764] (-) TimerEvent: {}
[543.706633] (-) TimerEvent: {}
[543.807446] (-) TimerEvent: {}
[543.908206] (-) TimerEvent: {}
[544.008978] (-) TimerEvent: {}
[544.109710] (-) TimerEvent: {}
[544.210585] (-) TimerEvent: {}
[544.311421] (-) TimerEvent: {}
[544.412156] (-) TimerEvent: {}
[544.512939] (-) TimerEvent: {}
[544.613662] (-) TimerEvent: {}
[544.714475] (-) TimerEvent: {}
[544.815363] (-) TimerEvent: {}
[544.916078] (-) TimerEvent: {}
[545.016922] (-) TimerEvent: {}
[545.086898] (micro_ros_agent) StdoutLine: {'line': b'[ 97%] \x1b[32mBuilding CXX object CMakeFiles/microxrcedds_agent.dir/src/cpp/middleware/fastdds/FastDDSMiddleware.cpp.o\x1b[0m\n'}
[545.117156] (-) TimerEvent: {}
[545.218079] (-) TimerEvent: {}
[545.318808] (-) TimerEvent: {}
[545.419638] (-) TimerEvent: {}
[545.520718] (-) TimerEvent: {}
[545.621447] (-) TimerEvent: {}
[545.722150] (-) TimerEvent: {}
[545.823059] (-) TimerEvent: {}
[545.923822] (-) TimerEvent: {}
[546.024669] (-) TimerEvent: {}
[546.125393] (-) TimerEvent: {}
[546.226117] (-) TimerEvent: {}
[546.326959] (-) TimerEvent: {}
[546.427708] (-) TimerEvent: {}
[546.528475] (-) TimerEvent: {}
[546.629232] (-) TimerEvent: {}
[546.730051] (-) TimerEvent: {}
[546.830846] (-) TimerEvent: {}
[546.931571] (-) TimerEvent: {}
[547.032325] (-) TimerEvent: {}
[547.133013] (-) TimerEvent: {}
[547.233747] (-) TimerEvent: {}
[547.334597] (-) TimerEvent: {}
[547.435324] (-) TimerEvent: {}
[547.536080] (-) TimerEvent: {}
[547.636914] (-) TimerEvent: {}
[547.737653] (-) TimerEvent: {}
[547.838386] (-) TimerEvent: {}
[547.939148] (-) TimerEvent: {}
[548.039925] (-) TimerEvent: {}
[548.140747] (-) TimerEvent: {}
[548.241494] (-) TimerEvent: {}
[548.342263] (-) TimerEvent: {}
[548.443029] (-) TimerEvent: {}
[548.543775] (-) TimerEvent: {}
[548.644527] (-) TimerEvent: {}
[548.745484] (-) TimerEvent: {}
[548.846258] (-) TimerEvent: {}
[548.947037] (-) TimerEvent: {}
[549.047797] (-) TimerEvent: {}
[549.148623] (-) TimerEvent: {}
[549.249328] (-) TimerEvent: {}
[549.350078] (-) TimerEvent: {}
[549.450848] (-) TimerEvent: {}
[549.551610] (-) TimerEvent: {}
[549.652447] (-) TimerEvent: {}
[549.753198] (-) TimerEvent: {}
[549.853964] (-) TimerEvent: {}
[549.954754] (-) TimerEvent: {}
[550.055539] (-) TimerEvent: {}
[550.156408] (-) TimerEvent: {}
[550.257163] (-) TimerEvent: {}
[550.357976] (-) TimerEvent: {}
[550.458775] (-) TimerEvent: {}
[550.559507] (-) TimerEvent: {}
[550.660273] (-) TimerEvent: {}
[550.761003] (-) TimerEvent: {}
[550.861747] (-) TimerEvent: {}
[550.962530] (-) TimerEvent: {}
[551.063291] (-) TimerEvent: {}
[551.164041] (-) TimerEvent: {}
[551.264830] (-) TimerEvent: {}
[551.365621] (-) TimerEvent: {}
[551.466468] (-) TimerEvent: {}
[551.567207] (-) TimerEvent: {}
[551.667952] (-) TimerEvent: {}
[551.768742] (-) TimerEvent: {}
[551.869542] (-) TimerEvent: {}
[551.970296] (-) TimerEvent: {}
[552.071066] (-) TimerEvent: {}
[552.171841] (-) TimerEvent: {}
[552.272654] (-) TimerEvent: {}
[552.373401] (-) TimerEvent: {}
[552.474158] (-) TimerEvent: {}
[552.574922] (-) TimerEvent: {}
[552.675665] (-) TimerEvent: {}
[552.776417] (-) TimerEvent: {}
[552.877155] (-) TimerEvent: {}
[552.977905] (-) TimerEvent: {}
[553.078638] (-) TimerEvent: {}
[553.179416] (-) TimerEvent: {}
[553.280161] (-) TimerEvent: {}
[553.380958] (-) TimerEvent: {}
[553.481720] (-) TimerEvent: {}
[553.582459] (-) TimerEvent: {}
[553.683237] (-) TimerEvent: {}
[553.784066] (-) TimerEvent: {}
[553.884871] (-) TimerEvent: {}
[553.985604] (-) TimerEvent: {}
[554.086366] (-) TimerEvent: {}
[554.187135] (-) TimerEvent: {}
[554.287934] (-) TimerEvent: {}
[554.389049] (-) TimerEvent: {}
[554.490060] (-) TimerEvent: {}
[554.590846] (-) TimerEvent: {}
[554.691631] (-) TimerEvent: {}
[554.792415] (-) TimerEvent: {}
[554.893202] (-) TimerEvent: {}
[554.994020] (-) TimerEvent: {}
[555.094795] (-) TimerEvent: {}
[555.195592] (-) TimerEvent: {}
[555.296364] (-) TimerEvent: {}
[555.397102] (-) TimerEvent: {}
[555.497830] (-) TimerEvent: {}
[555.598595] (-) TimerEvent: {}
[555.699354] (-) TimerEvent: {}
[555.800144] (-) TimerEvent: {}
[555.900910] (-) TimerEvent: {}
[556.001647] (-) TimerEvent: {}
[556.102375] (-) TimerEvent: {}
[556.203159] (-) TimerEvent: {}
[556.303912] (-) TimerEvent: {}
[556.404723] (-) TimerEvent: {}
[556.505509] (-) TimerEvent: {}
[556.606277] (-) TimerEvent: {}
[556.707072] (-) TimerEvent: {}
[556.807821] (-) TimerEvent: {}
[556.908586] (-) TimerEvent: {}
[557.009330] (-) TimerEvent: {}
[557.110050] (-) TimerEvent: {}
[557.210824] (-) TimerEvent: {}
[557.311557] (-) TimerEvent: {}
[557.412328] (-) TimerEvent: {}
[557.513036] (-) TimerEvent: {}
[557.613785] (-) TimerEvent: {}
[557.714577] (-) TimerEvent: {}
[557.815300] (-) TimerEvent: {}
[557.916010] (-) TimerEvent: {}
[558.016798] (-) TimerEvent: {}
[558.117590] (-) TimerEvent: {}
[558.218387] (-) TimerEvent: {}
[558.319131] (-) TimerEvent: {}
[558.419900] (-) TimerEvent: {}
[558.520663] (-) TimerEvent: {}
[558.621381] (-) TimerEvent: {}
[558.722190] (-) TimerEvent: {}
[558.822914] (-) TimerEvent: {}
[558.923711] (-) TimerEvent: {}
[559.024495] (-) TimerEvent: {}
[559.125232] (-) TimerEvent: {}
[559.225955] (-) TimerEvent: {}
[559.326690] (-) TimerEvent: {}
[559.427459] (-) TimerEvent: {}
[559.528190] (-) TimerEvent: {}
[559.628951] (-) TimerEvent: {}
[559.729675] (-) TimerEvent: {}
[559.830425] (-) TimerEvent: {}
[559.931213] (-) TimerEvent: {}
[560.031993] (-) TimerEvent: {}
[560.132838] (-) TimerEvent: {}
[560.233590] (-) TimerEvent: {}
[560.334322] (-) TimerEvent: {}
[560.435116] (-) TimerEvent: {}
[560.535906] (-) TimerEvent: {}
[560.636982] (-) TimerEvent: {}
[560.737792] (-) TimerEvent: {}
[560.838562] (-) TimerEvent: {}
[560.939356] (-) TimerEvent: {}
[561.040182] (-) TimerEvent: {}
[561.141009] (-) TimerEvent: {}
[561.241741] (-) TimerEvent: {}
[561.342486] (-) TimerEvent: {}
[561.443272] (-) TimerEvent: {}
[561.544036] (-) TimerEvent: {}
[561.644854] (-) TimerEvent: {}
[561.745668] (-) TimerEvent: {}
[561.846458] (-) TimerEvent: {}
[561.947221] (-) TimerEvent: {}
[562.047955] (-) TimerEvent: {}
[562.148804] (-) TimerEvent: {}
[562.249521] (-) TimerEvent: {}
[562.350275] (-) TimerEvent: {}
[562.451055] (-) TimerEvent: {}
[562.551808] (-) TimerEvent: {}
[562.652600] (-) TimerEvent: {}
[562.753321] (-) TimerEvent: {}
[562.854068] (-) TimerEvent: {}
[562.954824] (-) TimerEvent: {}
[563.055567] (-) TimerEvent: {}
[563.156362] (-) TimerEvent: {}
[563.257081] (-) TimerEvent: {}
[563.357881] (-) TimerEvent: {}
[563.458662] (-) TimerEvent: {}
[563.559379] (-) TimerEvent: {}
[563.660147] (-) TimerEvent: {}
[563.760908] (-) TimerEvent: {}
[563.861642] (-) TimerEvent: {}
[563.962449] (-) TimerEvent: {}
[564.063216] (-) TimerEvent: {}
[564.164064] (-) TimerEvent: {}
[564.264819] (-) TimerEvent: {}
[564.365535] (-) TimerEvent: {}
[564.466255] (-) TimerEvent: {}
[564.567003] (-) TimerEvent: {}
[564.667748] (-) TimerEvent: {}
[564.768676] (-) TimerEvent: {}
[564.869439] (-) TimerEvent: {}
[564.970224] (-) TimerEvent: {}
[565.071027] (-) TimerEvent: {}
[565.171764] (-) TimerEvent: {}
[565.272544] (-) TimerEvent: {}
[565.373321] (-) TimerEvent: {}
[565.474178] (-) TimerEvent: {}
[565.575029] (-) TimerEvent: {}
[565.675810] (-) TimerEvent: {}
[565.776607] (-) TimerEvent: {}
[565.877454] (-) TimerEvent: {}
[565.978191] (-) TimerEvent: {}
[566.078956] (-) TimerEvent: {}
[566.179752] (-) TimerEvent: {}
[566.280612] (-) TimerEvent: {}
[566.381335] (-) TimerEvent: {}
[566.482058] (-) TimerEvent: {}
[566.582772] (-) TimerEvent: {}
[566.683521] (-) TimerEvent: {}
[566.784358] (-) TimerEvent: {}
[566.885143] (-) TimerEvent: {}
[566.985937] (-) TimerEvent: {}
[567.086711] (-) TimerEvent: {}
[567.187491] (-) TimerEvent: {}
[567.288294] (-) TimerEvent: {}
[567.389009] (-) TimerEvent: {}
[567.489724] (-) TimerEvent: {}
[567.590418] (-) TimerEvent: {}
[567.691191] (-) TimerEvent: {}
[567.792187] (-) TimerEvent: {}
[567.893094] (-) TimerEvent: {}
[567.993893] (-) TimerEvent: {}
[568.094829] (-) TimerEvent: {}
[568.195652] (-) TimerEvent: {}
[568.296561] (-) TimerEvent: {}
[568.397315] (-) TimerEvent: {}
[568.498061] (-) TimerEvent: {}
[568.598856] (-) TimerEvent: {}
[568.699598] (-) TimerEvent: {}
[568.800443] (-) TimerEvent: {}
[568.901154] (-) TimerEvent: {}
[569.001911] (-) TimerEvent: {}
[569.102677] (-) TimerEvent: {}
[569.203495] (-) TimerEvent: {}
[569.304310] (-) TimerEvent: {}
[569.405042] (-) TimerEvent: {}
[569.505811] (-) TimerEvent: {}
[569.606592] (-) TimerEvent: {}
[569.707372] (-) TimerEvent: {}
[569.808292] (-) TimerEvent: {}
[569.909088] (-) TimerEvent: {}
[570.009806] (-) TimerEvent: {}
[570.110539] (-) TimerEvent: {}
[570.211258] (-) TimerEvent: {}
[570.312127] (-) TimerEvent: {}
[570.412941] (-) TimerEvent: {}
[570.513803] (-) TimerEvent: {}
[570.614595] (-) TimerEvent: {}
[570.715355] (-) TimerEvent: {}
[570.816147] (-) TimerEvent: {}
[570.916986] (-) TimerEvent: {}
[571.017778] (-) TimerEvent: {}
[571.118491] (-) TimerEvent: {}
[571.219226] (-) TimerEvent: {}
[571.319965] (-) TimerEvent: {}
[571.420867] (-) TimerEvent: {}
[571.502603] (micro_ros_agent) StdoutLine: {'line': b'[100%] \x1b[32m\x1b[1mLinking CXX shared library libmicroxrcedds_agent.so\x1b[0m\n'}
[571.521070] (-) TimerEvent: {}
[571.622035] (-) TimerEvent: {}
[571.723013] (-) TimerEvent: {}
[571.824005] (-) TimerEvent: {}
[571.925028] (-) TimerEvent: {}
[572.026275] (-) TimerEvent: {}
[572.127140] (-) TimerEvent: {}
[572.227969] (-) TimerEvent: {}
[572.328665] (-) TimerEvent: {}
[572.429361] (-) TimerEvent: {}
[572.530186] (-) TimerEvent: {}
[572.630944] (-) TimerEvent: {}
[572.731644] (-) TimerEvent: {}
[572.832415] (-) TimerEvent: {}
[572.908711] (micro_ros_agent) StdoutLine: {'line': b'[100%] Built target microxrcedds_agent\n'}
[572.932721] (-) TimerEvent: {}
[573.012624] (micro_ros_agent) StdoutLine: {'line': b"\x1b[34m\x1b[1mNo install step for 'uagent'\x1b[0m\n"}
[573.032956] (-) TimerEvent: {}
[573.111486] (micro_ros_agent) StdoutLine: {'line': b"\x1b[34m\x1b[1mCompleted 'uagent'\x1b[0m\n"}
[573.133184] (-) TimerEvent: {}
[573.234027] (-) TimerEvent: {}
[573.237347] (micro_ros_agent) StdoutLine: {'line': b'Built target uagent\n'}
[573.334269] (-) TimerEvent: {}
[573.341654] (micro_ros_agent) StdoutLine: {'line': b"[ 43%] \x1b[34m\x1b[1mPerforming install step for 'xrceagent'\x1b[0m\n"}
[573.434471] (-) TimerEvent: {}
[573.515418] (micro_ros_agent) StdoutLine: {'line': b'\x1b[35m\x1b[1mConsolidate compiler generated dependencies of target microxrcedds_agent\x1b[0m\n'}
[573.534686] (-) TimerEvent: {}
[573.635394] (-) TimerEvent: {}
[573.736081] (-) TimerEvent: {}
[573.836854] (-) TimerEvent: {}
[573.838787] (micro_ros_agent) StdoutLine: {'line': b'[100%] Built target microxrcedds_agent\n'}
[573.930014] (micro_ros_agent) StdoutLine: {'line': b'\x1b[36mInstall the project...\x1b[0m\n'}
[573.937037] (-) TimerEvent: {}
[573.960821] (micro_ros_agent) StdoutLine: {'line': b'-- Install configuration: "Release"\n'}
[573.961613] (micro_ros_agent) StdoutLine: {'line': b'-- Installing: /home/ubuntu/uav_landing_sim_wg/install/micro_ros_agent/lib/libmicroxrcedds_agent.so.2.4.2\n'}
[573.984211] (micro_ros_agent) StdoutLine: {'line': b'-- Installing: /home/ubuntu/uav_landing_sim_wg/install/micro_ros_agent/lib/libmicroxrcedds_agent.so.2.4\n'}
[573.986169] (micro_ros_agent) StdoutLine: {'line': b'-- Set runtime path of "/home/ubuntu/uav_landing_sim_wg/install/micro_ros_agent/lib/libmicroxrcedds_agent.so.2.4.2" to ""\n'}
[573.986749] (micro_ros_agent) StdoutLine: {'line': b'-- Installing: /home/ubuntu/uav_landing_sim_wg/install/micro_ros_agent/lib/libmicroxrcedds_agent.so\n'}
[573.987283] (micro_ros_agent) StdoutLine: {'line': b'-- Installing: /home/ubuntu/uav_landing_sim_wg/install/micro_ros_agent/include/uxr/agent\n'}
[573.988270] (micro_ros_agent) StdoutLine: {'line': b'-- Installing: /home/ubuntu/uav_landing_sim_wg/install/micro_ros_agent/include/uxr/agent/client\n'}
[573.988859] (micro_ros_agent) StdoutLine: {'line': b'-- Installing: /home/ubuntu/uav_landing_sim_wg/install/micro_ros_agent/include/uxr/agent/client/session\n'}
[573.989611] (micro_ros_agent) StdoutLine: {'line': b'-- Installing: /home/ubuntu/uav_landing_sim_wg/install/micro_ros_agent/include/uxr/agent/client/session/Session.hpp\n'}
[573.990783] (micro_ros_agent) StdoutLine: {'line': b'-- Installing: /home/ubuntu/uav_landing_sim_wg/install/micro_ros_agent/include/uxr/agent/client/session/stream\n'}
[573.991508] (micro_ros_agent) StdoutLine: {'line': b'-- Installing: /home/ubuntu/uav_landing_sim_wg/install/micro_ros_agent/include/uxr/agent/client/session/stream/OutputStream.hpp\n'}
[573.992803] (micro_ros_agent) StdoutLine: {'line': b'-- Installing: /home/ubuntu/uav_landing_sim_wg/install/micro_ros_agent/include/uxr/agent/client/session/stream/InputStream.hpp\n'}
[573.994065] (micro_ros_agent) StdoutLine: {'line': b'-- Installing: /home/ubuntu/uav_landing_sim_wg/install/micro_ros_agent/include/uxr/agent/client/session/SessionInfo.hpp\n'}
[573.995129] (micro_ros_agent) StdoutLine: {'line': b'-- Installing: /home/ubuntu/uav_landing_sim_wg/install/micro_ros_agent/include/uxr/agent/client/ProxyClient.hpp\n'}
[573.996160] (micro_ros_agent) StdoutLine: {'line': b'-- Installing: /home/ubuntu/uav_landing_sim_wg/install/micro_ros_agent/include/uxr/agent/subscriber\n'}
[573.996897] (micro_ros_agent) StdoutLine: {'line': b'-- Installing: /home/ubuntu/uav_landing_sim_wg/install/micro_ros_agent/include/uxr/agent/subscriber/Subscriber.hpp\n'}
[573.997906] (micro_ros_agent) StdoutLine: {'line': b'-- Installing: /home/ubuntu/uav_landing_sim_wg/install/micro_ros_agent/include/uxr/agent/topic\n'}
[573.998546] (micro_ros_agent) StdoutLine: {'line': b'-- Installing: /home/ubuntu/uav_landing_sim_wg/install/micro_ros_agent/include/uxr/agent/topic/Topic.hpp\n'}
[573.999608] (micro_ros_agent) StdoutLine: {'line': b'-- Installing: /home/ubuntu/uav_landing_sim_wg/install/micro_ros_agent/include/uxr/agent/participant\n'}
[574.000284] (micro_ros_agent) StdoutLine: {'line': b'-- Installing: /home/ubuntu/uav_landing_sim_wg/install/micro_ros_agent/include/uxr/agent/participant/Participant.hpp\n'}
[574.001373] (micro_ros_agent) StdoutLine: {'line': b'-- Installing: /home/ubuntu/uav_landing_sim_wg/install/micro_ros_agent/include/uxr/agent/reader\n'}
[574.001970] (micro_ros_agent) StdoutLine: {'line': b'-- Installing: /home/ubuntu/uav_landing_sim_wg/install/micro_ros_agent/include/uxr/agent/reader/Reader.hpp\n'}
[574.003006] (micro_ros_agent) StdoutLine: {'line': b'-- Installing: /home/ubuntu/uav_landing_sim_wg/install/micro_ros_agent/include/uxr/agent/object\n'}
[574.003755] (micro_ros_agent) StdoutLine: {'line': b'-- Installing: /home/ubuntu/uav_landing_sim_wg/install/micro_ros_agent/include/uxr/agent/object/XRCEObject.hpp\n'}
[574.004800] (micro_ros_agent) StdoutLine: {'line': b'-- Installing: /home/ubuntu/uav_landing_sim_wg/install/micro_ros_agent/include/uxr/agent/requester\n'}
[574.005447] (micro_ros_agent) StdoutLine: {'line': b'-- Installing: /home/ubuntu/uav_landing_sim_wg/install/micro_ros_agent/include/uxr/agent/requester/Requester.hpp\n'}
[574.006473] (micro_ros_agent) StdoutLine: {'line': b'-- Installing: /home/ubuntu/uav_landing_sim_wg/install/micro_ros_agent/include/uxr/agent/publisher\n'}
[574.007097] (micro_ros_agent) StdoutLine: {'line': b'-- Installing: /home/ubuntu/uav_landing_sim_wg/install/micro_ros_agent/include/uxr/agent/publisher/Publisher.hpp\n'}
[574.008173] (micro_ros_agent) StdoutLine: {'line': b'-- Installing: /home/ubuntu/uav_landing_sim_wg/install/micro_ros_agent/include/uxr/agent/message\n'}
[574.008930] (micro_ros_agent) StdoutLine: {'line': b'-- Installing: /home/ubuntu/uav_landing_sim_wg/install/micro_ros_agent/include/uxr/agent/message/Packet.hpp\n'}
[574.009984] (micro_ros_agent) StdoutLine: {'line': b'-- Installing: /home/ubuntu/uav_landing_sim_wg/install/micro_ros_agent/include/uxr/agent/message/OutputMessage.hpp\n'}
[574.011054] (micro_ros_agent) StdoutLine: {'line': b'-- Installing: /home/ubuntu/uav_landing_sim_wg/install/micro_ros_agent/include/uxr/agent/message/InputMessage.hpp\n'}
[574.012057] (micro_ros_agent) StdoutLine: {'line': b'-- Installing: /home/ubuntu/uav_landing_sim_wg/install/micro_ros_agent/include/uxr/agent/scheduler\n'}
[574.012856] (micro_ros_agent) StdoutLine: {'line': b'-- Installing: /home/ubuntu/uav_landing_sim_wg/install/micro_ros_agent/include/uxr/agent/scheduler/PacketScheduler.hpp\n'}
[574.013947] (micro_ros_agent) StdoutLine: {'line': b'-- Installing: /home/ubuntu/uav_landing_sim_wg/install/micro_ros_agent/include/uxr/agent/scheduler/Scheduler.hpp\n'}
[574.014911] (micro_ros_agent) StdoutLine: {'line': b'-- Installing: /home/ubuntu/uav_landing_sim_wg/install/micro_ros_agent/include/uxr/agent/processor\n'}
[574.015547] (micro_ros_agent) StdoutLine: {'line': b'-- Installing: /home/ubuntu/uav_landing_sim_wg/install/micro_ros_agent/include/uxr/agent/processor/Processor.hpp\n'}
[574.016660] (micro_ros_agent) StdoutLine: {'line': b'-- Installing: /home/ubuntu/uav_landing_sim_wg/install/micro_ros_agent/include/uxr/agent/p2p\n'}
[574.017390] (micro_ros_agent) StdoutLine: {'line': b'-- Installing: /home/ubuntu/uav_landing_sim_wg/install/micro_ros_agent/include/uxr/agent/p2p/InternalClientManager.hpp\n'}
[574.018528] (micro_ros_agent) StdoutLine: {'line': b'-- Installing: /home/ubuntu/uav_landing_sim_wg/install/micro_ros_agent/include/uxr/agent/p2p/InternalClient.hpp\n'}
[574.019484] (micro_ros_agent) StdoutLine: {'line': b'-- Installing: /home/ubuntu/uav_landing_sim_wg/install/micro_ros_agent/include/uxr/agent/Agent.hpp\n'}
[574.020681] (micro_ros_agent) StdoutLine: {'line': b'-- Installing: /home/ubuntu/uav_landing_sim_wg/install/micro_ros_agent/include/uxr/agent/Root.hpp\n'}
[574.021697] (micro_ros_agent) StdoutLine: {'line': b'-- Installing: /home/ubuntu/uav_landing_sim_wg/install/micro_ros_agent/include/uxr/agent/middleware\n'}
[574.022405] (micro_ros_agent) StdoutLine: {'line': b'-- Installing: /home/ubuntu/uav_landing_sim_wg/install/micro_ros_agent/include/uxr/agent/middleware/fastdds\n'}
[574.023070] (micro_ros_agent) StdoutLine: {'line': b'-- Installing: /home/ubuntu/uav_landing_sim_wg/install/micro_ros_agent/include/uxr/agent/middleware/fastdds/FastDDSMiddleware.hpp\n'}
[574.024345] (micro_ros_agent) StdoutLine: {'line': b'-- Installing: /home/ubuntu/uav_landing_sim_wg/install/micro_ros_agent/include/uxr/agent/middleware/fastdds/FastDDSEntities.hpp\n'}
[574.025652] (micro_ros_agent) StdoutLine: {'line': b'-- Installing: /home/ubuntu/uav_landing_sim_wg/install/micro_ros_agent/include/uxr/agent/middleware/utils\n'}
[574.026348] (micro_ros_agent) StdoutLine: {'line': b'-- Installing: /home/ubuntu/uav_landing_sim_wg/install/micro_ros_agent/include/uxr/agent/middleware/utils/Callbacks.hpp\n'}
[574.027756] (micro_ros_agent) StdoutLine: {'line': b'-- Installing: /home/ubuntu/uav_landing_sim_wg/install/micro_ros_agent/include/uxr/agent/middleware/ced\n'}
[574.028451] (micro_ros_agent) StdoutLine: {'line': b'-- Installing: /home/ubuntu/uav_landing_sim_wg/install/micro_ros_agent/include/uxr/agent/middleware/ced/CedEntities.hpp\n'}
[574.029664] (micro_ros_agent) StdoutLine: {'line': b'-- Installing: /home/ubuntu/uav_landing_sim_wg/install/micro_ros_agent/include/uxr/agent/middleware/ced/CedMiddleware.hpp\n'}
[574.030936] (micro_ros_agent) StdoutLine: {'line': b'-- Installing: /home/ubuntu/uav_landing_sim_wg/install/micro_ros_agent/include/uxr/agent/middleware/fast\n'}
[574.031651] (micro_ros_agent) StdoutLine: {'line': b'-- Installing: /home/ubuntu/uav_landing_sim_wg/install/micro_ros_agent/include/uxr/agent/middleware/fast/FastMiddleware.hpp\n'}
[574.032961] (micro_ros_agent) StdoutLine: {'line': b'-- Installing: /home/ubuntu/uav_landing_sim_wg/install/micro_ros_agent/include/uxr/agent/middleware/fast/FastEntities.hpp\n'}
[574.034118] (micro_ros_agent) StdoutLine: {'line': b'-- Installing: /home/ubuntu/uav_landing_sim_wg/install/micro_ros_agent/include/uxr/agent/middleware/Middleware.hpp\n'}
[574.035196] (micro_ros_agent) StdoutLine: {'line': b'-- Installing: /home/ubuntu/uav_landing_sim_wg/install/micro_ros_agent/include/uxr/agent/AgentInstance.hpp\n'}
[574.036248] (micro_ros_agent) StdoutLine: {'line': b'-- Installing: /home/ubuntu/uav_landing_sim_wg/install/micro_ros_agent/include/uxr/agent/types\n'}
[574.036969] (micro_ros_agent) StdoutLine: {'line': b'-- Installing: /home/ubuntu/uav_landing_sim_wg/install/micro_ros_agent/include/uxr/agent/types/MessageHeader.hpp\n'}
[574.037294] (-) TimerEvent: {}
[574.038165] (micro_ros_agent) StdoutLine: {'line': b'-- Installing: /home/ubuntu/uav_landing_sim_wg/install/micro_ros_agent/include/uxr/agent/types/TopicPubSubType.hpp\n'}
[574.039229] (micro_ros_agent) StdoutLine: {'line': b'-- Installing: /home/ubuntu/uav_landing_sim_wg/install/micro_ros_agent/include/uxr/agent/types/XRCETypes.hpp\n'}
[574.043395] (micro_ros_agent) StdoutLine: {'line': b'-- Installing: /home/ubuntu/uav_landing_sim_wg/install/micro_ros_agent/include/uxr/agent/types/SubMessageHeader.hpp\n'}
[574.044449] (micro_ros_agent) StdoutLine: {'line': b'-- Installing: /home/ubuntu/uav_landing_sim_wg/install/micro_ros_agent/include/uxr/agent/types/Optional.hpp\n'}
[574.045406] (micro_ros_agent) StdoutLine: {'line': b'-- Installing: /home/ubuntu/uav_landing_sim_wg/install/micro_ros_agent/include/uxr/agent/datawriter\n'}
[574.046065] (micro_ros_agent) StdoutLine: {'line': b'-- Installing: /home/ubuntu/uav_landing_sim_wg/install/micro_ros_agent/include/uxr/agent/datawriter/DataWriter.hpp\n'}
[574.047092] (micro_ros_agent) StdoutLine: {'line': b'-- Installing: /home/ubuntu/uav_landing_sim_wg/install/micro_ros_agent/include/uxr/agent/logger\n'}
[574.047780] (micro_ros_agent) StdoutLine: {'line': b'-- Installing: /home/ubuntu/uav_landing_sim_wg/install/micro_ros_agent/include/uxr/agent/logger/Logger.hpp\n'}
[574.049038] (micro_ros_agent) StdoutLine: {'line': b'-- Installing: /home/ubuntu/uav_landing_sim_wg/install/micro_ros_agent/include/uxr/agent/visibility.hpp\n'}
[574.049979] (micro_ros_agent) StdoutLine: {'line': b'-- Installing: /home/ubuntu/uav_landing_sim_wg/install/micro_ros_agent/include/uxr/agent/transport\n'}
[574.050676] (micro_ros_agent) StdoutLine: {'line': b'-- Installing: /home/ubuntu/uav_landing_sim_wg/install/micro_ros_agent/include/uxr/agent/transport/udp\n'}
[574.051361] (micro_ros_agent) StdoutLine: {'line': b'-- Installing: /home/ubuntu/uav_landing_sim_wg/install/micro_ros_agent/include/uxr/agent/transport/udp/UDPv6AgentWindows.hpp\n'}
[574.052621] (micro_ros_agent) StdoutLine: {'line': b'-- Installing: /home/ubuntu/uav_landing_sim_wg/install/micro_ros_agent/include/uxr/agent/transport/udp/UDPv4AgentWindows.hpp\n'}
[574.053683] (micro_ros_agent) StdoutLine: {'line': b'-- Installing: /home/ubuntu/uav_landing_sim_wg/install/micro_ros_agent/include/uxr/agent/transport/udp/UDPv6AgentLinux.hpp\n'}
[574.054729] (micro_ros_agent) StdoutLine: {'line': b'-- Installing: /home/ubuntu/uav_landing_sim_wg/install/micro_ros_agent/include/uxr/agent/transport/udp/UDPv4AgentLinux.hpp\n'}
[574.055765] (micro_ros_agent) StdoutLine: {'line': b'-- Installing: /home/ubuntu/uav_landing_sim_wg/install/micro_ros_agent/include/uxr/agent/transport/stream_framing\n'}
[574.056637] (micro_ros_agent) StdoutLine: {'line': b'-- Installing: /home/ubuntu/uav_landing_sim_wg/install/micro_ros_agent/include/uxr/agent/transport/stream_framing/StreamFramingProtocol.hpp\n'}
[574.057804] (micro_ros_agent) StdoutLine: {'line': b'-- Installing: /home/ubuntu/uav_landing_sim_wg/install/micro_ros_agent/include/uxr/agent/transport/tcp\n'}
[574.058501] (micro_ros_agent) StdoutLine: {'line': b'-- Installing: /home/ubuntu/uav_landing_sim_wg/install/micro_ros_agent/include/uxr/agent/transport/tcp/TCPv4AgentWindows.hpp\n'}
[574.059614] (micro_ros_agent) StdoutLine: {'line': b'-- Installing: /home/ubuntu/uav_landing_sim_wg/install/micro_ros_agent/include/uxr/agent/transport/tcp/TCPv6AgentWindows.hpp\n'}
[574.060716] (micro_ros_agent) StdoutLine: {'line': b'-- Installing: /home/ubuntu/uav_landing_sim_wg/install/micro_ros_agent/include/uxr/agent/transport/tcp/TCPv6AgentLinux.hpp\n'}
[574.061862] (micro_ros_agent) StdoutLine: {'line': b'-- Installing: /home/ubuntu/uav_landing_sim_wg/install/micro_ros_agent/include/uxr/agent/transport/tcp/TCPv4AgentLinux.hpp\n'}
[574.062898] (micro_ros_agent) StdoutLine: {'line': b'-- Installing: /home/ubuntu/uav_landing_sim_wg/install/micro_ros_agent/include/uxr/agent/transport/tcp/TCPServerBase.hpp\n'}
[574.063972] (micro_ros_agent) StdoutLine: {'line': b'-- Installing: /home/ubuntu/uav_landing_sim_wg/install/micro_ros_agent/include/uxr/agent/transport/tcp/TCPConnection.hpp\n'}
[574.065129] (micro_ros_agent) StdoutLine: {'line': b'-- Installing: /home/ubuntu/uav_landing_sim_wg/install/micro_ros_agent/include/uxr/agent/transport/SessionManager.hpp\n'}
[574.066191] (micro_ros_agent) StdoutLine: {'line': b'-- Installing: /home/ubuntu/uav_landing_sim_wg/install/micro_ros_agent/include/uxr/agent/transport/can\n'}
[574.066865] (micro_ros_agent) StdoutLine: {'line': b'-- Installing: /home/ubuntu/uav_landing_sim_wg/install/micro_ros_agent/include/uxr/agent/transport/can/CanAgentLinux.hpp\n'}
[574.067930] (micro_ros_agent) StdoutLine: {'line': b'-- Installing: /home/ubuntu/uav_landing_sim_wg/install/micro_ros_agent/include/uxr/agent/transport/endpoint\n'}
[574.068720] (micro_ros_agent) StdoutLine: {'line': b'-- Installing: /home/ubuntu/uav_landing_sim_wg/install/micro_ros_agent/include/uxr/agent/transport/endpoint/CanEndPoint.hpp\n'}
[574.069820] (micro_ros_agent) StdoutLine: {'line': b'-- Installing: /home/ubuntu/uav_landing_sim_wg/install/micro_ros_agent/include/uxr/agent/transport/endpoint/IPv4EndPoint.hpp\n'}
[574.070979] (micro_ros_agent) StdoutLine: {'line': b'-- Installing: /home/ubuntu/uav_landing_sim_wg/install/micro_ros_agent/include/uxr/agent/transport/endpoint/MultiSerialEndPoint.hpp\n'}
[574.072049] (micro_ros_agent) StdoutLine: {'line': b'-- Installing: /home/ubuntu/uav_landing_sim_wg/install/micro_ros_agent/include/uxr/agent/transport/endpoint/IPv6EndPoint.hpp\n'}
[574.073153] (micro_ros_agent) StdoutLine: {'line': b'-- Installing: /home/ubuntu/uav_landing_sim_wg/install/micro_ros_agent/include/uxr/agent/transport/endpoint/SerialEndPoint.hpp\n'}
[574.074205] (micro_ros_agent) StdoutLine: {'line': b'-- Installing: /home/ubuntu/uav_landing_sim_wg/install/micro_ros_agent/include/uxr/agent/transport/endpoint/CustomEndPoint.hpp\n'}
[574.075419] (micro_ros_agent) StdoutLine: {'line': b'-- Installing: /home/ubuntu/uav_landing_sim_wg/install/micro_ros_agent/include/uxr/agent/transport/custom\n'}
[574.076082] (micro_ros_agent) StdoutLine: {'line': b'-- Installing: /home/ubuntu/uav_landing_sim_wg/install/micro_ros_agent/include/uxr/agent/transport/custom/CustomAgent.hpp\n'}
[574.077249] (micro_ros_agent) StdoutLine: {'line': b'-- Installing: /home/ubuntu/uav_landing_sim_wg/install/micro_ros_agent/include/uxr/agent/transport/p2p\n'}
[574.077927] (micro_ros_agent) StdoutLine: {'line': b'-- Installing: /home/ubuntu/uav_landing_sim_wg/install/micro_ros_agent/include/uxr/agent/transport/p2p/AgentDiscovererLinux.hpp\n'}
[574.079075] (micro_ros_agent) StdoutLine: {'line': b'-- Installing: /home/ubuntu/uav_landing_sim_wg/install/micro_ros_agent/include/uxr/agent/transport/p2p/AgentDiscoverer.hpp\n'}
[574.080147] (micro_ros_agent) StdoutLine: {'line': b'-- Installing: /home/ubuntu/uav_landing_sim_wg/install/micro_ros_agent/include/uxr/agent/transport/util\n'}
[574.081029] (micro_ros_agent) StdoutLine: {'line': b'-- Installing: /home/ubuntu/uav_landing_sim_wg/install/micro_ros_agent/include/uxr/agent/transport/util/InterfaceWindows.hpp\n'}
[574.082143] (micro_ros_agent) StdoutLine: {'line': b'-- Installing: /home/ubuntu/uav_landing_sim_wg/install/micro_ros_agent/include/uxr/agent/transport/util/InterfaceLinux.hpp\n'}
[574.083171] (micro_ros_agent) StdoutLine: {'line': b'-- Installing: /home/ubuntu/uav_landing_sim_wg/install/micro_ros_agent/include/uxr/agent/transport/discovery\n'}
[574.083853] (micro_ros_agent) StdoutLine: {'line': b'-- Installing: /home/ubuntu/uav_landing_sim_wg/install/micro_ros_agent/include/uxr/agent/transport/discovery/DiscoveryServer.hpp\n'}
[574.085150] (micro_ros_agent) StdoutLine: {'line': b'-- Installing: /home/ubuntu/uav_landing_sim_wg/install/micro_ros_agent/include/uxr/agent/transport/discovery/DiscoveryServerLinux.hpp\n'}
[574.086230] (micro_ros_agent) StdoutLine: {'line': b'-- Installing: /home/ubuntu/uav_landing_sim_wg/install/micro_ros_agent/include/uxr/agent/transport/discovery/DiscoveryServerWindows.hpp\n'}
[574.087304] (micro_ros_agent) StdoutLine: {'line': b'-- Installing: /home/ubuntu/uav_landing_sim_wg/install/micro_ros_agent/include/uxr/agent/transport/serial\n'}
[574.088029] (micro_ros_agent) StdoutLine: {'line': b'-- Installing: /home/ubuntu/uav_landing_sim_wg/install/micro_ros_agent/include/uxr/agent/transport/serial/SerialAgentLinux.hpp\n'}
[574.089358] (micro_ros_agent) StdoutLine: {'line': b'-- Installing: /home/ubuntu/uav_landing_sim_wg/install/micro_ros_agent/include/uxr/agent/transport/serial/TermiosAgentLinux.hpp\n'}
[574.090451] (micro_ros_agent) StdoutLine: {'line': b'-- Installing: /home/ubuntu/uav_landing_sim_wg/install/micro_ros_agent/include/uxr/agent/transport/serial/PseudoTerminalAgentLinux.hpp\n'}
[574.091582] (micro_ros_agent) StdoutLine: {'line': b'-- Installing: /home/ubuntu/uav_landing_sim_wg/install/micro_ros_agent/include/uxr/agent/transport/serial/MultiTermiosAgentLinux.hpp\n'}
[574.092682] (micro_ros_agent) StdoutLine: {'line': b'-- Installing: /home/ubuntu/uav_landing_sim_wg/install/micro_ros_agent/include/uxr/agent/transport/serial/MultiSerialAgentLinux.hpp\n'}
[574.093818] (micro_ros_agent) StdoutLine: {'line': b'-- Installing: /home/ubuntu/uav_landing_sim_wg/install/micro_ros_agent/include/uxr/agent/transport/serial/baud_rate_table_linux.h\n'}
[574.094929] (micro_ros_agent) StdoutLine: {'line': b'-- Installing: /home/ubuntu/uav_landing_sim_wg/install/micro_ros_agent/include/uxr/agent/transport/TransportRc.hpp\n'}
[574.095939] (micro_ros_agent) StdoutLine: {'line': b'-- Installing: /home/ubuntu/uav_landing_sim_wg/install/micro_ros_agent/include/uxr/agent/transport/Server.hpp\n'}
[574.096929] (micro_ros_agent) StdoutLine: {'line': b'-- Installing: /home/ubuntu/uav_landing_sim_wg/install/micro_ros_agent/include/uxr/agent/datareader\n'}
[574.097568] (micro_ros_agent) StdoutLine: {'line': b'-- Installing: /home/ubuntu/uav_landing_sim_wg/install/micro_ros_agent/include/uxr/agent/datareader/DataReader.hpp\n'}
[574.098659] (micro_ros_agent) StdoutLine: {'line': b'-- Installing: /home/ubuntu/uav_landing_sim_wg/install/micro_ros_agent/include/uxr/agent/utils\n'}
[574.099329] (micro_ros_agent) StdoutLine: {'line': b'-- Installing: /home/ubuntu/uav_landing_sim_wg/install/micro_ros_agent/include/uxr/agent/utils/SharedMutex.hpp\n'}
[574.100594] (micro_ros_agent) StdoutLine: {'line': b'-- Installing: /home/ubuntu/uav_landing_sim_wg/install/micro_ros_agent/include/uxr/agent/utils/Time.hpp\n'}
[574.101602] (micro_ros_agent) StdoutLine: {'line': b'-- Installing: /home/ubuntu/uav_landing_sim_wg/install/micro_ros_agent/include/uxr/agent/utils/TokenBucket.hpp\n'}
[574.102626] (micro_ros_agent) StdoutLine: {'line': b'-- Installing: /home/ubuntu/uav_landing_sim_wg/install/micro_ros_agent/include/uxr/agent/utils/Conversion.hpp\n'}
[574.103711] (micro_ros_agent) StdoutLine: {'line': b'-- Installing: /home/ubuntu/uav_landing_sim_wg/install/micro_ros_agent/include/uxr/agent/utils/Functions.hpp\n'}
[574.104724] (micro_ros_agent) StdoutLine: {'line': b'-- Installing: /home/ubuntu/uav_landing_sim_wg/install/micro_ros_agent/include/uxr/agent/utils/Color.hpp\n'}
[574.105722] (micro_ros_agent) StdoutLine: {'line': b'-- Installing: /home/ubuntu/uav_landing_sim_wg/install/micro_ros_agent/include/uxr/agent/utils/ArgumentParser.hpp\n'}
[574.106986] (micro_ros_agent) StdoutLine: {'line': b'-- Installing: /home/ubuntu/uav_landing_sim_wg/install/micro_ros_agent/include/uxr/agent/utils/SeqNum.hpp\n'}
[574.108024] (micro_ros_agent) StdoutLine: {'line': b'-- Installing: /home/ubuntu/uav_landing_sim_wg/install/micro_ros_agent/include/uxr/agent/utils/SharedMutexPriority.hpp\n'}
[574.109046] (micro_ros_agent) StdoutLine: {'line': b'-- Installing: /home/ubuntu/uav_landing_sim_wg/install/micro_ros_agent/include/uxr/agent/replier\n'}
[574.109775] (micro_ros_agent) StdoutLine: {'line': b'-- Installing: /home/ubuntu/uav_landing_sim_wg/install/micro_ros_agent/include/uxr/agent/replier/Replier.hpp\n'}
[574.111573] (micro_ros_agent) StdoutLine: {'line': b'-- Installing: /home/ubuntu/uav_landing_sim_wg/install/micro_ros_agent/share/microxrcedds_agent/cmake/microxrcedds_agentTargets.cmake\n'}
[574.113147] (micro_ros_agent) StdoutLine: {'line': b'-- Installing: /home/ubuntu/uav_landing_sim_wg/install/micro_ros_agent/share/microxrcedds_agent/cmake/microxrcedds_agentTargets-release.cmake\n'}
[574.114507] (micro_ros_agent) StdoutLine: {'line': b'-- Installing: /home/ubuntu/uav_landing_sim_wg/install/micro_ros_agent/include/uxr/agent/config.hpp\n'}
[574.115644] (micro_ros_agent) StdoutLine: {'line': b'-- Installing: /home/ubuntu/uav_landing_sim_wg/install/micro_ros_agent/share/microxrcedds_agent/LICENSE\n'}
[574.116948] (micro_ros_agent) StdoutLine: {'line': b'-- Installing: /home/ubuntu/uav_landing_sim_wg/install/micro_ros_agent/share/microxrcedds_agent/cmake/microxrcedds_agentConfig.cmake\n'}
[574.118062] (micro_ros_agent) StdoutLine: {'line': b'-- Installing: /home/ubuntu/uav_landing_sim_wg/install/micro_ros_agent/share/microxrcedds_agent/cmake/microxrcedds_agentConfigVersion.cmake\n'}
[574.137511] (-) TimerEvent: {}
[574.194839] (micro_ros_agent) StdoutLine: {'line': b"[ 50%] \x1b[34m\x1b[1mCompleted 'xrceagent'\x1b[0m\n"}
[574.237753] (-) TimerEvent: {}
[574.327611] (micro_ros_agent) StdoutLine: {'line': b'[ 50%] Built target xrceagent\n'}
[574.338053] (-) TimerEvent: {}
[574.420375] (micro_ros_agent) StdoutLine: {'line': b"[ 56%] \x1b[34m\x1b[1mCreating directories for 'micro_ros_agent'\x1b[0m\n"}
[574.438298] (-) TimerEvent: {}
[574.539156] (-) TimerEvent: {}
[574.639925] (-) TimerEvent: {}
[574.702240] (micro_ros_agent) StdoutLine: {'line': b"[ 62%] \x1b[34m\x1b[1mNo download step for 'micro_ros_agent'\x1b[0m\n"}
[574.740200] (-) TimerEvent: {}
[574.802573] (micro_ros_agent) StdoutLine: {'line': b"[ 68%] \x1b[34m\x1b[1mNo update step for 'micro_ros_agent'\x1b[0m\n"}
[574.840422] (-) TimerEvent: {}
[574.900928] (micro_ros_agent) StdoutLine: {'line': b"[ 75%] \x1b[34m\x1b[1mNo patch step for 'micro_ros_agent'\x1b[0m\n"}
[574.940627] (-) TimerEvent: {}
[575.001581] (micro_ros_agent) StdoutLine: {'line': b"[ 81%] \x1b[34m\x1b[1mPerforming configure step for 'micro_ros_agent'\x1b[0m\n"}
[575.040002] (micro_ros_agent) StdoutLine: {'line': b'loading initial cache file /home/ubuntu/uav_landing_sim_wg/build/micro_ros_agent/micro_ros_agent-prefix/tmp/micro_ros_agent-cache-.cmake\n'}
[575.040608] (-) TimerEvent: {}
[575.079114] (micro_ros_agent) StdoutLine: {'line': b'-- Found ament_cmake: 1.3.14 (/opt/ros/humble/share/ament_cmake/cmake)\n'}
[575.140821] (-) TimerEvent: {}
[575.241467] (-) TimerEvent: {}
[575.342088] (-) TimerEvent: {}
[575.442909] (-) TimerEvent: {}
[575.544205] (-) TimerEvent: {}
[575.645368] (-) TimerEvent: {}
[575.745993] (-) TimerEvent: {}
[575.817209] (micro_ros_agent) StdoutLine: {'line': b'-- Found Python3: /usr/bin/python3 (found version "3.10.12") found components: Interpreter \n'}
[575.846158] (-) TimerEvent: {}
[575.946818] (-) TimerEvent: {}
[576.047481] (-) TimerEvent: {}
[576.148117] (-) TimerEvent: {}
[576.248759] (-) TimerEvent: {}
[576.349383] (-) TimerEvent: {}
[576.450016] (-) TimerEvent: {}
[576.550655] (-) TimerEvent: {}
[576.651363] (-) TimerEvent: {}
[576.752270] (-) TimerEvent: {}
[576.847175] (micro_ros_agent) StdoutLine: {'line': b'-- Found OpenSSL: /usr/lib/aarch64-linux-gnu/libcrypto.so (found version "3.0.2")  \n'}
[576.852401] (-) TimerEvent: {}
[576.881754] (micro_ros_agent) StdoutLine: {'line': b'-- Looking for C++ include pthread.h\n'}
[576.952613] (-) TimerEvent: {}
[577.053360] (-) TimerEvent: {}
[577.154095] (-) TimerEvent: {}
[577.254880] (-) TimerEvent: {}
[577.288929] (micro_ros_agent) StdoutLine: {'line': b'-- Looking for C++ include pthread.h - found\n'}
[577.290497] (micro_ros_agent) StdoutLine: {'line': b'-- Performing Test CMAKE_HAVE_LIBC_PTHREAD\n'}
[577.355221] (-) TimerEvent: {}
[577.456149] (-) TimerEvent: {}
[577.556951] (-) TimerEvent: {}
[577.657719] (-) TimerEvent: {}
[577.695849] (micro_ros_agent) StdoutLine: {'line': b'-- Performing Test CMAKE_HAVE_LIBC_PTHREAD - Success\n'}
[577.700287] (micro_ros_agent) StdoutLine: {'line': b'-- Found Threads: TRUE  \n'}
[577.751007] (micro_ros_agent) StdoutLine: {'line': b'-- Found rosidl_cmake: 3.1.9 (/opt/ros/humble/share/rosidl_cmake/cmake)\n'}
[577.757823] (-) TimerEvent: {}
[577.772102] (micro_ros_agent) StdoutLine: {'line': b'-- Found rosidl_adapter: 3.1.9 (/opt/ros/humble/share/rosidl_adapter/cmake)\n'}
[577.858022] (-) TimerEvent: {}
[577.943883] (micro_ros_agent) StdoutLine: {'line': b'-- Found fastrtps_cmake_module: 2.2.4 (/opt/ros/humble/share/fastrtps_cmake_module/cmake)\n'}
[577.958145] (-) TimerEvent: {}
[577.966576] (micro_ros_agent) StdoutLine: {'line': b'-- Found rmw_dds_common: 1.6.0 (/opt/ros/humble/share/rmw_dds_common/cmake)\n'}
[578.058327] (-) TimerEvent: {}
[578.158990] (-) TimerEvent: {}
[578.226476] (micro_ros_agent) StdoutLine: {'line': b'-- Found rosidl_generator_c: 3.1.9 (/opt/ros/humble/share/rosidl_generator_c/cmake)\n'}
[578.259155] (-) TimerEvent: {}
[578.294875] (micro_ros_agent) StdoutLine: {'line': b'-- Found rosidl_generator_cpp: 3.1.9 (/opt/ros/humble/share/rosidl_generator_cpp/cmake)\n'}
[578.342754] (micro_ros_agent) StdoutLine: {'line': b'-- Using all available rosidl_typesupport_c: rosidl_typesupport_fastrtps_c;rosidl_typesupport_introspection_c\n'}
[578.359318] (-) TimerEvent: {}
[578.423803] (micro_ros_agent) StdoutLine: {'line': b'-- Using all available rosidl_typesupport_cpp: rosidl_typesupport_fastrtps_cpp;rosidl_typesupport_introspection_cpp\n'}
[578.459491] (-) TimerEvent: {}
[578.544988] (micro_ros_agent) StdoutLine: {'line': b'-- Found rmw_fastrtps_shared_cpp: 6.2.10 (/opt/ros/humble/share/rmw_fastrtps_shared_cpp/cmake)\n'}
[578.559731] (-) TimerEvent: {}
[578.660372] (-) TimerEvent: {}
[578.761028] (-) TimerEvent: {}
[578.861655] (-) TimerEvent: {}
[578.936303] (micro_ros_agent) StdoutLine: {'line': b'-- Found FastRTPS: /opt/ros/humble/include  \n'}
[578.957415] (micro_ros_agent) StdoutLine: {'line': b'-- Found ament_lint_auto: 0.12.15 (/opt/ros/humble/share/ament_lint_auto/cmake)\n'}
[578.961802] (-) TimerEvent: {}
[578.982693] (micro_ros_agent) StdoutLine: {'line': b'-- Found ament_cmake_gtest: 1.3.14 (/opt/ros/humble/share/ament_cmake_gtest/cmake)\n'}
[578.987131] (micro_ros_agent) StdoutLine: {'line': b'-- Found micro_ros_msgs: 3.0.1 (/home/ubuntu/uav_landing_sim_wg/install/micro_ros_msgs/share/micro_ros_msgs/cmake)\n'}
[579.061949] (-) TimerEvent: {}
[579.162649] (-) TimerEvent: {}
[579.263422] (-) TimerEvent: {}
[579.364416] (-) TimerEvent: {}
[579.458029] (micro_ros_agent) StdoutLine: {'line': b'-- Configuring done\n'}
[579.464532] (-) TimerEvent: {}
[579.514607] (micro_ros_agent) StdoutLine: {'line': b'-- Generating done\n'}
[579.529555] (micro_ros_agent) StdoutLine: {'line': b'-- Build files have been written to: /home/ubuntu/uav_landing_sim_wg/build/micro_ros_agent\n'}
[579.564726] (-) TimerEvent: {}
[579.618178] (micro_ros_agent) StdoutLine: {'line': b"[ 87%] \x1b[34m\x1b[1mPerforming build step for 'micro_ros_agent'\x1b[0m\n"}
[579.664902] (-) TimerEvent: {}
[579.765572] (-) TimerEvent: {}
[579.806870] (micro_ros_agent) StdoutLine: {'line': b'[ 16%] \x1b[32mBuilding CXX object CMakeFiles/micro_ros_agent.dir/src/main.cpp.o\x1b[0m\n'}
[579.865760] (-) TimerEvent: {}
[579.966442] (-) TimerEvent: {}
[580.067127] (-) TimerEvent: {}
[580.167853] (-) TimerEvent: {}
[580.268605] (-) TimerEvent: {}
[580.369278] (-) TimerEvent: {}
[580.469970] (-) TimerEvent: {}
[580.570691] (-) TimerEvent: {}
[580.671398] (-) TimerEvent: {}
[580.772109] (-) TimerEvent: {}
[580.872872] (-) TimerEvent: {}
[580.973550] (-) TimerEvent: {}
[581.074201] (-) TimerEvent: {}
[581.174888] (-) TimerEvent: {}
[581.275539] (-) TimerEvent: {}
[581.376300] (-) TimerEvent: {}
[581.477003] (-) TimerEvent: {}
[581.577715] (-) TimerEvent: {}
[581.678481] (-) TimerEvent: {}
[581.779237] (-) TimerEvent: {}
[581.880069] (-) TimerEvent: {}
[581.980901] (-) TimerEvent: {}
[582.081700] (-) TimerEvent: {}
[582.182385] (-) TimerEvent: {}
[582.283127] (-) TimerEvent: {}
[582.383884] (-) TimerEvent: {}
[582.484655] (-) TimerEvent: {}
[582.585383] (-) TimerEvent: {}
[582.686100] (-) TimerEvent: {}
[582.786840] (-) TimerEvent: {}
[582.887623] (-) TimerEvent: {}
[582.988435] (-) TimerEvent: {}
[583.089171] (-) TimerEvent: {}
[583.189882] (-) TimerEvent: {}
[583.290614] (-) TimerEvent: {}
[583.391386] (-) TimerEvent: {}
[583.492131] (-) TimerEvent: {}
[583.592914] (-) TimerEvent: {}
[583.693640] (-) TimerEvent: {}
[583.794373] (-) TimerEvent: {}
[583.895163] (-) TimerEvent: {}
[583.995988] (-) TimerEvent: {}
[584.097048] (-) TimerEvent: {}
[584.197787] (-) TimerEvent: {}
[584.298529] (-) TimerEvent: {}
[584.399263] (-) TimerEvent: {}
[584.499995] (-) TimerEvent: {}
[584.600805] (-) TimerEvent: {}
[584.701563] (-) TimerEvent: {}
[584.802293] (-) TimerEvent: {}
[584.903083] (-) TimerEvent: {}
[585.003860] (-) TimerEvent: {}
[585.104660] (-) TimerEvent: {}
[585.205391] (-) TimerEvent: {}
[585.306119] (-) TimerEvent: {}
[585.406883] (-) TimerEvent: {}
[585.507619] (-) TimerEvent: {}
[585.608407] (-) TimerEvent: {}
[585.709148] (-) TimerEvent: {}
[585.809883] (-) TimerEvent: {}
[585.910677] (-) TimerEvent: {}
[586.011432] (-) TimerEvent: {}
[586.112268] (-) TimerEvent: {}
[586.213048] (-) TimerEvent: {}
[586.313806] (-) TimerEvent: {}
[586.414569] (-) TimerEvent: {}
[586.515303] (-) TimerEvent: {}
[586.616043] (-) TimerEvent: {}
[586.716810] (-) TimerEvent: {}
[586.817540] (-) TimerEvent: {}
[586.918292] (-) TimerEvent: {}
[587.019041] (-) TimerEvent: {}
[587.119770] (-) TimerEvent: {}
[587.220557] (-) TimerEvent: {}
[587.321320] (-) TimerEvent: {}
[587.422080] (-) TimerEvent: {}
[587.522846] (-) TimerEvent: {}
[587.623604] (-) TimerEvent: {}
[587.724411] (-) TimerEvent: {}
[587.825167] (-) TimerEvent: {}
[587.925900] (-) TimerEvent: {}
[588.026650] (-) TimerEvent: {}
[588.127394] (-) TimerEvent: {}
[588.228165] (-) TimerEvent: {}
[588.328937] (-) TimerEvent: {}
[588.429633] (-) TimerEvent: {}
[588.530378] (-) TimerEvent: {}
[588.631126] (-) TimerEvent: {}
[588.731870] (-) TimerEvent: {}
[588.832619] (-) TimerEvent: {}
[588.933367] (-) TimerEvent: {}
[589.034090] (-) TimerEvent: {}
[589.134845] (-) TimerEvent: {}
[589.235680] (-) TimerEvent: {}
[589.336489] (-) TimerEvent: {}
[589.437231] (-) TimerEvent: {}
[589.537973] (-) TimerEvent: {}
[589.638716] (-) TimerEvent: {}
[589.739493] (-) TimerEvent: {}
[589.840273] (-) TimerEvent: {}
[589.940999] (-) TimerEvent: {}
[590.041722] (-) TimerEvent: {}
[590.142457] (-) TimerEvent: {}
[590.243230] (-) TimerEvent: {}
[590.343962] (-) TimerEvent: {}
[590.444734] (-) TimerEvent: {}
[590.545461] (-) TimerEvent: {}
[590.646207] (-) TimerEvent: {}
[590.746998] (-) TimerEvent: {}
[590.847758] (-) TimerEvent: {}
[590.948499] (-) TimerEvent: {}
[591.049183] (-) TimerEvent: {}
[591.149890] (-) TimerEvent: {}
[591.250651] (-) TimerEvent: {}
[591.351411] (-) TimerEvent: {}
[591.452124] (-) TimerEvent: {}
[591.552901] (-) TimerEvent: {}
[591.653613] (-) TimerEvent: {}
[591.754351] (-) TimerEvent: {}
[591.855104] (-) TimerEvent: {}
[591.955919] (-) TimerEvent: {}
[592.056887] (-) TimerEvent: {}
[592.157603] (-) TimerEvent: {}
[592.193816] (micro_ros_agent) StdoutLine: {'line': b'[ 33%] \x1b[32mBuilding CXX object CMakeFiles/micro_ros_agent.dir/src/agent/Agent.cpp.o\x1b[0m\n'}
[592.257801] (-) TimerEvent: {}
[592.358506] (-) TimerEvent: {}
[592.459246] (-) TimerEvent: {}
[592.559951] (-) TimerEvent: {}
[592.660735] (-) TimerEvent: {}
[592.761476] (-) TimerEvent: {}
[592.862140] (-) TimerEvent: {}
[592.962871] (-) TimerEvent: {}
[593.063579] (-) TimerEvent: {}
[593.164308] (-) TimerEvent: {}
[593.264990] (-) TimerEvent: {}
[593.365659] (-) TimerEvent: {}
[593.466320] (-) TimerEvent: {}
[593.567000] (-) TimerEvent: {}
[593.667683] (-) TimerEvent: {}
[593.768395] (-) TimerEvent: {}
[593.869094] (-) TimerEvent: {}
[593.969839] (-) TimerEvent: {}
[594.070629] (-) TimerEvent: {}
[594.171418] (-) TimerEvent: {}
[594.272150] (-) TimerEvent: {}
[594.373201] (-) TimerEvent: {}
[594.473970] (-) TimerEvent: {}
[594.574822] (-) TimerEvent: {}
[594.675638] (-) TimerEvent: {}
[594.776487] (-) TimerEvent: {}
[594.877265] (-) TimerEvent: {}
[594.977995] (-) TimerEvent: {}
[595.078777] (-) TimerEvent: {}
[595.179520] (-) TimerEvent: {}
[595.280334] (-) TimerEvent: {}
[595.381097] (-) TimerEvent: {}
[595.481896] (-) TimerEvent: {}
[595.582639] (-) TimerEvent: {}
[595.683382] (-) TimerEvent: {}
[595.784157] (-) TimerEvent: {}
[595.884959] (-) TimerEvent: {}
[595.985730] (-) TimerEvent: {}
[596.086608] (-) TimerEvent: {}
[596.187362] (-) TimerEvent: {}
[596.288208] (-) TimerEvent: {}
[596.388995] (-) TimerEvent: {}
[596.489719] (-) TimerEvent: {}
[596.590501] (-) TimerEvent: {}
[596.691303] (-) TimerEvent: {}
[596.792051] (-) TimerEvent: {}
[596.892809] (-) TimerEvent: {}
[596.993547] (-) TimerEvent: {}
[597.094288] (-) TimerEvent: {}
[597.195024] (-) TimerEvent: {}
[597.295775] (-) TimerEvent: {}
[597.396591] (-) TimerEvent: {}
[597.497337] (-) TimerEvent: {}
[597.598087] (-) TimerEvent: {}
[597.698798] (-) TimerEvent: {}
[597.799551] (-) TimerEvent: {}
[597.900325] (-) TimerEvent: {}
[598.001087] (-) TimerEvent: {}
[598.101823] (-) TimerEvent: {}
[598.202605] (-) TimerEvent: {}
[598.303388] (-) TimerEvent: {}
[598.404104] (-) TimerEvent: {}
[598.504882] (-) TimerEvent: {}
[598.605662] (-) TimerEvent: {}
[598.706417] (-) TimerEvent: {}
[598.807181] (-) TimerEvent: {}
[598.907900] (-) TimerEvent: {}
[599.008667] (-) TimerEvent: {}
[599.109498] (-) TimerEvent: {}
[599.210275] (-) TimerEvent: {}
[599.311058] (-) TimerEvent: {}
[599.412060] (-) TimerEvent: {}
[599.512892] (-) TimerEvent: {}
[599.613670] (-) TimerEvent: {}
[599.714432] (-) TimerEvent: {}
[599.815211] (-) TimerEvent: {}
[599.915956] (-) TimerEvent: {}
[600.016788] (-) TimerEvent: {}
[600.117515] (-) TimerEvent: {}
[600.218260] (-) TimerEvent: {}
[600.319056] (-) TimerEvent: {}
[600.419874] (-) TimerEvent: {}
[600.520680] (-) TimerEvent: {}
[600.621432] (-) TimerEvent: {}
[600.722186] (-) TimerEvent: {}
[600.822961] (-) TimerEvent: {}
[600.923718] (-) TimerEvent: {}
[601.024512] (-) TimerEvent: {}
[601.125245] (-) TimerEvent: {}
[601.226004] (-) TimerEvent: {}
[601.326827] (-) TimerEvent: {}
[601.427589] (-) TimerEvent: {}
[601.528393] (-) TimerEvent: {}
[601.629133] (-) TimerEvent: {}
[601.729869] (-) TimerEvent: {}
[601.830646] (-) TimerEvent: {}
[601.931408] (-) TimerEvent: {}
[602.032168] (-) TimerEvent: {}
[602.132945] (-) TimerEvent: {}
[602.233699] (-) TimerEvent: {}
[602.334440] (-) TimerEvent: {}
[602.435180] (-) TimerEvent: {}
[602.535973] (-) TimerEvent: {}
[602.636736] (-) TimerEvent: {}
[602.737485] (-) TimerEvent: {}
[602.838238] (-) TimerEvent: {}
[602.938988] (-) TimerEvent: {}
[603.039754] (-) TimerEvent: {}
[603.140576] (-) TimerEvent: {}
[603.241316] (-) TimerEvent: {}
[603.342055] (-) TimerEvent: {}
[603.442792] (-) TimerEvent: {}
[603.543629] (-) TimerEvent: {}
[603.644643] (-) TimerEvent: {}
[603.745393] (-) TimerEvent: {}
[603.846109] (-) TimerEvent: {}
[603.947120] (-) TimerEvent: {}
[604.048427] (-) TimerEvent: {}
[604.149127] (-) TimerEvent: {}
[604.249869] (-) TimerEvent: {}
[604.350616] (-) TimerEvent: {}
[604.451385] (-) TimerEvent: {}
[604.552124] (-) TimerEvent: {}
[604.652909] (-) TimerEvent: {}
[604.753665] (-) TimerEvent: {}
[604.854428] (-) TimerEvent: {}
[604.955184] (-) TimerEvent: {}
[605.055967] (-) TimerEvent: {}
[605.156764] (-) TimerEvent: {}
[605.257514] (-) TimerEvent: {}
[605.358268] (-) TimerEvent: {}
[605.459033] (-) TimerEvent: {}
[605.559775] (-) TimerEvent: {}
[605.660547] (-) TimerEvent: {}
[605.761270] (-) TimerEvent: {}
[605.862028] (-) TimerEvent: {}
[605.962755] (-) TimerEvent: {}
[606.063495] (-) TimerEvent: {}
[606.164264] (-) TimerEvent: {}
[606.265008] (-) TimerEvent: {}
[606.365814] (-) TimerEvent: {}
[606.442940] (micro_ros_agent) StdoutLine: {'line': b'[ 50%] \x1b[32mBuilding CXX object CMakeFiles/micro_ros_agent.dir/src/agent/graph_manager/graph_manager.cpp.o\x1b[0m\n'}
[606.466055] (-) TimerEvent: {}
[606.566956] (-) TimerEvent: {}
[606.667646] (-) TimerEvent: {}
[606.768376] (-) TimerEvent: {}
[606.869076] (-) TimerEvent: {}
[606.969755] (-) TimerEvent: {}
[607.070498] (-) TimerEvent: {}
[607.171213] (-) TimerEvent: {}
[607.271911] (-) TimerEvent: {}
[607.372614] (-) TimerEvent: {}
[607.473304] (-) TimerEvent: {}
[607.573993] (-) TimerEvent: {}
[607.674725] (-) TimerEvent: {}
[607.775512] (-) TimerEvent: {}
[607.876352] (-) TimerEvent: {}
[607.977134] (-) TimerEvent: {}
[608.077870] (-) TimerEvent: {}
[608.178621] (-) TimerEvent: {}
[608.279350] (-) TimerEvent: {}
[608.380106] (-) TimerEvent: {}
[608.481020] (-) TimerEvent: {}
[608.581779] (-) TimerEvent: {}
[608.682491] (-) TimerEvent: {}
[608.783222] (-) TimerEvent: {}
[608.883984] (-) TimerEvent: {}
[608.984768] (-) TimerEvent: {}
[609.085504] (-) TimerEvent: {}
[609.186351] (-) TimerEvent: {}
[609.287224] (-) TimerEvent: {}
[609.388001] (-) TimerEvent: {}
[609.489011] (-) TimerEvent: {}
[609.589770] (-) TimerEvent: {}
[609.690549] (-) TimerEvent: {}
[609.791403] (-) TimerEvent: {}
[609.892159] (-) TimerEvent: {}
[609.992951] (-) TimerEvent: {}
[610.093716] (-) TimerEvent: {}
[610.194480] (-) TimerEvent: {}
[610.295276] (-) TimerEvent: {}
[610.396022] (-) TimerEvent: {}
[610.496850] (-) TimerEvent: {}
[610.597622] (-) TimerEvent: {}
[610.698374] (-) TimerEvent: {}
[610.799137] (-) TimerEvent: {}
[610.899964] (-) TimerEvent: {}
[611.000788] (-) TimerEvent: {}
[611.101527] (-) TimerEvent: {}
[611.202275] (-) TimerEvent: {}
[611.303056] (-) TimerEvent: {}
[611.403802] (-) TimerEvent: {}
[611.504610] (-) TimerEvent: {}
[611.605347] (-) TimerEvent: {}
[611.706093] (-) TimerEvent: {}
[611.806879] (-) TimerEvent: {}
[611.907644] (-) TimerEvent: {}
[612.008437] (-) TimerEvent: {}
[612.109192] (-) TimerEvent: {}
[612.209947] (-) TimerEvent: {}
[612.310743] (-) TimerEvent: {}
[612.411500] (-) TimerEvent: {}
[612.512331] (-) TimerEvent: {}
[612.613109] (-) TimerEvent: {}
[612.713848] (-) TimerEvent: {}
[612.814607] (-) TimerEvent: {}
[612.915341] (-) TimerEvent: {}
[613.016113] (-) TimerEvent: {}
[613.116913] (-) TimerEvent: {}
[613.217655] (-) TimerEvent: {}
[613.318416] (-) TimerEvent: {}
[613.419159] (-) TimerEvent: {}
[613.519945] (-) TimerEvent: {}
[613.620740] (-) TimerEvent: {}
[613.721485] (-) TimerEvent: {}
[613.822251] (-) TimerEvent: {}
[613.923039] (-) TimerEvent: {}
[614.023882] (-) TimerEvent: {}
[614.124753] (-) TimerEvent: {}
[614.225519] (-) TimerEvent: {}
[614.326271] (-) TimerEvent: {}
[614.427024] (-) TimerEvent: {}
[614.527805] (-) TimerEvent: {}
[614.628699] (-) TimerEvent: {}
[614.729501] (-) TimerEvent: {}
[614.830386] (-) TimerEvent: {}
[614.931495] (-) TimerEvent: {}
[615.032315] (-) TimerEvent: {}
[615.133072] (-) TimerEvent: {}
[615.234110] (-) TimerEvent: {}
[615.334858] (-) TimerEvent: {}
[615.435590] (-) TimerEvent: {}
[615.536383] (-) TimerEvent: {}
[615.637112] (-) TimerEvent: {}
[615.737837] (-) TimerEvent: {}
[615.838581] (-) TimerEvent: {}
[615.939371] (-) TimerEvent: {}
[616.040172] (-) TimerEvent: {}
[616.140991] (-) TimerEvent: {}
[616.241741] (-) TimerEvent: {}
[616.342504] (-) TimerEvent: {}
[616.443248] (-) TimerEvent: {}
[616.543992] (-) TimerEvent: {}
[616.644774] (-) TimerEvent: {}
[616.745508] (-) TimerEvent: {}
[616.846240] (-) TimerEvent: {}
[616.946982] (-) TimerEvent: {}
[617.047760] (-) TimerEvent: {}
[617.148551] (-) TimerEvent: {}
[617.249280] (-) TimerEvent: {}
[617.350024] (-) TimerEvent: {}
[617.450759] (-) TimerEvent: {}
[617.551510] (-) TimerEvent: {}
[617.652303] (-) TimerEvent: {}
[617.753045] (-) TimerEvent: {}
[617.853782] (-) TimerEvent: {}
[617.954543] (-) TimerEvent: {}
[618.055316] (-) TimerEvent: {}
[618.156069] (-) TimerEvent: {}
[618.256865] (-) TimerEvent: {}
[618.357635] (-) TimerEvent: {}
[618.458536] (-) TimerEvent: {}
[618.559418] (-) TimerEvent: {}
[618.660138] (-) TimerEvent: {}
[618.760912] (-) TimerEvent: {}
[618.861664] (-) TimerEvent: {}
[618.962451] (-) TimerEvent: {}
[619.063240] (-) TimerEvent: {}
[619.164022] (-) TimerEvent: {}
[619.265139] (-) TimerEvent: {}
[619.366059] (-) TimerEvent: {}
[619.382806] (micro_ros_agent) StdoutLine: {'line': b'[ 66%] \x1b[32mBuilding CXX object CMakeFiles/micro_ros_agent.dir/src/agent/graph_manager/graph_typesupport.cpp.o\x1b[0m\n'}
[619.466263] (-) TimerEvent: {}
[619.567008] (-) TimerEvent: {}
[619.667896] (-) TimerEvent: {}
[619.768591] (-) TimerEvent: {}
[619.869283] (-) TimerEvent: {}
[619.969986] (-) TimerEvent: {}
[620.070663] (-) TimerEvent: {}
[620.171370] (-) TimerEvent: {}
[620.272087] (-) TimerEvent: {}
[620.372813] (-) TimerEvent: {}
[620.473489] (-) TimerEvent: {}
[620.574182] (-) TimerEvent: {}
[620.674958] (-) TimerEvent: {}
[620.775697] (-) TimerEvent: {}
[620.876423] (-) TimerEvent: {}
[620.977165] (-) TimerEvent: {}
[621.077920] (-) TimerEvent: {}
[621.178713] (-) TimerEvent: {}
[621.279413] (-) TimerEvent: {}
[621.380145] (-) TimerEvent: {}
[621.480902] (-) TimerEvent: {}
[621.581607] (-) TimerEvent: {}
[621.682337] (-) TimerEvent: {}
[621.783156] (-) TimerEvent: {}
[621.883848] (-) TimerEvent: {}
[621.984611] (-) TimerEvent: {}
[622.085403] (-) TimerEvent: {}
[622.186205] (-) TimerEvent: {}
[622.286958] (-) TimerEvent: {}
[622.387712] (-) TimerEvent: {}
[622.488434] (-) TimerEvent: {}
[622.589154] (-) TimerEvent: {}
[622.689879] (-) TimerEvent: {}
[622.790615] (-) TimerEvent: {}
[622.891399] (-) TimerEvent: {}
[622.992189] (-) TimerEvent: {}
[623.092959] (-) TimerEvent: {}
[623.193759] (-) TimerEvent: {}
[623.294507] (-) TimerEvent: {}
[623.395302] (-) TimerEvent: {}
[623.496065] (-) TimerEvent: {}
[623.596844] (-) TimerEvent: {}
[623.697593] (-) TimerEvent: {}
[623.798303] (-) TimerEvent: {}
[623.899044] (-) TimerEvent: {}
[623.999816] (-) TimerEvent: {}
[624.100667] (-) TimerEvent: {}
[624.201424] (-) TimerEvent: {}
[624.302166] (-) TimerEvent: {}
[624.402926] (-) TimerEvent: {}
[624.503696] (-) TimerEvent: {}
[624.604441] (-) TimerEvent: {}
[624.705304] (-) TimerEvent: {}
[624.806060] (-) TimerEvent: {}
[624.906807] (-) TimerEvent: {}
[625.007573] (-) TimerEvent: {}
[625.108351] (-) TimerEvent: {}
[625.209065] (-) TimerEvent: {}
[625.309807] (-) TimerEvent: {}
[625.410564] (-) TimerEvent: {}
[625.511294] (-) TimerEvent: {}
[625.612038] (-) TimerEvent: {}
[625.712807] (-) TimerEvent: {}
[625.813525] (-) TimerEvent: {}
[625.914228] (-) TimerEvent: {}
[626.014967] (-) TimerEvent: {}
[626.115674] (-) TimerEvent: {}
[626.216448] (-) TimerEvent: {}
[626.317159] (-) TimerEvent: {}
[626.417879] (-) TimerEvent: {}
[626.518637] (-) TimerEvent: {}
[626.619461] (-) TimerEvent: {}
[626.719323] (micro_ros_agent) StdoutLine: {'line': b'[ 83%] \x1b[32mBuilding CXX object CMakeFiles/micro_ros_agent.dir/src/agent/utils/demangle.cpp.o\x1b[0m\n'}
[626.719968] (-) TimerEvent: {}
[626.820704] (-) TimerEvent: {}
[626.921422] (-) TimerEvent: {}
[627.022110] (-) TimerEvent: {}
[627.122834] (-) TimerEvent: {}
[627.223521] (-) TimerEvent: {}
[627.324215] (-) TimerEvent: {}
[627.425046] (-) TimerEvent: {}
[627.525810] (-) TimerEvent: {}
[627.626583] (-) TimerEvent: {}
[627.727320] (-) TimerEvent: {}
[627.828114] (-) TimerEvent: {}
[627.928891] (-) TimerEvent: {}
[628.029645] (-) TimerEvent: {}
[628.130475] (-) TimerEvent: {}
[628.204615] (micro_ros_agent) StdoutLine: {'line': b'[100%] \x1b[32m\x1b[1mLinking CXX executable micro_ros_agent\x1b[0m\n'}
[628.230737] (-) TimerEvent: {}
[628.331830] (-) TimerEvent: {}
[628.433478] (-) TimerEvent: {}
[628.534345] (-) TimerEvent: {}
[628.635326] (-) TimerEvent: {}
[628.736413] (-) TimerEvent: {}
[628.837713] (-) TimerEvent: {}
[628.939057] (-) TimerEvent: {}
[629.040411] (-) TimerEvent: {}
[629.141581] (-) TimerEvent: {}
[629.242467] (-) TimerEvent: {}
[629.343364] (-) TimerEvent: {}
[629.444127] (-) TimerEvent: {}
[629.545008] (-) TimerEvent: {}
[629.646108] (-) TimerEvent: {}
[629.747086] (-) TimerEvent: {}
[629.847893] (-) TimerEvent: {}
[629.948563] (-) TimerEvent: {}
[629.960845] (micro_ros_agent) StdoutLine: {'line': b'[100%] Built target micro_ros_agent\n'}
[630.048808] (-) TimerEvent: {}
[630.064059] (micro_ros_agent) StdoutLine: {'line': b"\x1b[34m\x1b[1mNo install step for 'micro_ros_agent'\x1b[0m\n"}
[630.149028] (-) TimerEvent: {}
[630.164601] (micro_ros_agent) StdoutLine: {'line': b"\x1b[34m\x1b[1mCompleted 'micro_ros_agent'\x1b[0m\n"}
[630.249220] (-) TimerEvent: {}
[630.293247] (micro_ros_agent) StdoutLine: {'line': b'Built target micro_ros_agent\n'}
[630.332463] (micro_ros_agent) CommandEnded: {'returncode': 0}
[630.334822] (micro_ros_agent) JobProgress: {'identifier': 'micro_ros_agent', 'progress': 'install'}
[630.341412] (micro_ros_agent) Command: {'cmd': ['/usr/bin/cmake', '--install', '/home/ubuntu/uav_landing_sim_wg/build/micro_ros_agent'], 'cwd': '/home/ubuntu/uav_landing_sim_wg/build/micro_ros_agent', 'env': OrderedDict([('LESSOPEN', '| /usr/bin/lesspipe %s'), ('USER', 'ubuntu'), ('SSH_CLIENT', '192.168.0.114 48056 22'), ('XDG_SESSION_TYPE', 'tty'), ('SHLVL', '2'), ('LD_LIBRARY_PATH', '/home/ubuntu/uav_landing_sim_wg/install/micro_ros_msgs/lib:/home/ubuntu/uav_landing_sim_wg/install/microxrcedds_agent/lib:/home/ubuntu/uav_landing_sim_wg/install/micro_ros_agent/lib:/opt/ros/humble/lib/aarch64-linux-gnu:/opt/ros/humble/lib'), ('MOTD_SHOWN', 'pam'), ('HOME', '/home/ubuntu'), ('OLDPWD', '/home/ubuntu'), ('SSH_TTY', '/dev/pts/0'), ('ROS_PYTHON_VERSION', '3'), ('MAKEFLAGS', '-j1'), ('DBUS_SESSION_BUS_ADDRESS', 'unix:path=/run/user/1000/bus'), ('COLCON_PREFIX_PATH', '/home/ubuntu/uav_landing_sim_wg/install'), ('ROS_DISTRO', 'humble'), ('LOGNAME', 'ubuntu'), ('_', '/usr/bin/colcon'), ('ROS_VERSION', '2'), ('XDG_SESSION_CLASS', 'user'), ('TERM', 'xterm-256color'), ('XDG_SESSION_ID', '1'), ('ROS_LOCALHOST_ONLY', '0'), ('PATH', '/home/ubuntu/.local/bin:/home/ubuntu/uav_landing_sim_wg/install/microxrcedds_agent/bin:/opt/ros/humble/bin:/usr/local/sbin:/usr/local/bin:/usr/sbin:/usr/bin:/sbin:/bin:/usr/games:/usr/local/games:/snap/bin:/home/ubuntu/.local/bin'), ('XDG_RUNTIME_DIR', '/run/user/1000'), ('LANG', 'en_US.UTF-8'), ('LS_COLORS', 'rs=0:di=01;34:ln=01;36:mh=00:pi=40;33:so=01;35:do=01;35:bd=40;33;01:cd=40;33;01:or=40;31;01:mi=00:su=37;41:sg=30;43:ca=30;41:tw=30;42:ow=34;42:st=37;44:ex=01;32:*.tar=01;31:*.tgz=01;31:*.arc=01;31:*.arj=01;31:*.taz=01;31:*.lha=01;31:*.lz4=01;31:*.lzh=01;31:*.lzma=01;31:*.tlz=01;31:*.txz=01;31:*.tzo=01;31:*.t7z=01;31:*.zip=01;31:*.z=01;31:*.dz=01;31:*.gz=01;31:*.lrz=01;31:*.lz=01;31:*.lzo=01;31:*.xz=01;31:*.zst=01;31:*.tzst=01;31:*.bz2=01;31:*.bz=01;31:*.tbz=01;31:*.tbz2=01;31:*.tz=01;31:*.deb=01;31:*.rpm=01;31:*.jar=01;31:*.war=01;31:*.ear=01;31:*.sar=01;31:*.rar=01;31:*.alz=01;31:*.ace=01;31:*.zoo=01;31:*.cpio=01;31:*.7z=01;31:*.rz=01;31:*.cab=01;31:*.wim=01;31:*.swm=01;31:*.dwm=01;31:*.esd=01;31:*.jpg=01;35:*.jpeg=01;35:*.mjpg=01;35:*.mjpeg=01;35:*.gif=01;35:*.bmp=01;35:*.pbm=01;35:*.pgm=01;35:*.ppm=01;35:*.tga=01;35:*.xbm=01;35:*.xpm=01;35:*.tif=01;35:*.tiff=01;35:*.png=01;35:*.svg=01;35:*.svgz=01;35:*.mng=01;35:*.pcx=01;35:*.mov=01;35:*.mpg=01;35:*.mpeg=01;35:*.m2v=01;35:*.mkv=01;35:*.webm=01;35:*.webp=01;35:*.ogm=01;35:*.mp4=01;35:*.m4v=01;35:*.mp4v=01;35:*.vob=01;35:*.qt=01;35:*.nuv=01;35:*.wmv=01;35:*.asf=01;35:*.rm=01;35:*.rmvb=01;35:*.flc=01;35:*.avi=01;35:*.fli=01;35:*.flv=01;35:*.gl=01;35:*.dl=01;35:*.xcf=01;35:*.xwd=01;35:*.yuv=01;35:*.cgm=01;35:*.emf=01;35:*.ogv=01;35:*.ogx=01;35:*.aac=00;36:*.au=00;36:*.flac=00;36:*.m4a=00;36:*.mid=00;36:*.midi=00;36:*.mka=00;36:*.mp3=00;36:*.mpc=00;36:*.ogg=00;36:*.ra=00;36:*.wav=00;36:*.oga=00;36:*.opus=00;36:*.spx=00;36:*.xspf=00;36:'), ('AMENT_PREFIX_PATH', '/home/ubuntu/uav_landing_sim_wg/install/uav_vision:/home/ubuntu/uav_landing_sim_wg/install/uav_autonomy:/home/ubuntu/uav_landing_sim_wg/install/uav_interfaces:/home/ubuntu/uav_landing_sim_wg/install/micro_ros_setup:/home/ubuntu/uav_landing_sim_wg/install/micro_ros_msgs:/opt/ros/humble'), ('SHELL', '/bin/bash'), ('LESSCLOSE', '/usr/bin/lesspipe %s %s'), ('PWD', '/home/ubuntu/uav_landing_sim_wg/build/micro_ros_agent'), ('LC_ALL', 'en_US.UTF-8'), ('SSH_CONNECTION', '192.168.0.114 48056 192.168.0.149 22'), ('XDG_DATA_DIRS', '/usr/local/share:/usr/share:/var/lib/snapd/desktop'), ('PYTHONPATH', '/home/ubuntu/uav_landing_sim_wg/install/micro_ros_msgs/local/lib/python3.10/dist-packages:/opt/ros/humble/lib/python3.10/site-packages:/opt/ros/humble/local/lib/python3.10/dist-packages'), ('COLCON', '1'), ('CMAKE_PREFIX_PATH', '/home/ubuntu/uav_landing_sim_wg/install/micro_ros_msgs:/home/ubuntu/uav_landing_sim_wg/install/uav_vision:/home/ubuntu/uav_landing_sim_wg/install/uav_autonomy:/home/ubuntu/uav_landing_sim_wg/install/uav_interfaces:/home/ubuntu/uav_landing_sim_wg/install/microxrcedds_agent:/home/ubuntu/uav_landing_sim_wg/install/micro_ros_setup:/home/ubuntu/uav_landing_sim_wg/install/micro_ros_agent:/opt/ros/humble')]), 'shell': False}
[630.349411] (-) TimerEvent: {}
[630.373026] (micro_ros_agent) StdoutLine: {'line': b'-- Install configuration: ""\n'}
[630.373902] (micro_ros_agent) StdoutLine: {'line': b'-- Installing: /home/ubuntu/uav_landing_sim_wg/install/micro_ros_agent/share/ament_index/resource_index/package_run_dependencies/micro_ros_agent\n'}
[630.375759] (micro_ros_agent) StdoutLine: {'line': b'-- Installing: /home/ubuntu/uav_landing_sim_wg/install/micro_ros_agent/share/ament_index/resource_index/parent_prefix_path/micro_ros_agent\n'}
[630.377665] (micro_ros_agent) StdoutLine: {'line': b'-- Installing: /home/ubuntu/uav_landing_sim_wg/install/micro_ros_agent/share/micro_ros_agent/environment/ament_prefix_path.sh\n'}
[630.378876] (micro_ros_agent) StdoutLine: {'line': b'-- Installing: /home/ubuntu/uav_landing_sim_wg/install/micro_ros_agent/share/micro_ros_agent/environment/ament_prefix_path.dsv\n'}
[630.380044] (micro_ros_agent) StdoutLine: {'line': b'-- Installing: /home/ubuntu/uav_landing_sim_wg/install/micro_ros_agent/share/micro_ros_agent/environment/path.sh\n'}
[630.381307] (micro_ros_agent) StdoutLine: {'line': b'-- Installing: /home/ubuntu/uav_landing_sim_wg/install/micro_ros_agent/share/micro_ros_agent/environment/path.dsv\n'}
[630.382425] (micro_ros_agent) StdoutLine: {'line': b'-- Installing: /home/ubuntu/uav_landing_sim_wg/install/micro_ros_agent/share/micro_ros_agent/local_setup.bash\n'}
[630.383572] (micro_ros_agent) StdoutLine: {'line': b'-- Installing: /home/ubuntu/uav_landing_sim_wg/install/micro_ros_agent/share/micro_ros_agent/local_setup.sh\n'}
[630.384803] (micro_ros_agent) StdoutLine: {'line': b'-- Installing: /home/ubuntu/uav_landing_sim_wg/install/micro_ros_agent/share/micro_ros_agent/local_setup.zsh\n'}
[630.385979] (micro_ros_agent) StdoutLine: {'line': b'-- Installing: /home/ubuntu/uav_landing_sim_wg/install/micro_ros_agent/share/micro_ros_agent/local_setup.dsv\n'}
[630.387053] (micro_ros_agent) StdoutLine: {'line': b'-- Installing: /home/ubuntu/uav_landing_sim_wg/install/micro_ros_agent/share/micro_ros_agent/package.dsv\n'}
[630.388557] (micro_ros_agent) StdoutLine: {'line': b'-- Installing: /home/ubuntu/uav_landing_sim_wg/install/micro_ros_agent/share/ament_index/resource_index/packages/micro_ros_agent\n'}
[630.390035] (micro_ros_agent) StdoutLine: {'line': b'-- Installing: /home/ubuntu/uav_landing_sim_wg/install/micro_ros_agent/share/micro_ros_agent/cmake/ament_cmake_export_dependencies-extras.cmake\n'}
[630.391278] (micro_ros_agent) StdoutLine: {'line': b'-- Installing: /home/ubuntu/uav_landing_sim_wg/install/micro_ros_agent/share/micro_ros_agent/cmake/micro_ros_agentConfig.cmake\n'}
[630.392361] (micro_ros_agent) StdoutLine: {'line': b'-- Installing: /home/ubuntu/uav_landing_sim_wg/install/micro_ros_agent/share/micro_ros_agent/cmake/micro_ros_agentConfig-version.cmake\n'}
[630.393569] (micro_ros_agent) StdoutLine: {'line': b'-- Installing: /home/ubuntu/uav_landing_sim_wg/install/micro_ros_agent/share/micro_ros_agent/package.xml\n'}
[630.394964] (micro_ros_agent) StdoutLine: {'line': b'-- Installing: /home/ubuntu/uav_landing_sim_wg/install/micro_ros_agent/lib/micro_ros_agent/micro_ros_agent\n'}
[630.405288] (micro_ros_agent) StdoutLine: {'line': b'-- Set runtime path of "/home/ubuntu/uav_landing_sim_wg/install/micro_ros_agent/lib/micro_ros_agent/micro_ros_agent" to ""\n'}
[630.405927] (micro_ros_agent) StdoutLine: {'line': b'-- Installing: /home/ubuntu/uav_landing_sim_wg/install/micro_ros_agent/share/micro_ros_agent/launch\n'}
[630.407164] (micro_ros_agent) StdoutLine: {'line': b'-- Installing: /home/ubuntu/uav_landing_sim_wg/install/micro_ros_agent/share/micro_ros_agent/launch/micro_ros_agent_launch.py\n'}
[630.413958] (micro_ros_agent) CommandEnded: {'returncode': 0}
[630.449916] (-) TimerEvent: {}
[630.492966] (micro_ros_agent) JobEnded: {'identifier': 'micro_ros_agent', 'rc': 0}
[630.495886] (-) EventReactorShutdown: {}
